date,EQ_LARGE_close,EQ_TECH_close,CMD_GOLD_close,VIX_PROXY,RATE_10Y,CREDIT_SPREAD
2001-01-01,100.33165596,100.12395522,98.76556486,10.10320828,3.0,0.63599517
2001-01-02,99.76009907,99.90920509,99.19604564,9.5906482,2.95946331,0.7228966
2001-01-03,98.88174593,96.3275661,95.56834896,14.26312447,2.95034813,0.88077753
2001-01-04,98.55283725,92.21699611,94.3040729,12.22752124,2.90320177,0.7612521
2001-01-05,96.79378537,88.88468375,97.2770464,17.86581721,2.90122413,1.0477096
2001-01-08,97.02624432,89.25649558,93.79514151,18.27805929,2.92065836,1.05112856
2001-01-09,95.9241124,91.09739985,95.59986583,18.04771856,2.96818171,0.97746362
2001-01-10,95.83794938,92.02701707,99.78452122,15.86378501,2.94825269,1.01843637
2001-01-11,94.90743899,90.60697031,102.45429725,14.20154277,2.9571072,0.91417841
2001-01-12,94.18837008,89.60338976,106.29411567,13.97538819,2.96031343,0.86183314
2001-01-15,93.54661507,88.42275061,107.36546026,12.57816489,2.95372844,0.698234
2001-01-16,95.36724416,91.45380721,107.58477859,28.35492399,2.98697546,1.53583022
2001-01-17,93.41112454,89.58940763,102.27663551,31.31831938,2.96458732,1.61101161
2001-01-18,92.11088645,87.29000526,102.80217658,29.56912278,2.9754329,1.5820755
2001-01-19,90.50844622,85.36783676,102.63180691,28.07662815,3.01548323,1.51163227
2001-01-22,90.67862122,84.77010758,102.42463797,28.42847113,3.03057576,1.43455493
2001-01-23,88.04734833,82.824332,99.46876387,32.29415168,2.98470073,1.69921008
2001-01-24,88.02087479,82.63374012,99.2920224,20.93275546,2.97574376,1.15148813
2001-01-25,87.56467261,81.45678876,100.97312498,20.7225196,2.99437008,1.11385396
2001-01-26,87.16779569,81.04446663,100.43194716,18.31461679,2.99221957,1.08246787
2001-01-29,86.41829339,80.4594542,102.12405496,16.0117314,2.97363961,0.93523364
2001-01-30,86.42661672,80.50607489,101.16535823,15.52145091,2.95693655,0.98559423
2001-01-31,87.42380596,81.21820661,101.78093971,17.67966798,2.93104103,1.04539219
2001-02-01,87.33831784,81.14734524,103.28256678,15.7748797,2.95767418,0.87568056
2001-02-02,88.05492469,81.75967292,104.14074265,15.02775582,2.93882875,0.90960605
2001-02-05,87.20165596,81.38346508,104.58022534,14.57439507,2.9560339,0.83477477
2001-02-06,87.83227314,81.44411844,104.75890069,16.07050378,2.97082717,0.96855019
2001-02-07,87.67976623,81.3322173,103.74959072,13.85599463,3.0043907,0.84799677
2001-02-08,87.66288718,81.50486202,102.58894873,12.26927647,3.0579532,0.83633242
2001-02-09,87.9313219,81.89079172,105.08897234,11.44494084,3.04345799,0.72804968
2001-02-12,87.65427788,81.97160478,104.90378065,11.40356971,3.00580749,0.67832819
2001-02-13,87.23541009,80.7871743,100.95840757,11.36311267,3.00436634,0.71280206
2001-02-14,87.98665559,81.5955645,101.25637794,11.23520926,3.05044676,0.69059525
2001-02-15,87.34322645,81.20820165,99.93629003,10.61656944,3.06634163,0.58984042
2001-02-16,88.51018069,82.97547122,99.37241586,13.33884676,3.05998071,0.77969713
2001-02-19,88.59454601,82.50762921,99.07787746,12.27075643,3.11029577,0.83866809
2001-02-20,88.24903744,81.96909635,96.35822211,12.33569468,3.11367385,0.70540745
2001-02-21,88.41754634,82.01108209,96.10598004,10.81052653,3.1116575,0.73354051
2001-02-22,88.03903004,82.39603781,96.71240164,10.81949607,3.17481066,0.67631801
2001-02-23,87.8180094,82.07296901,96.35923272,8.33750953,3.15226435,0.6277408
2001-02-26,87.3710999,81.89391863,98.49918138,9.23054197,3.14803044,0.64659742
2001-02-27,86.78865959,81.53984741,101.44643685,10.16781367,3.17814765,0.66540924
2001-02-28,86.12496744,81.47984719,99.72100627,8.99518262,3.17352277,0.54761084
2001-03-01,86.02433833,81.1477492,97.56488816,8.0,3.17326867,0.52430716
2001-03-02,85.73650171,81.0163472,97.13544809,8.0,3.17721436,0.54862848
2001-03-05,85.7109595,81.19718143,100.19473947,8.0,3.16008563,0.67831651
2001-03-06,84.90628332,80.82305251,101.13799681,8.0,3.14284503,0.66489048
2001-03-07,86.3709392,82.10446123,100.21818862,15.94465623,3.18636332,0.86743671
2001-03-08,85.59279779,81.95236797,101.71821045,13.64850207,3.19177632,0.84161771
2001-03-09,85.37407291,81.26588289,99.47808183,13.69999058,3.13673857,0.76446173
2001-03-12,84.85382481,80.9275969,100.02465823,12.69743511,3.14054911,0.77618665
2001-03-13,85.43966389,81.58541701,97.09202969,13.16227095,3.11232023,0.89254656
2001-03-14,84.69699774,82.03640818,96.37553518,12.66372853,3.08636867,0.84139492
2001-03-15,85.416763,82.08534914,98.5537856,13.31582055,3.13331277,0.84072798
2001-03-16,85.06735943,81.50286107,98.02972291,12.65441126,3.1565878,0.7032904
2001-03-19,85.09528555,81.26910451,96.48942801,10.25945756,3.16541113,0.6423438
2001-03-20,84.97071323,80.87982066,97.52405867,9.72498685,3.16420404,0.60696634
2001-03-21,85.02945181,81.30502092,96.02693945,9.05138621,3.12776794,0.74137956
2001-03-22,85.01829679,81.72563401,93.54033078,8.64401131,3.11623785,0.6082051
2001-03-23,84.61200919,81.6059525,92.11582491,8.018765,3.12847062,0.64726583
2001-03-26,85.75500036,82.43957091,92.89616402,11.41324683,3.14389994,0.75619058
2001-03-27,84.79255001,81.28803267,90.61374189,14.26770318,3.08400189,0.85884507
2001-03-28,85.78647853,80.89260343,92.01890102,14.93124527,3.06722288,0.86505111
2001-03-29,85.12131525,80.95242022,93.1427351,14.64724879,3.05248836,0.95766164
2001-03-30,85.08665427,80.89102125,91.34913289,13.53437285,3.06523298,0.82750442
2001-04-02,84.58472004,80.47689214,90.26285635,12.57910864,3.03613733,0.81313804
2001-04-03,84.78148622,80.56136267,89.1911418,12.47745958,3.03040619,0.79040816
2001-04-04,83.90792103,79.90539255,86.94804169,12.02601425,2.97615015,0.72697264
2001-04-05,83.82251523,79.67539709,86.37857714,10.23822534,2.9404949,0.7193391
2001-04-06,84.00691112,79.87862457,86.21046833,10.68073942,2.94236206,0.660866
2001-04-09,84.21767982,80.19459254,85.28570989,10.11217545,2.95071086,0.6876851
2001-04-10,84.58516869,80.93254684,86.76882034,9.99821158,2.95238558,0.62483951
2001-04-11,84.84536058,80.57865128,85.10990741,9.1255038,2.94250336,0.53853128
2001-04-12,85.8424524,81.37396984,85.02484527,10.46110528,2.89675405,0.74883868
2001-04-13,86.50061546,81.61368631,85.16598252,11.25869537,2.87580416,0.7754621
2001-04-16,86.75651136,81.4406593,83.14061424,8.63048039,2.86590723,0.61886737
2001-04-17,86.41264258,80.84727685,80.00545711,9.02301015,2.85378151,0.54672762
2001-04-18,86.90085965,80.20583168,80.17967014,9.46075234,2.83773344,0.59013266
2001-04-19,87.10929437,80.69779565,79.33853627,8.0,2.85588541,0.60054649
2001-04-20,87.25229182,81.35035971,79.24360979,8.2688118,2.83766912,0.52369482
2001-04-23,87.87986143,81.32944934,78.20648977,8.0,2.83030309,0.73237746
2001-04-24,88.19174488,81.42337131,79.80653665,8.0,2.83579619,0.53237763
2001-04-25,87.82012985,81.35055714,80.05238249,8.0,2.85589984,0.55954643
2001-04-26,88.36692811,81.58974054,79.64631437,8.0,2.88396441,0.64787654
2001-04-27,89.26796886,82.30594635,78.60857197,8.0,2.84181511,0.63135256
2001-04-30,89.68964962,82.3778784,78.58558766,8.0,2.87034433,0.61548849
2001-05-01,89.50504761,81.86347228,80.03383612,8.12154487,2.87918768,0.63058676
2001-05-02,88.62216007,80.73920953,79.45529242,11.01585864,2.89380642,0.77046621
2001-05-03,88.50180121,80.47945327,80.94001271,9.68288647,2.91252016,0.66922063
2001-05-04,88.87497024,81.0955166,78.56122367,8.43211844,2.88768187,0.58484704
2001-05-07,87.89143921,80.35183709,77.31581668,11.08610988,2.88661801,0.71759418
2001-05-08,88.08691436,80.9904467,80.03553313,9.31657965,2.94345483,0.6591271
2001-05-09,88.16492799,80.21985797,80.72911991,11.0827002,3.00710959,0.74502202
2001-05-10,87.85326627,79.66704065,78.34622003,8.7917855,2.9298189,0.67641692
2001-05-11,87.46348473,79.92577039,78.06687794,9.46654509,2.85143068,0.68188412
2001-05-14,86.82921747,79.18435261,81.3779907,8.44557903,2.90204625,0.6551702
2001-05-15,86.72526212,79.48694984,81.73634153,8.95841716,2.87942715,0.6107869
2001-05-16,87.66415988,79.52570376,81.09803089,10.54115179,2.8659964,0.66794815
2001-05-17,88.16591207,79.84050609,80.25802302,10.04449251,2.88577983,0.64507739
2001-05-18,87.78775087,79.66617973,80.6147834,9.58220797,2.89946926,0.64792325
2001-05-21,87.06450785,79.22548998,79.54095073,10.76729464,2.86344396,0.64027581
2001-05-22,87.32080633,79.47667986,80.47685653,9.38178877,2.88158939,0.61389385
2001-05-23,86.43762964,78.69878538,79.96954415,9.89809889,2.8898147,0.69243286
2001-05-24,85.32152527,77.70072481,79.67553473,13.25641143,2.82857844,0.79651133
2001-05-25,85.31849143,78.12865147,82.866342,12.31596572,2.80762445,0.72261516
2001-05-28,84.99792817,77.86431706,81.44356552,9.68800299,2.82098517,0.596146
2001-05-29,85.12682376,77.89262287,79.02150506,10.50235074,2.84840385,0.65029854
2001-05-30,85.57870791,78.02206822,77.4061716,8.4221315,2.82346976,0.55664777
2001-05-31,86.22674961,78.30088665,77.37912632,11.01608008,2.83156112,0.79995905
2001-06-01,87.0536008,78.75824417,75.1002997,13.00612959,2.82810145,0.88278801
2001-06-04,87.6241734,78.77531146,76.69767889,12.30656923,2.79311011,0.86844523
2001-06-05,87.03967368,78.30027083,77.30099225,12.13106933,2.80804394,0.75389535
2001-06-06,86.97779165,77.8333483,77.35871258,11.38503487,2.79900699,0.68855148
2001-06-07,87.12169499,77.55137045,79.12917429,9.71292595,2.79600145,0.6272313
2001-06-08,87.21173079,78.19803011,77.16194867,9.79808348,2.75195399,0.60090559
2001-06-11,87.40631298,78.63393266,77.2250996,8.0,2.71248319,0.58854691
2001-06-12,87.52026514,78.75573418,78.76719053,8.0,2.71918031,0.54605315
2001-06-13,88.23427608,78.85096525,80.80535643,8.67969018,2.70554937,0.65889436
2001-06-14,88.0508138,79.03463457,82.49136888,8.0,2.74622649,0.53822858
2001-06-15,88.05897014,78.85792832,81.81916334,8.0,2.77057148,0.59327563
2001-06-18,88.20477788,79.28201953,83.55308194,8.0,2.78763623,0.44349916
2001-06-19,89.24952046,80.74098216,80.92813666,9.35150954,2.79149375,0.62836206
2001-06-20,89.54321547,81.26042837,80.84876431,8.0,2.80504255,0.57950275
2001-06-21,89.43870176,80.82076311,81.47821886,8.0,2.80119022,0.58639676
2001-06-22,89.37853034,81.16308921,81.19554538,8.0,2.80674983,0.55799587
2001-06-25,89.21848544,80.92018861,80.96286681,8.0,2.85281466,0.58494819
2001-06-26,88.80245113,80.66588557,81.37881228,8.3329331,2.91025247,0.60224891
2001-06-27,88.46990264,80.22302513,81.9089841,8.0,2.96484791,0.58862555
2001-06-28,87.30211247,79.29240604,80.72688965,10.02523629,2.9448351,0.74637507
2001-06-29,86.63369892,77.92530599,79.54531465,10.08623196,2.91118819,0.66273472
2001-07-02,86.4461393,77.71845787,80.24407297,8.99411631,2.90329877,0.67298645
2001-07-03,86.31257203,77.97325825,80.1343829,8.37767545,2.92644,0.6721283
2001-07-04,85.84164066,77.40980002,78.49400118,8.35658646,2.93740462,0.65316186
2001-07-05,85.61367046,77.63932429,77.41105238,8.0,2.94515086,0.61353563
2001-07-06,84.69577308,76.48052437,74.64183767,8.0,2.99208158,0.61197948
2001-07-09,83.95961069,76.18961787,76.11308372,8.0,2.9624296,0.65026722
2001-07-10,82.35493113,74.26128531,75.48347185,10.50045279,2.98666729,0.76624271
2001-07-11,80.60161399,72.6560186,74.23522154,14.57224139,2.98235096,0.85539669
2001-07-12,80.96892472,72.54285187,77.18361876,16.05760133,2.97219316,0.94479875
2001-07-13,79.87996127,71.75125316,76.6986449,13.12197785,2.99279288,0.89338981
2001-07-16,79.47965958,70.72124361,76.67348224,13.31249775,2.96671864,0.84807028
2001-07-17,79.83462303,71.06131749,76.56677314,15.55782076,2.969689,0.86860663
2001-07-18,79.19157125,70.2330718,75.64039726,12.0125939,2.94479166,0.77588229
2001-07-19,78.57644447,68.57600357,75.64727138,11.76125539,2.91293902,0.79568769
2001-07-20,78.87439163,68.86572955,77.01358336,14.1730386,2.94735491,0.89145638
2001-07-23,78.39185309,67.76565928,77.09095435,11.91097459,2.93552237,0.76768853
2001-07-24,77.2323043,66.09071635,76.84583852,12.93660315,2.98112291,0.80204198
2001-07-25,75.86367474,64.09258618,77.34335316,12.5172799,2.95177355,0.77616764
2001-07-26,75.33896256,63.35955094,75.34477879,13.29506359,2.93830148,0.76886986
2001-07-27,70.51806557,59.78634493,73.37719709,39.26940537,2.92725394,2.01981533
2001-07-30,70.926331,61.1130432,75.55097416,56.96663884,2.93883018,2.80906918
2001-07-31,70.7092339,60.6362272,77.57223369,50.91205919,2.88594889,2.48256851
2001-08-01,70.3005861,59.14069598,76.61219581,32.11339304,2.86838806,1.63461269
2001-08-02,69.7221794,58.70788885,76.23713317,28.77030757,2.81824692,1.4868846
2001-08-03,69.12855826,57.14766463,74.94949066,27.00768882,2.77952044,1.42614298
2001-08-06,68.89383103,56.41978191,74.59382296,23.82777037,2.7801895,1.38823136
2001-08-07,69.85347631,58.01459114,73.1002364,26.74319483,2.78098505,1.43759407
2001-08-08,69.23038019,58.16911969,73.68674093,25.45996105,2.82411871,1.3999996
2001-08-09,68.78136989,57.34592401,72.59155701,22.6281635,2.87521346,1.24864872
2001-08-10,68.49445023,56.25518199,72.89273064,19.41927977,2.88480288,1.1082233
2001-08-13,68.63302956,56.89187057,72.22529868,19.05064869,2.88151203,1.07913518
2001-08-14,68.62034731,56.79206046,72.99624727,16.31338161,2.91787081,0.87658827
2001-08-15,68.95307984,57.52885785,74.47365885,16.95622123,2.91954331,1.04528936
2001-08-16,68.27577886,55.89271841,76.13190154,14.7345301,2.94491713,0.92329064
2001-08-17,68.23361805,55.70443692,76.24755435,14.83336924,2.93092774,0.92412746
2001-08-20,68.40649202,55.39503988,76.54264126,14.14878088,2.86453974,0.89100188
2001-08-21,68.08435141,55.3107434,76.65748606,11.21432978,2.87450936,0.78587265
2001-08-22,68.24876028,54.76351811,78.19052365,12.25059012,2.84386983,0.75837644
2001-08-23,69.74577334,57.04445417,79.75759362,19.31433822,2.85435709,1.13434464
2001-08-24,69.94239493,57.81674005,80.20591053,17.75032351,2.86331297,1.15615281
2001-08-27,69.17250644,56.09365909,79.65776245,18.53991338,2.87811417,1.13968778
2001-08-28,70.47989916,56.87222075,79.27958573,20.3281297,2.88729813,1.15998231
2001-08-29,69.71169032,55.11966196,79.58091514,20.77901868,2.89984268,1.08735061
2001-08-30,69.28255591,54.97710376,80.0538805,18.3893712,2.88860121,0.93095809
2001-08-31,69.10960544,55.23541482,81.48244632,18.63095301,2.91738466,1.04329715
2001-09-03,69.7814747,56.16097166,80.48827424,17.00847541,2.92053755,1.02418082
2001-09-04,71.00504385,57.10967168,82.17979224,19.35811581,2.88667568,1.08047265
2001-09-05,69.5092462,54.38400789,82.15909559,24.0060063,2.8825436,1.32937442
2001-09-06,69.49322472,55.28764915,81.35012034,21.29279919,2.92265566,1.2163175
2001-09-07,69.60647566,56.66391894,80.56768939,18.43384646,2.93686647,1.10688342
2001-09-10,71.43106198,59.49281927,80.10129467,24.73810169,2.96078265,1.41060199
2001-09-11,71.69912412,60.07978734,80.72029615,22.0567573,2.97505594,1.24298422
2001-09-12,71.60296101,59.16303209,80.87082346,19.46363448,2.95366468,1.0882875
2001-09-13,72.96596061,61.70145935,80.69543153,22.05817424,3.01688764,1.2107922
2001-09-14,75.18947846,66.25842144,79.98200887,24.63910403,3.03617767,1.29940183
2001-09-17,75.65759316,67.19832154,81.09592144,21.86474992,3.09034128,1.35840074
2001-09-18,74.53854726,66.86061611,80.11075644,25.25547467,3.04695087,1.4158469
2001-09-19,74.10283458,66.9839784,80.65495295,25.3536448,2.99825833,1.41147721
2001-09-20,76.57619692,71.29132243,80.85039302,28.84844245,2.98956987,1.46198224
2001-09-21,75.54687868,69.38279614,80.43177739,29.73637576,3.02989532,1.50773344
2001-09-24,76.10524139,72.19797821,81.10629775,25.71830522,3.07257001,1.40029776
2001-09-25,77.33642185,76.12524261,81.51665055,25.45090478,3.10200885,1.40918558
2001-09-26,76.65395551,74.1770612,81.38821724,24.91579814,3.13032153,1.38638162
2001-09-27,77.42270742,74.98613702,81.41422161,24.01196951,3.13984512,1.38684422
2001-09-28,75.61772441,73.2120012,81.54614266,29.18959384,3.12432939,1.57502717
2001-10-01,75.42021155,72.41655362,81.66212602,26.37019048,3.13569667,1.40791549
2001-10-02,69.86301693,68.99815004,76.95710861,53.12054504,3.13442606,2.61695405
2001-10-03,72.84246502,73.6534586,80.37102004,88.66774914,3.15346668,4.26167321
2001-10-04,72.86620018,73.79217211,80.14934323,81.23211952,3.17668904,3.94860027
2001-10-05,71.92905696,74.01557687,81.32994163,72.83688845,3.15712413,3.5782137
2001-10-08,73.51382046,75.2922628,82.33684482,70.53964216,3.14098856,3.44018897
2001-10-09,72.8566511,75.85215304,83.03679506,64.43147112,3.19345941,3.24002026
2001-10-10,72.35997475,74.27566923,79.8841022,57.38914281,3.15954249,2.79059163
2001-10-11,70.27946538,70.91589728,82.46867458,58.15563691,3.16942422,2.86791478
2001-10-12,70.69484303,73.4487855,77.75677645,54.22346129,3.1409269,2.6345826
2001-10-15,71.23315095,72.57850415,78.27918765,50.76179105,3.14665395,2.50403853
2001-10-16,70.21021475,71.02369665,75.96389077,47.13487661,3.16522166,2.44267618
2001-10-17,69.44275867,70.26362519,73.44197078,42.98342865,3.13727175,2.10546632
2001-10-18,68.62352381,68.8930006,74.88780524,38.95007255,3.14384817,1.97899897
2001-10-19,69.52696682,67.99051845,74.92521351,41.7467551,3.15262956,2.10110284
2001-10-22,68.92777782,66.85563573,74.37901101,37.73435103,3.1246237,1.93907737
2001-10-23,68.43496024,65.46641425,72.64455414,33.94018273,3.17609721,1.79041344
2001-10-24,67.86194167,65.71376991,69.5395325,30.54311268,3.17467007,1.56545505
2001-10-25,68.00867632,63.33933125,70.88943868,29.55231784,3.22879676,1.5334713
2001-10-26,66.80802085,61.7335542,71.95708018,28.10009564,3.18506217,1.46183786
2001-10-29,64.37568376,60.0362407,70.42932684,39.25050154,3.13903543,1.94345823
2001-10-30,64.58199733,61.68922698,72.9138061,38.38850307,3.12622723,1.95123531
2001-10-31,64.21631617,62.15944205,70.10732438,34.27897559,3.15422147,1.74184428
2001-11-01,65.07236923,62.2903847,70.54392652,35.92021299,3.16427562,1.8199696
2001-11-02,65.97165252,63.04148942,72.42606398,36.69963522,3.17210242,1.82891965
2001-11-05,65.6477485,61.63871806,75.01820448,35.4572924,3.14757546,1.75635302
2001-11-06,66.65912036,63.97005162,73.24857645,34.26038307,3.14574465,1.7104295
2001-11-07,69.45296509,67.34880408,72.4037471,49.637293,3.1651132,2.40221486
2001-11-08,71.36129875,68.93923261,71.20418643,47.5982659,3.19292022,2.32142869
2001-11-09,71.79977379,69.54511369,73.554174,43.18740216,3.18818895,2.10033926
2001-11-12,73.23609334,70.49375649,71.94767217,40.52937561,3.17410449,1.99518338
2001-11-13,72.83933847,68.56548394,69.48577334,41.12461668,3.17663856,2.16349558
2001-11-14,71.31743181,65.7631126,70.74037269,46.65952685,3.22913705,2.26538213
2001-11-15,71.60795487,67.73150019,69.7690048,42.67914801,3.26019696,2.17691861
2001-11-16,74.13570762,71.13175009,70.33290519,46.75593525,3.26339777,2.47516699
2001-11-19,75.20497452,70.89975631,72.72515424,42.82535716,3.23321387,2.21821036
2001-11-20,73.8706727,70.04487197,68.70317849,48.16062853,3.23655763,2.42627957
2001-11-21,74.71947158,70.76307633,67.47004501,43.1287531,3.22640599,2.1549751
2001-11-22,76.21275195,73.56844777,70.94970677,40.77960425,3.2089831,2.17151869
2001-11-23,76.25095584,75.02741641,72.76489232,36.74782544,3.09098567,1.87930783
2001-11-26,77.6084408,75.99853779,77.09644493,35.30753461,3.13900744,1.82402657
2001-11-27,77.30065345,77.98969412,76.04019889,34.11496948,3.1060678,1.68051269
2001-11-28,78.54527052,78.29641352,77.25602418,32.82487781,3.1085804,1.71881686
2001-11-29,77.25057162,76.79377228,76.4303564,37.47608267,3.10403961,1.94089573
2001-11-30,79.2365938,79.30651208,79.07436928,38.13737124,3.111227,1.85806205
2001-12-03,79.14311727,79.19894556,81.68303151,35.19050942,3.07441538,1.82512997
2001-12-04,78.50579287,78.43657085,80.27312886,36.64737911,3.05735901,1.90099339
2001-12-05,78.46055566,80.72587419,80.77045912,31.53588745,3.03362705,1.66481977
2001-12-06,81.13019382,82.86597877,82.91584088,39.98718688,3.07334936,1.96503304
2001-12-07,82.90344284,83.51970291,82.57596829,38.22491047,3.04917045,1.92823606
2001-12-10,82.38389178,82.18687342,83.7391989,38.48385896,3.00504436,2.02534379
2001-12-11,81.11600874,80.71841971,81.41724833,41.64654634,2.9630302,2.13630404
2001-12-12,79.04038677,79.20695016,81.6582781,46.43107289,2.98628231,2.25204962
2001-12-13,81.35537852,82.93230903,80.3513436,50.42645092,2.99985142,2.51115976
2001-12-14,79.4361235,79.62619421,82.08740399,52.46323493,2.93247566,2.49695141
2001-12-17,79.52958567,78.69210881,85.79166994,47.20564195,2.90582491,2.38115016
2001-12-18,82.37770631,83.45247292,84.89230074,54.66355943,2.89797312,2.75194603
2001-12-19,82.56281874,80.78899463,83.74829636,49.20308229,2.86056249,2.55667697
2001-12-20,82.32654922,79.28054831,85.46253163,45.68747396,2.87329118,2.25965377
2001-12-21,79.93111614,76.36409128,86.64431573,50.8086838,2.88041236,2.51222981
2001-12-24,80.33859843,74.44198753,84.79351537,46.90897715,2.93155103,2.33224725
2001-12-25,80.06592022,74.1304003,85.63843034,42.97487833,2.90828242,2.11759227
2001-12-26,80.61991182,73.91556812,81.22384411,38.7556478,2.92110902,1.92578981
2001-12-27,79.54836435,72.8489687,78.6993334,37.48833029,2.99752379,1.94018751
2001-12-28,80.81746604,75.18107492,80.05985648,38.67078307,3.01665283,1.93779908
2001-12-31,80.47680889,73.1741922,79.40451487,34.75970153,3.02302454,1.78617649
2002-01-01,79.48719253,70.66165096,79.52907055,33.41825835,3.06362133,1.70440185
2002-01-02,77.65355117,70.71369089,76.30995107,36.1221045,3.11334046,1.82311667
2002-01-03,80.16715462,72.33769508,76.16154954,48.44387238,3.1101165,2.35525536
2002-01-04,78.31463041,72.85469612,74.17440678,47.18886599,3.13865825,2.32816598
2002-01-07,78.31849183,73.52288866,77.51874372,44.90386366,3.19766778,2.29645073
2002-01-08,78.38478905,72.59897875,80.41215524,40.40302121,3.19252667,2.11310144
2002-01-09,78.25361403,72.70591791,81.20893459,26.76868458,3.18125807,1.53105803
2002-01-10,78.43188706,72.127943,82.17903029,21.90769444,3.20853449,1.13206532
2002-01-11,78.48085656,71.48931037,83.44568208,21.90310351,3.2252169,1.15021601
2002-01-14,78.90219656,72.52683366,82.40216932,19.25185762,3.24734723,1.13508845
2002-01-15,78.36058459,71.61881445,81.85894295,17.83681864,3.25199795,1.05948156
2002-01-16,78.72522135,72.23724447,83.54599739,16.88400356,3.24412086,0.95228697
2002-01-17,79.51768082,72.96176454,83.41775492,16.50525195,3.23965618,1.00302874
2002-01-18,78.65136659,72.72970625,83.49791598,16.05065752,3.24405826,0.95220649
2002-01-21,78.67890699,72.67333801,82.09259295,15.72082533,3.19033416,0.85902699
2002-01-22,78.50602598,71.7916153,80.65672043,14.438057,3.20901671,0.90058378
2002-01-23,78.58511079,72.51777593,79.84410195,11.88316685,3.27183186,0.77389011
2002-01-24,77.79569967,71.06279813,80.31429805,13.66005553,3.25629026,0.84390033
2002-01-25,77.64638958,70.77116294,79.58260014,11.95410155,3.22177518,0.7801387
2002-01-28,77.76010756,71.33510705,79.73683298,11.44173243,3.26766701,0.6585513
2002-01-29,78.35955513,72.50673562,78.39019469,11.95356507,3.29109125,0.80871591
2002-01-30,78.95083303,72.77400155,78.42184709,11.54452542,3.30776049,0.7493448
2002-01-31,80.08478427,73.4358219,77.632886,14.62583922,3.28042504,0.95184493
2002-02-01,79.84149176,73.69639048,76.64624919,12.76235471,3.24492548,0.81491416
2002-02-04,80.81822216,74.19608186,78.09264084,11.95034091,3.27164318,0.78057838
2002-02-05,79.83640482,72.8278328,79.52704204,16.58258812,3.30482228,0.93671378
2002-02-06,80.05563786,72.48988244,78.58548735,13.17625219,3.29248049,0.75866843
2002-02-07,80.76427109,73.18624263,78.39912595,13.92916624,3.31855367,0.87140545
2002-02-08,81.22092811,74.26633907,76.70740188,12.44939857,3.34512641,0.73990068
2002-02-11,81.75905561,74.90019603,75.51718113,9.90735192,3.35204153,0.69237636
2002-02-12,82.51380023,75.55469455,74.77949261,9.74477187,3.33071762,0.65867944
2002-02-13,82.17730851,73.47654661,75.04512168,13.23866185,3.31891095,0.71603026
2002-02-14,82.08747429,73.27045476,74.4760982,10.22491194,3.28663449,0.70617493
2002-02-15,81.95821575,73.139334,74.29391247,8.33375211,3.22364608,0.64602259
2002-02-18,82.97974804,74.25506896,74.20753757,10.63312897,3.15951359,0.66326583
2002-02-19,83.52387558,75.56268725,73.91303358,14.87327483,3.16859088,0.84604575
2002-02-20,82.05373221,72.13931884,73.22318016,25.38320893,3.18866867,1.3799816
2002-02-21,81.29954494,70.08492191,67.11601835,22.73333527,3.17119378,1.22390335
2002-02-22,81.60003595,71.29527087,70.8702278,22.21703522,3.1674454,1.22224931
2002-02-25,83.26728148,74.42127289,67.9745079,27.906168,3.22186921,1.41869856
2002-02-26,82.78298858,74.87008861,68.41554225,26.44356639,3.23051557,1.3875028
2002-02-27,83.17919333,74.89353103,64.8797916,25.1063749,3.26377462,1.33582521
2002-02-28,82.0538131,72.82134584,62.6488292,26.26908738,3.30963829,1.38602783
2002-03-01,82.45583433,72.43487196,62.77203122,22.82413716,3.27715128,1.31819612
2002-03-04,82.89703513,72.68629449,61.09851726,22.52447267,3.30618673,1.20006962
2002-03-05,79.95104386,69.18260221,58.94292604,39.89917548,3.263236,1.93916829
2002-03-06,79.99326567,68.5473553,58.90909561,36.83919813,3.28158287,1.82403527
2002-03-07,80.40285233,70.3820523,61.05552207,35.03188095,3.25267602,1.75615887
2002-03-08,80.84284148,71.1095846,59.45289345,30.43399151,3.2826068,1.61663286
2002-03-11,78.66089799,69.40178536,60.86516799,38.02346401,3.25069946,2.00441714
2002-03-12,79.32519553,70.55163174,62.8881894,37.08803717,3.2306342,1.89573147
2002-03-13,77.32480703,67.3800624,63.92582379,38.40410723,3.25995018,2.00695928
2002-03-14,76.19435566,65.53662239,63.90736708,34.64980362,3.24792738,1.7444353
2002-03-15,77.25454173,66.10589586,66.35966139,39.9387088,3.23975187,2.06606977
2002-03-18,78.64933562,67.986208,68.34356632,41.70467878,3.27414561,2.09824865
2002-03-19,78.82862818,66.85251569,68.10049307,35.96090926,3.29728463,1.83956487
2002-03-20,79.6161574,67.23322026,72.1580975,34.3334137,3.28556447,1.74417543
2002-03-21,76.76894205,64.74326861,75.42168685,46.99870501,3.30558389,2.33092079
2002-03-22,76.49626023,65.70116571,76.50561779,42.89715749,3.33056219,2.20652513
2002-03-25,75.99256599,64.58355979,77.29581548,38.07083906,3.32836119,1.91830082
2002-03-26,77.6643126,65.66536392,78.73151426,43.84082428,3.34417002,2.21939947
2002-03-27,78.36218865,66.32075459,75.95790049,40.26499276,3.35886957,2.02487648
2002-03-28,79.72991491,68.30030484,74.7918671,39.96032479,3.37151871,2.00182897
2002-03-29,79.11926421,67.56610104,78.09370704,37.17454768,3.39877153,1.89784872
2002-04-01,80.38475384,69.03361324,84.00815399,37.29374356,3.4461831,1.80089335
2002-04-02,76.34525928,66.19689267,85.31386836,60.96167759,3.44647733,2.98003192
2002-04-03,75.01783993,64.80692706,88.04530476,57.57530718,3.50010648,2.83193969
2002-04-04,75.81667868,65.00681325,84.08529737,54.85124937,3.52274862,2.62949371
2002-04-05,76.95267289,64.65658746,83.5658137,52.30493652,3.51027307,2.56831187
2002-04-08,78.87687607,66.45406029,82.2254618,53.40102397,3.50855851,2.63408498
2002-04-09,78.62681939,65.20383303,82.90566949,48.18906188,3.54041325,2.33782755
2002-04-10,79.36529688,66.04357575,85.71453137,43.19729946,3.5715329,2.17037168
2002-04-11,80.38525894,66.01523131,88.0870106,40.76058694,3.63201534,2.09690887
2002-04-12,81.30321617,68.36814163,88.75511224,38.13258397,3.62755508,1.97715671
2002-04-15,82.12106776,69.25327013,89.29542205,32.25928486,3.61890148,1.68104461
2002-04-16,83.7458434,71.06750636,91.33112778,34.19895157,3.58084681,1.84617212
2002-04-17,85.14478902,73.16175188,92.98008794,29.40421126,3.55053894,1.59552162
2002-04-18,84.71974627,73.59394998,100.67971912,31.79887501,3.52925147,1.62577863
2002-04-19,83.96515395,71.91290673,98.71134012,31.37388072,3.54977591,1.64236379
2002-04-22,84.07579551,73.00526957,101.74083987,29.94149052,3.53017136,1.65244711
2002-04-23,83.80455137,71.66071537,103.03225929,26.86971018,3.55055756,1.46383622
2002-04-24,85.10719898,71.89778948,104.3419082,27.68455492,3.53422148,1.46442214
2002-04-25,84.35217941,73.02851379,100.83295617,28.20136601,3.52237268,1.53816324
2002-04-26,82.72260427,72.58638758,98.03676352,32.78937948,3.56136999,1.70937933
2002-04-29,83.51422815,72.89105809,95.38794753,31.68175623,3.58450114,1.62061097
2002-04-30,82.83814674,73.64749656,94.12110605,29.40552777,3.57855354,1.51889024
2002-05-01,80.86564389,71.01067163,92.59811616,34.0361805,3.61920557,1.73945823
2002-05-02,79.49803059,67.82544113,91.29442405,33.92798176,3.58942144,1.65596083
2002-05-03,79.38173268,67.82663733,89.64876952,29.96613575,3.5969219,1.55489786
2002-05-06,78.50189511,68.11960949,92.77738331,27.71875264,3.56164723,1.42792046
2002-05-07,78.22218122,68.43107553,92.79935441,25.79090559,3.59230199,1.36745302
2002-05-08,79.14628854,70.41636696,90.29122785,27.95592222,3.61053664,1.46307631
2002-05-09,78.8208391,68.54077633,88.72399885,25.56195105,3.6020008,1.39327109
2002-05-10,80.05746956,69.08488036,88.9416453,29.41285309,3.59203256,1.54302036
2002-05-13,78.67647786,65.23625193,85.76169594,31.19486618,3.63117405,1.61460814
2002-05-14,78.89339647,64.38948844,85.82729225,28.59721626,3.63533766,1.51565579
2002-05-15,78.38367876,62.00006565,84.2967741,25.93601723,3.61294653,1.40529179
2002-05-16,77.0216256,60.21519173,83.59620805,27.65999243,3.5674295,1.44031471
2002-05-17,74.63395042,56.02828431,84.91443225,35.21452871,3.60706901,1.7819292
2002-05-20,73.74180729,56.16027668,85.41834867,30.34972478,3.6535276,1.58571465
2002-05-21,76.12371718,59.3489489,85.79264421,48.12629644,3.68741133,2.4046661
2002-05-22,75.2242283,55.45645456,88.3778472,44.82732371,3.70998773,2.26121053
2002-05-23,75.623181,56.82495444,92.12798129,41.77962577,3.71606299,2.02290478
2002-05-24,75.01599231,55.87928512,91.9226507,38.594219,3.71076802,1.92589547
2002-05-27,72.83036538,52.30214334,95.06380134,42.37027512,3.68653461,2.10968839
2002-05-28,71.10909968,51.04505705,96.43081958,27.67445538,3.70760446,1.38818562
2002-05-29,70.36518887,50.81128829,95.08642802,24.59869336,3.7050745,1.32684675
2002-05-30,69.25549243,50.4446155,95.28373047,23.43753334,3.72407486,1.31949083
2002-05-31,68.65329356,50.47044051,94.40254846,20.49545182,3.72644144,1.09876822
2002-06-03,67.68989564,49.95321195,95.30876088,18.32869512,3.73021625,1.0158881
2002-06-04,67.6860059,50.74065952,96.29006503,19.53917475,3.75865422,1.15543348
2002-06-05,68.70229011,51.39402144,96.1657651,22.80788227,3.76451371,1.22260104
2002-06-06,68.10158513,51.27180188,96.00537855,20.89211519,3.84717435,1.14691376
2002-06-07,68.42377871,51.52177197,98.17861764,20.52648696,3.88854466,1.15040099
2002-06-10,69.32173099,51.61722723,99.59576496,19.62082502,3.88134697,1.09960417
2002-06-11,70.80312184,52.87512212,98.21349631,26.06564653,3.88603102,1.42118674
2002-06-12,71.05348941,53.0416412,97.98400728,22.84758636,3.9269896,1.26778477
2002-06-13,70.08377119,52.06016804,97.76333807,24.01158482,3.99657415,1.24146336
2002-06-14,68.71725625,51.14811693,98.24925376,23.93650978,3.95584588,1.33365211
2002-06-17,68.19095646,50.72245816,98.99024229,21.98445003,3.95444845,1.22158334
2002-06-18,66.9954143,49.16213555,99.7811339,22.36988753,3.90372091,1.30004743
2002-06-19,68.29833196,48.82189413,101.02932959,25.81804511,3.91457127,1.41432298
2002-06-20,67.21830233,48.08438717,100.72886076,25.20510661,3.90917889,1.33063444
2002-06-21,66.60531103,47.32799064,100.57691892,22.42583301,3.91692008,1.28854844
2002-06-24,64.09261607,45.90883947,99.01905402,28.96842386,3.94790379,1.51259597
2002-06-25,60.13543963,43.1991609,99.47285863,63.51693537,3.91323076,3.05843183
2002-06-26,60.68676894,43.5946741,100.00628752,44.00550879,3.89602017,2.20270946
2002-06-27,62.0170585,44.8469894,99.18554336,46.2117207,3.90452217,2.29999673
2002-06-28,61.77952473,44.89693732,100.12223085,41.35919752,3.88989088,2.06287276
2002-07-01,62.2643081,44.98652717,97.55114737,40.90643214,3.87539354,2.06715747
2002-07-02,61.04733047,45.02953854,96.97835377,36.36958456,3.83722378,1.82548772
2002-07-03,61.15129453,44.61053553,98.2379654,32.13210655,3.7798981,1.63310548
2002-07-04,59.96516552,43.32655902,99.83152722,32.10593484,3.77747602,1.75683994
2002-07-05,59.67191523,42.81535986,102.57447306,26.97470597,3.82782092,1.36762275
2002-07-08,59.05107602,42.71796334,103.49742657,27.10803827,3.8794016,1.49878225
2002-07-09,59.39059069,44.01192301,102.40205935,24.79179346,3.95701467,1.35043904
2002-07-10,59.49201399,44.24187802,102.29739453,23.34283315,3.98783475,1.21074413
2002-07-11,59.30971101,44.34831187,103.44433986,21.15521652,3.98273454,1.13923062
2002-07-12,59.91039034,44.97766691,105.59115318,20.96964102,3.93520951,1.07430847
2002-07-15,59.79147735,44.94322566,104.27641643,18.09899252,3.94698102,1.00033081
2002-07-16,59.27557367,44.75668201,103.34513006,18.32007685,3.93028776,1.10430275
2002-07-17,58.34723321,44.03097689,102.07450936,18.42214161,3.91825141,0.92008303
2002-07-18,58.52814633,44.24291274,102.99550129,16.6747622,3.87866304,1.00111886
2002-07-19,58.37235745,43.87539581,101.16063382,16.26511444,3.84378744,0.95422254
2002-07-22,57.81455603,43.84180236,101.8572626,15.21815811,3.8689491,0.84658067
2002-07-23,58.05634707,44.44795945,103.06512608,13.71412877,3.85302072,0.81020345
2002-07-24,57.54434271,43.95532536,101.61778873,13.6192917,3.84709026,0.89661022
2002-07-25,57.96485616,44.32401518,100.44198569,13.03689533,3.86105066,0.77841785
2002-07-26,58.14464749,44.78746119,102.02895926,11.26586964,3.89772688,0.73319076
2002-07-29,57.14371669,44.06771299,102.69192162,16.68443065,3.86475583,0.9259593
2002-07-30,57.90802003,44.97131868,102.20474812,18.28636123,3.92196003,1.0255347
2002-07-31,58.44033574,45.0871573,101.19349642,18.72873898,3.92039994,1.07758255
2002-08-01,59.37507134,45.61480978,100.51784911,18.89411652,3.90962978,1.10583981
2002-08-02,59.79241342,45.91265654,102.56817179,17.3380258,3.92229073,0.93688607
2002-08-05,60.46620014,46.16678678,100.95669489,16.40325444,3.86877583,0.99617029
2002-08-06,60.65681176,45.96656652,100.93474055,15.09329612,3.8545196,0.95174276
2002-08-07,59.46497169,44.92453153,99.32239669,21.33114322,3.85727445,1.15660302
2002-08-08,58.8187479,44.15961706,98.97988026,19.36621659,3.84574823,1.12496686
2002-08-09,58.82373507,44.17919898,98.89643726,18.67995222,3.82459617,1.02408415
2002-08-12,56.2478905,44.23050599,98.7077702,30.95768235,3.83890607,1.64602019
2002-08-13,55.63049365,43.83531592,97.75200344,29.7523297,3.84120681,1.57214771
2002-08-14,55.66695603,43.82778776,99.06553401,29.20583807,3.82634396,1.5316034
2002-08-15,56.18294418,43.86008394,99.13953907,28.78600368,3.80873874,1.56175803
2002-08-16,56.24670012,43.53868645,99.72104984,26.0429017,3.8032672,1.44024669
2002-08-19,56.82901736,44.08264077,100.1942138,23.65928912,3.78337688,1.29858538
2002-08-20,56.39134481,44.22653418,102.44071641,22.80221144,3.82027061,1.24275055
2002-08-21,56.45065386,44.20478423,102.64550464,19.5735719,3.84002863,1.14838438
2002-08-22,57.04717616,44.62344696,104.00049328,20.7317068,3.80780925,1.1545624
2002-08-23,57.56055089,44.42334152,104.64310643,18.69127951,3.79564031,1.18207591
2002-08-26,58.44285856,44.67914992,105.07099601,18.54652596,3.76075996,0.93593009
2002-08-27,58.97767581,44.92866676,105.23707318,17.76507642,3.77708794,1.07371335
2002-08-28,58.66040284,44.53615081,106.85037664,18.08844495,3.79289524,1.10544568
2002-08-29,57.43483594,43.82873768,107.40007641,21.03210688,3.78888511,1.17204052
2002-08-30,56.44188409,43.51973029,108.90127937,22.47771175,3.79065101,1.14668486
2002-09-02,56.42873935,43.41146544,108.43654524,20.84947061,3.80394046,1.19438058
2002-09-03,56.20330496,42.92733907,108.50911645,18.90727122,3.80909111,1.07577084
2002-09-04,56.43261792,42.83897546,108.30919811,16.97038171,3.84981814,1.01969537
2002-09-05,56.38244194,42.95561705,108.72986173,15.88488788,3.84874084,1.00662782
2002-09-06,57.19303129,43.4218253,108.47674539,17.24411461,3.87894334,0.99850964
2002-09-09,57.41858624,43.75535452,109.31868618,16.92438816,3.93601518,0.97411339
2002-09-10,56.97492726,43.34655053,107.23135328,16.13103153,3.89983166,0.98456812
2002-09-11,57.19547211,43.31842854,107.7564163,15.81087775,3.87588767,0.91165676
2002-09-12,57.24310013,43.27315491,108.85694944,12.63101661,3.83584,0.76699039
2002-09-13,57.19211564,43.13984532,106.41985398,11.35519739,3.82031072,0.74478044
2002-09-16,57.59835542,43.03560325,106.23367574,11.83921506,3.81856548,0.76762815
2002-09-17,57.59929066,43.1312333,104.90107366,11.5160348,3.83032648,0.78822994
2002-09-18,56.84428615,42.90537402,105.45677515,13.59396838,3.7805476,0.89899443
2002-09-19,56.41526365,42.70017664,106.2025301,12.54367448,3.77917318,0.79890497
2002-09-20,56.29675307,42.54556232,105.35847601,10.20642517,3.76901433,0.64874507
2002-09-23,56.3959431,42.3916538,103.91754145,10.49118692,3.80195713,0.79952071
2002-09-24,56.89246007,42.61420396,102.32776044,12.04983554,3.7717175,0.87965487
2002-09-25,56.90492351,42.58225835,102.52891769,11.59934389,3.78194623,0.79732555
2002-09-26,56.80045683,42.33715188,103.87982056,8.66745945,3.82493826,0.54251997
2002-09-27,56.80942713,42.60505269,103.61991496,9.27622753,3.84028052,0.56324606
2002-09-30,56.59369094,42.3769755,104.08664808,8.64445081,3.85160183,0.62431058
2002-10-01,56.4794224,42.25023155,102.32765957,9.32857686,3.81427618,0.57277927
2002-10-02,56.54773409,42.07581105,101.64670381,8.0,3.7844715,0.62187557
2002-10-03,56.39204622,42.14125479,100.78390809,8.0,3.73468564,0.60263166
2002-10-04,55.89122625,41.6103344,102.05595067,8.0,3.78031403,0.62140091
2002-10-07,55.91557768,41.73025055,101.23429381,8.0,3.78442738,0.59135491
2002-10-08,56.13967373,42.0187836,98.05391781,8.0,3.79731337,0.57310199
2002-10-09,55.94539386,42.01904111,100.1543153,8.0,3.81067926,0.52836099
2002-10-10,55.9817396,41.86752369,101.82951894,8.0,3.8582297,0.49571448
2002-10-11,55.85598544,41.46853532,102.72237756,8.0,3.84931968,0.66464801
2002-10-14,55.682004,41.27550816,101.42354491,8.0,3.8651392,0.62705385
2002-10-15,55.97373841,41.39731598,102.47224682,8.0,3.83562806,0.4935558
2002-10-16,55.56976335,41.08359089,103.75685296,8.0,3.87846796,0.59834627
2002-10-17,55.93197996,41.17756652,102.33907427,8.68571409,3.86745036,0.59611602
2002-10-18,56.60556948,41.79731341,103.73431723,11.01490081,3.83068051,0.75189312
2002-10-21,57.54951468,42.54412155,104.38534936,13.62243659,3.81494971,0.86216387
2002-10-22,57.09298848,42.34295507,102.22254418,14.62373374,3.74804614,0.97427792
2002-10-23,56.93623101,42.5087546,100.88671648,12.71802777,3.71662412,0.73589342
2002-10-24,56.46756572,42.31956428,99.51357175,13.79410685,3.71009993,0.81740241
2002-10-25,55.78671785,42.03948108,100.74406466,15.74649546,3.69529297,1.0029927
2002-10-28,56.36255462,42.30527581,99.40493045,15.64191481,3.69130824,0.90744246
2002-10-29,55.70355242,42.29141537,100.7052914,16.06697417,3.67963056,0.99684651
2002-10-30,55.14129601,42.07983342,100.87315326,15.74661484,3.64972921,0.99139051
2002-10-31,54.82070453,41.90235479,102.18010185,14.0060874,3.67863889,0.84327489
2002-11-01,54.52632751,41.59720915,102.95774154,12.18289026,3.63626297,0.76433095
2002-11-04,54.73146367,41.96682964,104.38983804,12.34597544,3.60979278,0.82273199
2002-11-05,55.43293336,42.30494263,101.86820428,14.42589732,3.58988772,0.81710701
2002-11-06,55.71681978,42.13245834,103.78150143,13.30681733,3.60551828,0.72542899
2002-11-07,54.83654125,41.66745294,104.34750984,16.75661086,3.60973745,0.99559524
2002-11-08,55.30373276,42.15081222,103.33081453,16.25586082,3.59098899,0.89557164
2002-11-11,55.43112525,42.42564375,102.69046479,14.27425153,3.57504361,0.85149085
2002-11-12,56.07321191,42.95118242,102.91845448,15.6415911,3.6066206,0.97898978
2002-11-13,55.576352,42.25881327,101.56174712,16.24477786,3.6486057,1.00757417
2002-11-14,56.20720252,43.00624833,100.97321309,15.8170554,3.64627269,1.02846415
2002-11-15,55.80848117,42.70376257,101.71929819,15.19042258,3.62212109,0.93429769
2002-11-18,56.49440844,43.06449994,101.54408616,17.48288536,3.63088908,1.02633562
2002-11-19,55.99996213,42.86509318,103.74257061,16.37552962,3.68137258,0.92015544
2002-11-20,55.94025763,43.305601,102.11379646,14.34161405,3.66351619,0.83278828
2002-11-21,56.10185116,42.99042636,102.79482753,14.20032952,3.67477731,0.71755444
2002-11-22,55.88192105,42.51153581,104.16544131,13.7306715,3.64374379,0.91820451
2002-11-25,55.43292008,41.71636299,104.73081001,11.43345072,3.64129959,0.7111823
2002-11-26,55.12021972,41.90148717,106.3072028,10.68139757,3.66501845,0.66994244
2002-11-27,54.45135415,41.62542619,104.3623402,12.03583202,3.67455657,0.69811843
2002-11-28,54.12621316,41.68417876,101.31767966,11.66703454,3.64938797,0.72243082
2002-11-29,53.74068122,41.41251079,102.80541869,9.31947902,3.63927186,0.62545471
2002-12-02,54.47834312,42.13352422,102.61802937,16.15317496,3.62744603,0.90019701
2002-12-03,53.9190919,41.98211455,100.74845468,15.00599954,3.64304611,0.9115159
2002-12-04,53.65166145,42.23488736,102.27370591,14.8149795,3.60915896,0.87250991
2002-12-05,54.11920554,42.65323831,102.88515856,14.56704683,3.60487579,0.86132006
2002-12-06,53.53642653,42.12870582,104.41611531,14.86731795,3.63768931,0.79221922
2002-12-09,54.27650814,42.66116003,106.27939692,17.64866707,3.67314388,0.96746996
2002-12-10,54.68913167,43.24023599,104.8168295,15.77036313,3.68357714,0.97911922
2002-12-11,54.39921227,43.03609692,105.20495093,14.28135359,3.72120326,0.83554317
2002-12-12,54.43704054,42.83653564,104.63608216,13.50931675,3.73597422,0.73612875
2002-12-13,54.68376573,43.10909821,106.0060597,11.48626241,3.75586892,0.67305836
2002-12-16,54.48047311,43.03127276,106.26820552,10.88286043,3.8110213,0.77807989
2002-12-17,54.63824228,43.01083091,104.9620504,10.84909958,3.78648297,0.74944073
2002-12-18,54.47047425,43.43751598,103.73046651,10.47509347,3.81055322,0.68963558
2002-12-19,54.89091898,43.9036148,104.6708645,11.15521735,3.75548767,0.76264817
2002-12-20,55.29750787,44.29175601,105.72425927,11.29327076,3.733239,0.69682969
2002-12-23,54.95317083,44.09852911,104.31040665,10.26128564,3.73455268,0.71006483
2002-12-24,55.09480339,44.03873048,102.52994149,8.726646,3.73661478,0.62744099
2002-12-25,55.95432849,44.81551432,103.58335608,13.94701238,3.77859327,0.82000462
2002-12-26,57.13765917,45.87828944,104.52056017,16.11611755,3.78402273,0.91775
2002-12-27,57.51362474,46.06594197,107.07776282,14.56886458,3.83489176,0.88593277
2002-12-30,56.99427954,45.78296821,107.96349795,15.50299209,3.81378931,0.8488938
2002-12-31,56.58383983,45.65126741,106.60238681,15.82299679,3.81439823,0.98554068
2003-01-01,57.50930729,46.24459125,108.89908785,18.26174368,3.79811569,1.0629045
2003-01-02,56.73158318,45.96020566,108.28210952,19.2695895,3.73341037,1.0053604
2003-01-03,56.77390567,45.79936712,110.07448319,18.91359577,3.72080697,1.00153302
2003-01-06,56.57222084,45.84881301,111.49886865,15.69806342,3.72440365,0.82569899
2003-01-07,56.29432303,45.95778178,108.37624776,16.3559363,3.70569958,0.90184502
2003-01-08,56.27646124,46.12622888,107.5303887,12.81032427,3.68375725,0.80256809
2003-01-09,57.02414693,46.72122456,106.40032219,14.13889998,3.6628176,0.76990036
2003-01-10,57.17086745,47.09231617,108.6496193,13.66818061,3.63348807,0.78269591
2003-01-13,57.3021308,47.77758594,106.81389411,12.03301185,3.61752112,0.74573624
2003-01-14,56.87303551,47.33279499,104.09822007,12.33765796,3.57154316,0.75935022
2003-01-15,57.39213035,47.66838318,105.47050877,13.4314471,3.57621896,0.81172225
2003-01-16,57.8844543,47.49961859,102.95447043,13.11457006,3.4993272,0.77706502
2003-01-17,57.96482197,47.75299392,102.38087484,10.40180429,3.44238809,0.76653813
2003-01-20,57.79904977,47.5995668,101.28428797,11.58014904,3.43249026,0.70605344
2003-01-21,57.55914759,46.95076771,98.29882962,11.69054587,3.44386392,0.78224583
2003-01-22,57.23155588,46.88160595,95.12019471,11.4306591,3.43305315,0.6739105
2003-01-23,56.74508866,46.25421746,95.40647294,10.67337872,3.38823063,0.72252878
2003-01-24,56.77789969,46.02144809,96.06427221,9.52629017,3.37946399,0.73458788
2003-01-27,56.42086647,45.42741062,96.75576775,9.44032326,3.33513535,0.67081374
2003-01-28,55.81923281,44.89471724,96.68191252,10.37557918,3.34535882,0.57862967
2003-01-29,55.81169487,44.70550299,97.51162271,8.78127619,3.39290325,0.65665734
2003-01-30,55.60519884,44.64688769,95.52243771,8.0,3.40186118,0.60752526
2003-01-31,55.68348609,44.65274189,96.95343697,8.47509314,3.37088687,0.57034373
2003-02-03,55.82051965,44.64449699,97.64610204,8.38921951,3.38682265,0.64104904
2003-02-04,55.76695069,44.8700161,96.87138233,8.0,3.42458891,0.62481503
2003-02-05,56.36130497,45.51132346,97.42743641,9.23166716,3.3922977,0.6121341
2003-02-06,56.35384825,45.44477314,97.8697048,8.0,3.41459507,0.61080637
2003-02-07,56.03693626,45.30613587,98.25233069,8.99393862,3.4016807,0.63340192
2003-02-10,55.6925937,45.35939067,96.13536845,9.46932631,3.4130267,0.67761854
2003-02-11,55.67940139,45.49347434,96.04651816,9.08575093,3.4326396,0.63763987
2003-02-12,55.81142967,45.32952487,96.70880072,8.0,3.40406441,0.49120446
2003-02-13,55.91435445,44.96346849,95.74383399,8.0,3.3631007,0.59411989
2003-02-14,56.21101681,45.47185647,96.52709914,8.0,3.43391372,0.52173263
2003-02-17,56.4986333,45.75627942,97.57289192,8.0,3.48230586,0.52157599
2003-02-18,56.06668605,45.40294554,96.49226543,9.42786279,3.52556073,0.71253993
2003-02-19,56.07783031,45.52836974,96.75662964,8.0,3.53861927,0.57871267
2003-02-20,55.59759851,45.23793872,95.70795224,8.6611877,3.54703301,0.59915473
2003-02-21,55.13279309,44.54076281,96.29614902,8.75998488,3.56484829,0.47502206
2003-02-24,55.55702812,45.0956656,94.1922691,10.77105414,3.55533136,0.68205627
2003-02-25,56.27766046,46.10076769,94.15051986,12.98664188,3.55321928,0.82170345
2003-02-26,55.86183742,45.78985453,93.51570716,12.52747142,3.56836076,0.75721034
2003-02-27,56.35010809,46.12132036,93.17136196,13.97045404,3.58454362,0.81107352
2003-02-28,55.41804377,45.59961434,91.87551857,17.77631842,3.57865085,1.03104419
2003-03-03,56.67121021,46.73251642,92.99323549,22.48620723,3.56493493,1.20316005
2003-03-04,56.67611301,46.68964982,92.25249068,20.15987901,3.61123472,1.08043288
2003-03-05,56.26573015,46.44891185,93.30928316,19.50554527,3.60249381,1.02970836
2003-03-06,56.4531346,46.28693692,91.92382856,17.55840333,3.58062071,0.9567079
2003-03-07,56.40005662,46.8090101,92.80094721,15.69398329,3.58372152,0.92825488
2003-03-10,56.88003702,46.94346763,92.59490026,13.65785765,3.56917858,0.89736302
2003-03-11,56.81230806,47.40042499,91.83585015,13.85305713,3.51622654,0.82478605
2003-03-12,56.9628856,47.55486215,89.81200185,12.82602079,3.47680687,0.74838066
2003-03-13,57.42184714,47.72837458,90.04298213,11.54323258,3.39693746,0.73409833
2003-03-14,57.12820159,47.36723683,86.93995608,12.69345347,3.34524002,0.7209485
2003-03-17,56.19371785,46.55726201,87.38812717,15.85311744,3.37695643,0.90023625
2003-03-18,56.58215622,46.36142087,84.73653047,14.49941045,3.36818028,0.84374891
2003-03-19,57.00089573,47.16522999,84.3183352,15.60088684,3.27260016,0.9381915
2003-03-20,58.20976205,48.12367106,85.41038326,17.84227498,3.25036414,1.03375767
2003-03-21,57.76726744,48.33873795,83.52705998,18.86578163,3.28782051,1.08523914
2003-03-24,57.58908564,48.79910925,83.40210529,16.29350029,3.24080677,0.92094313
2003-03-25,57.32886814,48.82697928,79.79535589,15.00532364,3.26782296,0.96641418
2003-03-26,56.73493043,48.63370804,78.71818769,16.44398422,3.23165627,0.96229224
2003-03-27,57.40288722,49.04274047,78.59492056,16.35521285,3.21391249,0.92427754
2003-03-28,57.78746939,49.57536739,78.5833281,15.37169345,3.19848842,0.92030396
2003-03-31,56.92363977,49.34192786,79.01976533,17.65674045,3.21886934,0.9842816
2003-04-01,56.63119602,48.83103455,78.4313368,16.63639918,3.19429789,0.99915705
2003-04-02,55.868284,47.91694234,77.93376612,17.90250107,3.18249924,0.99339801
2003-04-03,56.46520387,48.2174705,79.12397463,17.53330367,3.15156182,1.01335054
2003-04-04,52.42154421,47.08464982,77.11429688,49.92127507,3.17632845,2.55233027
2003-04-07,51.02896234,46.95864997,79.44844689,65.96707216,3.17989844,3.24555631
2003-04-08,49.39266922,45.81158109,80.59548845,63.00860227,3.13595782,3.09378851
2003-04-09,49.36203839,46.87508176,83.8579509,58.73927345,3.10646095,2.85161927
2003-04-10,48.83579318,46.55808962,86.99365534,52.59896465,3.08973461,2.55725394
2003-04-11,48.65165906,46.12722429,89.91195367,48.90586996,3.07812537,2.40488905
2003-04-14,47.26975335,44.01102998,87.68345702,48.27794425,3.06932722,2.43160192
2003-04-15,47.67861098,43.64491491,85.36595709,33.44354903,3.07512038,1.77292509
2003-04-16,47.41244961,43.58220068,84.10311116,31.9625091,3.07089469,1.67562401
2003-04-17,46.83609648,42.68671521,83.17069826,26.82534361,3.10090048,1.47701455
2003-04-18,47.04088555,43.19441331,81.53211251,27.36050462,3.07209016,1.40206765
2003-04-21,47.12920132,43.66442579,82.57088235,24.85810984,3.07948684,1.3925454
2003-04-22,47.58125987,43.53950755,84.17809319,24.86167552,3.11710831,1.2353748
2003-04-23,47.38984318,43.26297508,83.75663558,22.63284597,3.13598747,1.18891845
2003-04-24,47.39151431,43.32018545,86.84752374,21.14514731,3.15406912,1.14177131
2003-04-25,47.17482779,43.11319354,88.25867283,18.4115185,3.14469361,1.02213042
2003-04-28,47.69445316,43.77317446,90.00955623,19.42474431,3.11213452,1.09728415
2003-04-29,46.85063281,42.88669462,91.30326045,20.05646799,3.06034984,1.27469948
2003-04-30,47.55337956,43.93431364,92.5732873,21.75802294,3.0376634,1.18317754
2003-05-01,47.29326027,43.93687318,92.62956257,20.75734674,3.01261554,1.24520161
2003-05-02,47.1304389,43.86765187,93.08801228,19.08313082,3.05109051,1.04436861
2003-05-05,46.99701466,43.33792074,95.06972763,16.75887642,3.01559109,1.04078146
2003-05-06,46.95466866,43.13709724,98.17122597,16.48876109,3.02913311,0.93180638
2003-05-07,47.20363291,43.37494897,97.16761531,13.78372613,3.03333901,0.8870141
2003-05-08,47.27416082,43.23066934,96.0315796,12.06649942,3.08886904,0.77848006
2003-05-09,47.60086505,43.91177005,99.64896075,13.53604407,3.05780285,0.86929103
2003-05-12,47.6188456,44.11961742,98.64774909,11.82763958,3.09800199,0.75561396
2003-05-13,47.81048942,44.02229394,101.25677959,10.05510445,3.05484392,0.60276751
2003-05-14,48.11719879,44.68126878,102.31097445,11.28031326,3.07246505,0.68663262
2003-05-15,48.04180326,44.43027447,104.2817432,9.36015856,3.11460482,0.64617247
2003-05-16,48.3310797,44.64723566,105.19830356,10.9802616,3.09641101,0.7562834
2003-05-19,48.26383758,44.62527429,106.69649399,8.0,3.10548708,0.55877769
2003-05-20,48.3833417,45.16697963,107.2137341,8.0,3.1346524,0.56777488
2003-05-21,48.55572751,45.27834789,108.75200456,8.0,3.10952581,0.61882712
2003-05-22,48.41953033,45.13866944,107.22796257,8.23607421,3.07770982,0.5506093
2003-05-23,48.44160982,45.16590313,107.36413008,8.0,3.03167555,0.59068625
2003-05-26,48.1240851,45.07554943,106.93817558,8.0,3.02951308,0.58301929
2003-05-27,47.99266977,44.79117568,107.7362553,8.0,2.99726862,0.61973132
2003-05-28,47.25909594,44.4183989,107.19822975,11.94026993,3.04816601,0.67314423
2003-05-29,47.97811993,44.96175836,104.31792414,16.5877651,3.04760893,0.95239671
2003-05-30,48.47626454,45.35801082,103.3427034,15.51920847,3.08053736,0.99777511
2003-06-02,48.89315853,45.70389088,104.46894717,14.90480285,3.08121658,0.80924634
2003-06-03,48.51463996,45.43321447,104.98127124,13.9893249,3.14541006,0.83985056
2003-06-04,48.23061179,45.32229905,107.14529099,15.41102618,3.18515649,0.90204014
2003-06-05,48.70698777,45.83714471,107.9542394,13.93546471,3.17666669,0.81121521
2003-06-06,48.8998514,45.91891743,108.18424361,13.80043694,3.17727559,0.80669018
2003-06-09,48.80866687,45.79291911,106.97602441,12.56615798,3.11382611,0.74207034
2003-06-10,49.49575869,46.23214672,106.74800589,14.12291088,3.12220056,0.95084594
2003-06-11,49.86075596,46.77808276,105.51918896,12.52657624,3.09105235,0.79256311
2003-06-12,50.05093676,46.80540804,108.8314473,12.10201028,3.11506277,0.79560608
2003-06-13,50.30359736,47.29576286,111.18317963,10.9819736,3.13803298,0.68660794
2003-06-16,50.57972464,47.27937279,110.96956381,8.73673187,3.11347416,0.54040641
2003-06-17,50.90015476,47.62466104,112.00709695,8.6262518,3.14211562,0.65720144
2003-06-18,50.97115826,48.10500619,113.93907839,8.34780736,3.10627521,0.63791693
2003-06-19,50.87802428,48.35637648,116.32711156,8.0,3.07840827,0.53786981
2003-06-20,50.75797453,48.45580758,115.55029066,8.64865842,3.01936002,0.55540988
2003-06-23,50.55364406,48.40968404,113.33397054,9.48357716,2.99901001,0.72592099
2003-06-24,50.75006096,48.60456127,113.83098602,8.98737225,2.97631859,0.65851818
2003-06-25,50.86014737,48.81318813,111.63856831,8.0,2.99223423,0.57769838
2003-06-26,50.98073222,48.85356992,111.91669525,8.0,3.01688891,0.61803467
2003-06-27,50.73345105,48.75674331,110.35876921,8.0,3.00605756,0.6710839
2003-06-30,50.42599657,48.63643415,108.6917602,8.55295397,3.0358535,0.65212272
2003-07-01,49.94943537,48.09787825,107.03548499,9.14755138,3.07275911,0.69152976
2003-07-02,49.97240953,48.06939258,105.98314316,8.60883665,3.00506788,0.65208396
2003-07-03,50.60138881,48.51907357,106.15312431,11.60132742,2.9926449,0.74118826
2003-07-04,50.53509673,48.11409048,105.4652564,10.29490101,2.98437243,0.6514201
2003-07-07,50.91217876,48.74889752,107.06315297,11.51603376,3.03606661,0.83500304
2003-07-08,50.52152242,48.49821632,108.46185586,12.65270637,3.05752194,0.67839106
2003-07-09,50.51110541,48.73119561,107.8572973,10.67197413,3.06561904,0.67285759
2003-07-10,50.63661777,49.03270523,108.58076909,8.88180534,3.04543041,0.63857765
2003-07-11,51.09418431,49.84142279,109.25818908,9.10380331,3.05966629,0.60134449
2003-07-14,51.08977174,49.63939892,110.53043164,10.00713012,3.09818645,0.67049032
2003-07-15,51.69324326,50.5507325,110.77824505,11.32837623,3.09361556,0.73478549
2003-07-16,51.89593501,50.76086515,111.61776315,10.81635191,3.06146179,0.72221783
2003-07-17,51.59819287,50.48619532,113.28691055,10.48089495,3.09014541,0.7280313
2003-07-18,51.62602885,50.37680543,112.4204449,9.29350563,3.04252851,0.71198647
2003-07-21,51.50698147,50.23740294,111.0716063,8.68717361,3.03185166,0.71496894
2003-07-22,51.81403595,50.66655688,110.74287875,9.74889734,3.05926587,0.69268342
2003-07-23,52.07827799,50.68571474,111.16964719,9.83612515,3.03036576,0.67882504
2003-07-24,52.02898307,50.68451221,114.10018155,8.0,3.02433326,0.59999579
2003-07-25,52.10163664,50.93889907,115.89792766,8.0,2.98296711,0.55909047
2003-07-28,51.75350642,50.77127711,118.14845307,8.22469731,3.03223476,0.57286648
2003-07-29,51.7512563,51.20707581,116.4676324,8.23701289,3.02982696,0.60061158
2003-07-30,51.61561536,51.32459836,118.21600867,8.0,3.04579806,0.62139367
2003-07-31,51.65961094,51.31895807,115.78578685,8.0,3.02788306,0.63865951
2003-08-01,52.09040339,51.36533039,113.96097768,8.49606373,3.08507916,0.57932755
2003-08-04,51.29516179,50.14579543,111.72623427,13.29578078,3.12663205,0.8485719
2003-08-05,51.20995386,49.94797108,112.50945927,12.62907244,3.12896106,0.8107019
2003-08-06,50.86378059,49.66120667,111.86149001,10.53072625,3.14384482,0.79776151
2003-08-07,51.10208775,49.72352672,110.72755988,10.60945073,3.09237807,0.75593976
2003-08-08,51.12277606,49.60799541,113.47194256,11.38632149,3.09953134,0.7930923
2003-08-11,51.42315975,50.51204236,112.88481179,10.18167998,3.13734605,0.6285318
2003-08-12,51.88077233,51.02127935,115.58759069,10.27471694,3.12157824,0.63609443
2003-08-13,51.99728305,51.41299464,118.96044111,9.56780713,3.11223866,0.65661312
2003-08-14,51.79463101,51.39673233,119.85758558,8.84062605,3.10018163,0.65403054
2003-08-15,52.44755721,52.55253112,123.38114304,12.23115793,3.11330416,0.70531217
2003-08-18,51.77533186,52.38773471,124.94925226,14.05769568,3.1188981,0.87806634
2003-08-19,51.48474427,52.491662,123.79967734,14.47632562,3.0675016,0.89908748
2003-08-20,50.55115164,51.76121046,120.90812033,17.42377158,3.08857228,1.03660118
2003-08-21,50.62072154,51.42753951,122.8606799,15.53351349,3.0751111,1.00053737
2003-08-22,50.32637485,51.35291482,124.09127537,15.78146706,3.07293891,0.86496591
2003-08-25,49.42568793,50.79786226,125.12326786,15.99369359,3.05947766,0.89385868
2003-08-26,49.39419826,51.00767214,124.26605447,15.20505607,3.04055679,0.9359844
2003-08-27,49.79271928,50.95070262,124.71792125,16.67392695,3.04530121,0.95310116
2003-08-28,50.91592095,51.8267732,123.44514212,21.18252161,3.00762714,1.20233467
2003-08-29,51.52644097,52.64951423,123.56742265,19.79047027,2.96511748,1.15283665
2003-09-01,51.24408018,52.52632814,124.44471348,19.96893572,2.95814956,1.03529001
2003-09-02,51.23802142,53.12275045,126.45855808,17.23168342,2.99183352,1.09239174
2003-09-03,51.21953394,54.09873502,125.8822992,15.25001193,2.97969613,0.99434438
2003-09-04,51.62058583,54.54603111,124.13700726,14.49323589,2.97093887,0.80404025
2003-09-05,51.15480008,54.22920899,127.22272122,16.38834625,2.96412441,0.93631719
2003-09-08,51.44304811,54.56862535,128.2303369,16.12997858,2.96524282,0.99637341
2003-09-09,51.85830393,54.92324627,129.80272151,13.9702737,2.95114166,0.83406009
2003-09-10,51.82512751,54.49889104,130.54570608,12.73456493,2.99519218,0.82232004
2003-09-11,51.33172401,54.21372452,127.92824269,14.05350049,3.00370233,0.81432673
2003-09-12,51.04622789,54.64362596,125.89044899,13.57662754,3.0049493,0.90080014
2003-09-15,51.05440505,54.32556886,126.62505493,11.79098255,3.01559543,0.69188234
2003-09-16,50.49158888,53.58567533,125.94229497,12.11585148,3.03717661,0.76329499
2003-09-17,50.52279871,53.88424355,127.10194765,12.16666997,3.07118567,0.78422072
2003-09-18,50.68833752,53.87896449,125.58607513,10.65941008,3.06661458,0.63587398
2003-09-19,50.95051242,53.97904907,125.79809999,10.19964699,3.0703437,0.69693797
2003-09-22,51.13806399,53.91794098,126.75280449,9.44725921,3.07862901,0.66208261
2003-09-23,51.02027822,53.99734028,125.98343067,8.80259285,3.06065558,0.65528725
2003-09-24,51.21470345,54.39938294,127.3788252,8.57407298,3.04162999,0.53776032
2003-09-25,51.13920907,54.22684826,127.35806348,8.0,3.03676151,0.65240595
2003-09-26,51.25095004,54.37536388,129.12565216,8.0,3.04811301,0.5439806
2003-09-29,51.28080236,53.85842428,129.43748882,8.0,3.04598158,0.54657424
2003-09-30,51.13341026,53.21551645,129.71622903,8.0,2.97293741,0.55944711
2003-10-01,50.88518977,53.16607658,129.74088436,8.0,2.93689635,0.61702314
2003-10-02,50.89304985,53.06532134,130.43677252,8.0,2.94077473,0.57140024
2003-10-03,50.74281409,52.90187745,131.99412263,8.0,2.92711031,0.57302552
2003-10-06,50.02119229,51.61337999,132.06182776,9.70038707,2.92602098,0.68659068
2003-10-07,49.69372587,51.82140071,132.68471919,8.0,2.91037182,0.57333211
2003-10-08,49.30026418,51.69655123,132.73497875,9.51474586,2.94126133,0.62476396
2003-10-09,49.58081126,52.0518477,130.94446305,10.8115993,2.95392235,0.67744232
2003-10-10,49.90532927,52.94402128,130.58988166,11.62539592,2.97612497,0.73192738
2003-10-13,49.27777659,52.49663779,129.20721201,10.78773112,2.93970515,0.71900125
2003-10-14,49.53054703,52.52631909,130.02373532,11.76787613,2.97211588,0.81409882
2003-10-15,49.69187135,53.03335092,132.57287051,12.15926194,2.95147448,0.7759855
2003-10-16,49.9896301,53.45947894,132.50449526,11.48505555,3.00791435,0.79462345
2003-10-17,49.99588384,53.50036867,133.00321646,10.29444999,2.99509661,0.7268338
2003-10-20,49.26774927,53.18940828,130.23668185,14.45618615,2.9897622,0.94897814
2003-10-21,49.70167143,54.3320569,131.22367122,13.41169161,2.93376699,0.84107276
2003-10-22,50.74301815,55.22133834,131.63789314,18.37834182,2.94021095,1.03499502
2003-10-23,50.07639628,54.32700274,131.97834248,20.33782281,2.91266694,1.03674462
2003-10-24,49.42105508,53.6911072,128.76284764,19.55952936,2.89252273,1.0953225
2003-10-27,48.71492459,52.84555719,127.9534992,19.40218912,2.91618254,1.12102282
2003-10-28,48.54791718,52.20347136,128.2368365,17.91809232,2.98225204,1.06313587
2003-10-29,49.06834567,52.32293097,128.10722536,18.41381104,2.96487721,0.97658339
2003-10-30,49.2342002,52.59882792,131.54113291,17.23774651,2.92672691,0.96297869
2003-10-31,49.4257507,52.70276292,132.19869841,16.8839242,2.86088659,0.94240623
2003-11-03,49.30832797,51.89730511,133.64489331,13.60122446,2.84111978,0.8129609
2003-11-04,48.47222257,50.67483917,132.99043557,16.63750258,2.85119566,1.01231483
2003-11-05,47.86314049,49.76951608,131.88342621,16.13368641,2.80983498,0.97930076
2003-11-06,47.71368906,49.5090507,131.6011611,14.85398241,2.77946878,0.95330798
2003-11-07,48.29782193,51.01697818,131.75243076,17.82896694,2.82076862,0.95392116
2003-11-10,48.88128316,52.30050793,132.9897122,19.39420974,2.85402769,1.01768223
2003-11-11,49.60317633,53.44361448,134.56494096,19.72206652,2.88907536,1.11122418
2003-11-12,50.12427287,53.9199924,134.81397523,19.5546936,2.85732933,1.06909337
2003-11-13,49.3784914,52.73323905,134.8465484,19.04730498,2.83350265,1.0814615
2003-11-14,49.78368087,53.3495707,134.98888446,18.36642954,2.80042234,1.05164346
2003-11-17,49.83105867,53.98870692,135.07102641,19.13937815,2.78989341,1.12614524
2003-11-18,50.39567527,55.13348496,135.56374711,16.77746916,2.78090429,1.03372052
2003-11-19,50.3901615,55.75629716,135.44264916,15.49369731,2.79415544,0.89493944
2003-11-20,50.29169065,55.08886901,135.86113153,14.06728973,2.81441782,0.87586741
2003-11-21,49.2818324,53.53489761,134.87786889,19.06666829,2.83098928,1.10889955
2003-11-24,49.07196183,53.63551274,136.09398641,18.77797989,2.85537369,1.14069542
2003-11-25,49.22973427,53.02405344,138.13700838,16.46250894,2.88422622,0.98170584
2003-11-26,49.539737,53.22391318,136.50537548,15.14773141,2.87450915,0.8241203
2003-11-27,50.48335835,54.91874846,135.51887127,18.74386377,2.86542697,1.08714809
2003-11-28,51.61358146,55.63999158,136.8012036,20.77098567,2.84444687,1.14395862
2003-12-01,52.01758485,55.63271205,139.26235233,19.29963516,2.90740866,1.02422386
2003-12-02,52.67806848,56.43057024,141.0085511,17.85413668,2.90352645,1.07972732
2003-12-03,52.83574404,56.36607206,141.90240954,16.36743974,2.87746003,0.93244165
2003-12-04,52.74128836,56.40933097,142.11047416,15.56446062,2.85278894,0.92782629
2003-12-05,53.39771381,57.79193688,142.86049346,15.12475752,2.84160455,0.87805659
2003-12-08,53.88531928,59.05364622,143.17134401,13.48345276,2.84135574,0.83517625
2003-12-09,54.22092327,59.08201611,142.85635714,11.41732378,2.83794761,0.7557626
2003-12-10,54.36107685,59.40859862,143.15877844,11.56946856,2.83977473,0.76978932
2003-12-11,54.97752465,59.70260771,143.98428125,9.74647954,2.88957327,0.76459564
2003-12-12,55.35888102,59.80920938,146.60519633,9.91928027,2.86916593,0.76486745
2003-12-15,56.15013597,60.67766521,148.30890762,9.46729215,2.8723359,0.62443302
2003-12-16,56.80793404,60.63687184,146.71739663,10.65275217,2.91318456,0.75323165
2003-12-17,56.92558681,60.8911401,146.40412495,10.06183819,2.87323392,0.7459073
2003-12-18,57.30357627,61.51719375,143.78109919,8.46591461,2.84235111,0.65064786
2003-12-19,57.53127378,61.64324143,147.24048211,8.0,2.87584991,0.61365943
2003-12-22,57.58073664,62.10270929,147.62790074,9.17164541,2.84325002,0.64568974
2003-12-23,57.98954067,62.3722286,144.93588499,8.0,2.85636378,0.57204534
2003-12-24,57.779808,61.75381855,148.42500802,10.5566745,2.82989752,0.6639477
2003-12-25,59.02709303,62.82841868,148.7018336,15.09441326,2.85289737,0.87176519
2003-12-26,59.18500474,62.90718953,151.94162544,13.56119946,2.90771778,0.86586751
2003-12-29,59.29342152,63.01775571,150.54843633,11.86258964,2.88737101,0.73437108
2003-12-30,58.99904735,62.71575526,150.91187694,13.56229194,2.85934556,0.88435933
2003-12-31,59.01024757,62.14732948,149.37593439,11.8030271,2.86089685,0.71096696
2004-01-01,58.47676347,61.02635972,150.27738456,12.0226759,2.8294476,0.81554514
2004-01-02,58.4469007,61.04299732,149.68442712,11.47158241,2.79274202,0.70059403
2004-01-05,58.54111831,60.7742128,149.52716099,11.98935844,2.76871704,0.71738778
2004-01-06,58.8670043,60.74168728,150.55823504,10.36623978,2.76096487,0.66977656
2004-01-07,58.54601823,60.0628552,150.83640607,10.17252765,2.80948182,0.76922787
2004-01-08,57.60222525,58.64278956,149.48661612,15.50649041,2.83440857,0.97909212
2004-01-09,58.8362593,60.15229142,149.35566919,20.68198905,2.86787869,1.08666223
2004-01-12,58.7630069,59.68448607,151.66107485,19.00948105,2.89674519,1.15655105
2004-01-13,58.9571989,60.95135603,150.75658973,17.03144575,2.88879028,0.97868312
2004-01-14,58.61142802,59.95500785,149.83884512,14.88263131,2.85551569,0.80853301
2004-01-15,59.19403697,60.56841006,149.08064735,15.64456189,2.87674516,1.02491205
2004-01-16,58.80984838,60.58834123,147.62526358,14.02225742,2.85077214,0.84340373
2004-01-19,58.57002411,60.64512504,147.34249531,14.95606275,2.89149242,0.85769198
2004-01-20,57.90769309,60.22160244,145.430021,13.94827712,2.8821888,0.9056198
2004-01-21,57.43780959,59.80573784,146.95143099,15.47673933,2.86026978,0.98333861
2004-01-22,58.17169951,59.81910919,150.28431254,15.20967766,2.87515994,0.83693228
2004-01-23,58.33985921,60.19329888,152.09574833,13.96764571,2.88565735,0.89476847
2004-01-26,57.83105209,59.94884423,153.20525398,15.42515961,2.90217551,0.87459614
2004-01-27,57.39580181,58.8252315,153.37660388,12.30545017,2.88754188,0.71739062
2004-01-28,57.93470419,59.16232259,152.10992213,14.54837875,2.89808527,0.87094439
2004-01-29,57.60807918,59.10156826,153.97998325,13.86323922,2.85638553,0.85503285
2004-01-30,58.2301749,60.67683069,154.56773922,16.79325981,2.87053012,0.95675473
2004-02-02,58.60430307,60.46287824,152.06806021,14.03039101,2.82577719,0.80611217
2004-02-03,57.62923717,59.67302592,150.46673584,17.65327551,2.83482653,1.01669255
2004-02-04,57.45945208,59.95161298,149.58474464,15.63736472,2.84612848,0.9934894
2004-02-05,56.75279952,58.7773324,149.98352896,15.62447596,2.87883193,0.9108315
2004-02-06,57.26126809,60.06103728,149.66578707,15.8580335,2.89367249,1.00174042
2004-02-09,57.45078973,60.71942017,148.44979027,15.55155269,2.86530864,0.89835835
2004-02-10,57.08462971,60.06306577,146.69278294,13.95864395,2.85721819,0.86405198
2004-02-11,57.04769951,59.71723544,149.15714061,12.6975699,2.88243308,0.80597986
2004-02-12,57.84050696,60.9479987,152.29816822,13.88214688,2.90783795,0.80356261
2004-02-13,57.87138682,61.28097943,152.19155999,14.34386838,2.89198056,0.95348893
2004-02-16,58.09967247,62.16987623,150.65741712,12.69448737,2.90686185,0.82029156
2004-02-17,57.27682878,61.05235415,152.10568571,15.20127736,2.95101471,0.92190336
2004-02-18,57.59979127,61.03337781,150.81470274,14.72420671,2.93015522,0.89419795
2004-02-19,57.10584155,60.1283163,151.46157216,15.4678682,2.94634175,0.93641576
2004-02-20,57.08717037,60.31930773,152.79257791,10.93124503,2.96242559,0.76013543
2004-02-23,57.67745596,61.38621217,151.22683326,14.69606939,2.95973041,0.95687581
2004-02-24,57.76149398,61.6282144,154.26659008,12.31538833,2.97031072,0.79572805
2004-02-25,57.08133044,61.267591,154.3936478,13.78837279,3.01562295,0.86233812
2004-02-26,57.30888595,61.56188912,157.28135311,13.65438947,3.03020349,0.82669266
2004-02-27,57.70339913,62.6044537,157.03083331,13.50492429,3.0372207,0.7825753
2004-03-01,57.65539688,62.53883673,155.67252254,10.63196059,3.03513824,0.73146425
2004-03-02,57.57113617,63.31907249,154.22806563,11.67198616,3.02570806,0.68316913
2004-03-03,56.75898297,62.11116426,156.04874729,12.88250153,2.9906873,0.85602172
2004-03-04,56.92822192,62.03247481,155.51337354,13.81375805,2.9603398,0.85352665
2004-03-05,56.86134156,61.67686797,154.13880787,11.33515161,2.91677285,0.68399674
2004-03-08,56.12958269,60.4825661,155.48529838,15.18506704,2.91003321,0.91804762
2004-03-09,55.43242026,59.9274618,153.84368844,11.97261556,2.88191131,0.69371371
2004-03-10,54.71382782,59.74035222,156.15250274,12.97694514,2.8330056,0.7704585
2004-03-11,55.06723895,59.69995323,155.33404703,15.53653461,2.86761634,0.82542585
2004-03-12,54.4352647,58.51524482,155.21392286,13.22770264,2.86180931,0.89935256
2004-03-15,54.97497648,59.21671777,155.36989465,16.2845813,2.89125563,0.94399485
2004-03-16,54.2557376,58.78420312,157.91487699,14.12330984,2.93266448,0.79934444
2004-03-17,54.13694976,58.92655977,158.48965064,13.10718868,2.97895343,0.840065
2004-03-18,54.24564393,59.32329035,156.83066039,12.57180793,2.97799231,0.74825128
2004-03-19,54.39012295,59.26913507,153.18606401,12.66873277,2.90731927,0.7575848
2004-03-22,54.73183349,59.40650971,155.02334082,11.6308956,2.92205662,0.75496594
2004-03-23,54.87787427,59.17197053,155.04172687,12.08097522,2.92096631,0.82220246
2004-03-24,54.94934427,58.69626366,155.42995854,10.42349101,2.87638484,0.74397429
2004-03-25,54.91648958,58.1661783,153.32285041,8.0,2.80191385,0.59571433
2004-03-26,54.40132121,57.66452461,151.17571025,11.19460916,2.83511573,0.6965942
2004-03-29,54.13805143,57.70721102,151.16057575,10.84683872,2.86838864,0.69074945
2004-03-30,54.00656511,57.48673738,158.3505608,9.57324302,2.90832118,0.62891453
2004-03-31,54.75703442,58.32248365,159.27741453,13.77529922,2.95287602,0.85528835
2004-04-01,54.34658686,57.78603471,158.82105031,12.65081677,2.99023758,0.77213824
2004-04-02,53.8723029,57.40974554,154.96044739,12.53321981,3.00687805,0.73935255
2004-04-05,53.56466262,56.80448696,153.23592996,11.89154523,3.01959851,0.79007269
2004-04-06,54.01429156,57.1264447,147.62510874,13.08011773,3.05106855,0.78003657
2004-04-07,53.52045654,56.45303676,149.84791256,13.53159028,3.06861382,0.76377932
2004-04-08,53.59797329,56.74584597,148.04066766,13.45307753,3.07441906,0.89267415
2004-04-09,53.39387925,56.79095515,148.33527148,11.83422392,3.09488353,0.80869851
2004-04-12,53.45430587,57.60726794,149.36953542,9.81278296,3.0813529,0.58717629
2004-04-13,53.33273144,58.21766301,148.24497389,8.0,3.05865618,0.57439322
2004-04-14,52.62910066,57.63649631,149.28130057,9.76549043,3.11969188,0.62045099
2004-04-15,52.32413679,57.2195215,146.01360483,10.36392296,3.18849416,0.74826457
2004-04-16,51.86063198,57.0271281,150.44146366,8.72299183,3.22757626,0.60489957
2004-04-19,51.58909478,56.74938214,153.91081275,10.29517444,3.20558168,0.71186299
2004-04-20,51.40328586,56.75074277,158.72969792,8.0,3.19566116,0.51814578
2004-04-21,51.07765389,56.55059471,159.9738788,8.0,3.22700707,0.60288945
2004-04-22,51.21491014,56.83489206,158.56558005,8.57030659,3.24357281,0.74162314
2004-04-23,51.59425565,56.88089384,161.72581825,9.79452893,3.24080291,0.74105811
2004-04-26,51.8711038,56.75319571,158.4604503,10.19565971,3.29546329,0.74654455
2004-04-27,51.38727569,56.59936759,155.72128352,12.07384036,3.29938425,0.84438933
2004-04-28,51.26653345,56.49820725,152.75826062,10.92560592,3.30151404,0.70490784
2004-04-29,51.03804909,55.89708587,159.19116395,10.63851742,3.30375098,0.73309541
2004-04-30,51.1362356,55.70792594,164.34761051,9.99416261,3.28608761,0.69050455
2004-05-03,51.24476061,55.73095649,163.48263658,9.3948025,3.31658141,0.62896312
2004-05-04,51.24288518,56.12166561,161.5001321,8.0,3.26752778,0.58563215
2004-05-05,51.16364911,56.28988243,164.51438893,8.0,3.27068049,0.66434816
2004-05-06,50.75827884,55.85742794,158.72232755,8.0,3.29414169,0.63904459
2004-05-07,50.62791663,55.65084141,156.16440791,8.0,3.34399583,0.58045922
2004-05-10,50.70108324,55.36976671,154.86016666,8.0,3.36512464,0.63580562
2004-05-11,50.659314,55.28259211,153.58937396,8.0,3.33151644,0.69864404
2004-05-12,50.61257649,55.28136727,153.81000696,8.0,3.35780862,0.55517828
2004-05-13,50.64736496,55.6303973,151.81339511,8.0,3.38292912,0.57634817
2004-05-14,50.55235341,56.11853707,149.70867585,8.0,3.38745785,0.55834745
2004-05-17,50.0662646,55.49918604,150.28960851,8.06772579,3.37183164,0.67909129
2004-05-18,50.35749334,55.93642087,149.33365282,8.0,3.33610436,0.55934814
2004-05-19,50.91400559,56.19695618,148.52102784,10.08381658,3.32760803,0.66782378
2004-05-20,50.89935849,56.05345753,150.08707595,10.04951728,3.33559173,0.61159288
2004-05-21,50.89775559,56.06145516,151.3682936,9.49940479,3.42079037,0.64103436
2004-05-24,50.37690895,55.4044979,151.37797489,9.47949414,3.43802257,0.67447864
2004-05-25,50.77009224,56.05805952,148.66504308,9.75980917,3.44439644,0.63039576
2004-05-26,50.92574033,56.10225252,149.37928425,11.14327592,3.39443501,0.68896949
2004-05-27,51.08712635,56.30562318,147.46282169,9.30390221,3.35993969,0.60684455
2004-05-28,51.83260723,57.10127431,151.02672796,12.66864688,3.34314969,0.86690538
2004-05-31,52.23507934,57.85805848,153.78657812,11.99521152,3.34036876,0.84465774
2004-06-01,52.05766869,57.67616123,155.62957991,11.75252509,3.33789346,0.91838449
2004-06-02,51.57922264,56.82406269,156.65931245,12.31954738,3.37142067,0.71084245
2004-06-03,51.44380242,56.96349855,157.48117821,12.6477227,3.41898571,0.83480742
2004-06-04,51.83929079,57.65773174,155.42407045,11.53334732,3.45837586,0.66859573
2004-06-07,51.92147637,57.45885034,153.21073991,11.37125117,3.43952887,0.71667101
2004-06-08,51.92334511,57.45124137,149.27758628,8.55127674,3.42728635,0.57987181
2004-06-09,51.84643826,57.63040668,147.94598072,9.35057843,3.40346657,0.62854965
2004-06-10,51.65797894,57.5984666,149.93775689,8.56187876,3.36001567,0.52419337
2004-06-11,51.21769105,57.12363271,151.24142475,9.23947624,3.32165557,0.73220255
2004-06-14,51.39816353,57.58275223,154.36223861,9.75071457,3.33511938,0.69194374
2004-06-15,51.07172477,57.10361336,151.79914903,9.39654803,3.31182803,0.64771995
2004-06-16,50.29949842,56.03707713,153.07333499,12.10282983,3.33219552,0.76107788
2004-06-17,50.41917933,56.00182645,153.16968013,11.93833554,3.32516308,0.73705978
2004-06-18,50.9216138,56.48490979,155.8717536,12.7349061,3.31138606,0.87668551
2004-06-21,50.85250922,56.47037581,152.2925095,12.4151563,3.31431969,0.8025126
2004-06-22,51.42189632,57.22230737,157.04930526,12.5547606,3.31848354,0.7663145
2004-06-23,51.13431475,56.78967218,157.51777955,12.03015558,3.40633039,0.83706481
2004-06-24,50.5920083,56.21781598,154.10833228,13.67867053,3.38683861,0.90185318
2004-06-25,50.45749791,56.55347999,150.81138864,12.55212481,3.3973464,0.85523019
2004-06-28,50.45709379,56.38258636,148.95878812,10.56909554,3.3572263,0.68931277
2004-06-29,50.22908845,55.89345434,150.62071847,9.47996509,3.34663951,0.66806083
2004-06-30,50.3622813,55.49120952,148.56322203,8.90281723,3.3919543,0.62393688
2004-07-01,50.25726827,55.23987686,146.80191752,8.49348462,3.41113663,0.70206865
2004-07-02,49.98711727,55.11160659,146.49331303,8.0,3.46913666,0.6663532
2004-07-05,50.12756263,55.66464309,147.60682232,9.60678873,3.41901652,0.75454156
2004-07-06,50.13155809,55.80929847,143.5713354,8.0,3.39415115,0.61413663
2004-07-07,49.6994246,55.48348372,146.972482,8.23112733,3.39965191,0.62009235
2004-07-08,49.56960162,54.9144645,147.21188513,8.44976812,3.36879135,0.64695204
2004-07-09,49.57341903,54.85899482,147.21344787,8.0,3.34941916,0.51410588
2004-07-12,49.3285769,54.63903668,149.03353088,8.0,3.3094014,0.63862029
2004-07-13,49.16331552,54.76898819,150.02008236,8.0,3.33120016,0.5756745
2004-07-14,48.27993569,53.4886513,150.98386118,12.33135389,3.32026632,0.805088
2004-07-15,48.23981444,53.55732925,151.44876858,11.69692316,3.31879537,0.72733037
2004-07-16,48.44787864,53.60864118,152.68531947,10.9258049,3.28064718,0.73700244
2004-07-19,48.33220485,53.56318399,156.38418327,10.80799329,3.26933869,0.79402316
2004-07-20,47.7471439,52.2129926,159.03499534,11.55429058,3.32165515,0.77321731
2004-07-21,47.55760326,52.19472929,160.24378917,9.46105233,3.34516454,0.58537925
2004-07-22,47.56323928,52.8049518,159.18539498,10.2150629,3.34642808,0.66808648
2004-07-23,47.6689688,52.30805778,157.53907658,9.59588607,3.32134714,0.67393416
2004-07-26,47.12694344,51.41338822,157.43165741,9.82125296,3.31380344,0.69613145
2004-07-27,47.10164545,51.39906359,154.19110207,9.69153833,3.31695024,0.65539277
2004-07-28,47.05174651,51.80534672,152.99059386,9.03051363,3.37641276,0.6111378
2004-07-29,46.98056145,51.5877533,152.74833999,8.0859685,3.3834665,0.62876075
2004-07-30,46.8611202,50.60352131,152.63371405,8.0,3.37729532,0.58614482
2004-08-02,46.37909508,50.1574283,154.13973851,8.0,3.37263612,0.58115066
2004-08-03,46.36032771,50.2125494,152.22540599,8.0,3.34096453,0.61609184
2004-08-04,45.53726783,49.73713574,152.8083389,11.62949879,3.34900717,0.75476733
2004-08-05,45.18128362,49.36532562,153.75441706,9.05286448,3.31852888,0.60743969
2004-08-06,45.34303709,50.07654587,156.45901019,12.05800983,3.29716676,0.71452463
2004-08-09,45.66700653,50.39853449,155.58774612,12.80476967,3.28505292,0.8465115
2004-08-10,46.2327436,51.41712726,153.45975132,15.59680182,3.35153838,0.88841248
2004-08-11,46.48602593,51.48405314,154.11827454,14.29146941,3.40486967,0.91707591
2004-08-12,45.99407293,51.10262997,154.58209035,14.5767477,3.39940728,0.84109828
2004-08-13,45.67295143,51.20437817,153.46171229,12.44466569,3.42535742,0.81038637
2004-08-16,45.54440636,50.77498197,154.17648941,12.32316138,3.43197494,0.77987844
2004-08-17,45.38114817,50.29323196,154.53345693,10.42945919,3.45196165,0.64711955
2004-08-18,45.3568471,50.00892839,153.07506547,9.79211965,3.45084931,0.57721185
2004-08-19,45.24706693,49.75564387,152.42967965,8.9545519,3.47491994,0.65661815
2004-08-20,45.40290451,49.93987972,156.10249089,8.84872956,3.52763506,0.5920721
2004-08-23,45.42105054,50.00913626,155.26898367,8.79619225,3.52728675,0.65565896
2004-08-24,45.78235684,50.71504073,155.04804612,9.94759981,3.56741403,0.72286503
2004-08-25,45.49151108,50.37407287,152.60579639,9.81727376,3.56893497,0.73639028
2004-08-26,45.68045685,50.6473595,151.92937705,8.45680789,3.59627925,0.59611461
2004-08-27,46.01685598,50.65292287,153.57391585,9.09622556,3.56530193,0.65955502
2004-08-30,45.94108002,50.6104894,151.93709325,9.24426394,3.5848922,0.58868721
2004-08-31,46.22404507,51.00854797,150.68224899,10.09938121,3.56144567,0.71438767
2004-09-01,46.19407125,50.82220759,149.32510893,8.0,3.54086203,0.61605763
2004-09-02,46.54865323,51.23946633,149.26359207,8.0,3.54538289,0.6214219
2004-09-03,46.71497034,51.14282205,149.47233861,8.0,3.61562477,0.55075642
2004-09-06,46.47995699,51.01481697,148.6365257,8.34245602,3.62753126,0.64266324
2004-09-07,46.41907455,50.92324165,149.85620109,8.36889311,3.6649826,0.53920767
2004-09-08,46.61988022,51.51010664,150.38137882,8.0,3.68453543,0.62345602
2004-09-09,45.92418889,50.60214988,151.6150404,12.15188437,3.67734243,0.80333886
2004-09-10,46.00416912,50.34862817,152.91871033,11.15616757,3.64223999,0.79302105
2004-09-13,45.57011473,50.24051101,152.76294819,13.07943373,3.6131294,0.7803524
2004-09-14,46.16358932,50.89270663,152.72021899,14.5984331,3.55995566,0.95736584
2004-09-15,46.9434451,51.92634564,151.52769435,17.83195039,3.57390263,0.94835775
2004-09-16,46.72443343,51.46492495,152.70046635,17.04989116,3.57336296,1.0443293
2004-09-17,46.44986906,51.58512522,152.71721063,15.40442818,3.57865228,0.96323355
2004-09-20,46.72163634,51.78515683,154.67552346,14.6514875,3.59459165,0.89850323
2004-09-21,46.39586191,51.39487334,154.31506854,13.91993844,3.65603918,0.93755521
2004-09-22,46.93088405,51.78107496,154.5127928,14.5500059,3.64720521,0.91443442
2004-09-23,47.44756444,52.08238834,155.04887543,13.4860832,3.6572586,0.73290589
2004-09-24,47.65632759,52.79293447,156.91465353,12.54825057,3.67461751,0.83452479
2004-09-27,47.43069561,52.48363173,154.70126402,12.65242655,3.6987022,0.84093336
2004-09-28,47.78241101,53.10740421,154.35669665,12.88247101,3.69315388,0.82008012
2004-09-29,47.53062507,52.58876596,155.18403015,12.05635528,3.73448937,0.77357138
2004-09-30,47.60099356,53.32645054,154.92032837,10.44047449,3.71742775,0.67298181
2004-10-01,47.70099899,53.28962054,153.79864559,10.42899281,3.72044623,0.73536956
2004-10-04,47.50678098,52.99412607,152.09924895,9.40550721,3.66768999,0.66447228
2004-10-05,47.07677406,52.22636818,152.94687744,10.61750455,3.67435651,0.66537697
2004-10-06,46.87336164,52.18804399,153.37517898,9.34371542,3.67059019,0.66642713
2004-10-07,47.19057185,52.68646534,152.11634964,11.27571458,3.6603083,0.74486189
2004-10-08,46.89337798,52.24300931,153.14257615,10.05914469,3.63973429,0.61585874
2004-10-11,47.88117581,53.4533512,150.00045783,17.31644159,3.65653594,0.99394818
2004-10-12,47.4373917,52.86981994,149.54608233,16.43668145,3.68214829,0.94141966
2004-10-13,47.0346375,52.40680388,151.12193363,16.25885684,3.76056356,0.94131257
2004-10-14,47.26622749,52.51584485,147.78954543,13.11127508,3.74388023,0.83778273
2004-10-15,47.16850788,53.26767192,149.83946422,14.63722743,3.76388291,0.78008946
2004-10-18,48.13934981,54.91550719,150.27957045,20.23788802,3.7830391,1.20696087
2004-10-19,48.99114115,56.05784456,153.64157544,17.53923624,3.82520642,1.01542757
2004-10-20,49.48953841,56.45504016,155.70501937,18.80517993,3.81024971,1.0867049
2004-10-21,48.91526717,56.14094537,156.75962295,20.76805611,3.79218803,1.08706861
2004-10-22,48.09269199,54.66413519,158.58012868,22.90854691,3.79325884,1.25039044
2004-10-25,47.93994465,54.07584435,159.14935453,19.90182129,3.77648532,1.09040089
2004-10-26,47.37933444,53.60819727,160.98286075,19.18132152,3.77895031,1.13565566
2004-10-27,46.24186545,52.00370299,160.49077053,23.47034222,3.75849496,1.30986316
2004-10-28,45.3651443,50.49950042,159.51400727,21.45549601,3.76245002,1.17673605
2004-10-29,43.44048566,48.05699016,159.86268354,28.66446257,3.79701697,1.47723162
2004-11-01,42.83006665,46.80932629,163.29343374,26.32343422,3.8008885,1.43239465
2004-11-02,43.6505636,48.32799954,164.36240434,32.93087595,3.81556904,1.68603216
2004-11-03,43.12378156,48.00155568,162.26019961,29.57491212,3.84065874,1.5137042
2004-11-04,42.96106549,46.43447557,164.56869352,26.93114172,3.86650168,1.50880459
2004-11-05,43.36032356,47.75996345,167.79083416,27.08570419,3.87911067,1.46101265
2004-11-08,43.99704188,49.15297363,168.09038897,29.16413355,3.83168166,1.61000023
2004-11-09,44.19373133,50.05594412,168.65379744,25.57318447,3.79842835,1.3956749
2004-11-10,44.24994455,49.35185149,170.19013176,23.23953547,3.84322893,1.28728316
2004-11-11,43.47076809,48.913845,170.80239738,22.78586463,3.82074767,1.26086059
2004-11-12,43.50345211,49.67438536,171.29626206,21.12521219,3.81694217,1.17067633
2004-11-15,43.86767636,49.83398728,172.91416248,21.54887479,3.84944628,1.17809373
2004-11-16,44.11771432,50.97107681,172.11609142,19.55848093,3.82319714,1.18545563
2004-11-17,44.14773547,50.65343348,172.7123626,17.80420491,3.76062899,0.99788488
2004-11-18,43.52650674,49.79480152,171.48597601,18.14865362,3.73454417,1.04201529
2004-11-19,43.61128966,51.20839665,167.91408484,15.63282496,3.75962371,0.97473939
2004-11-22,43.12199971,50.60262934,170.79619421,16.25617515,3.78964756,1.04123313
2004-11-23,43.31671434,50.57449635,169.74039755,15.40595052,3.80891352,1.00786428
2004-11-24,43.41697878,51.37969432,168.72775856,15.84024105,3.87842514,0.90838711
2004-11-25,44.3887212,52.58943587,168.30405929,19.01309427,3.91614669,1.10573644
2004-11-26,44.24397444,52.84725796,170.03121363,17.92986731,3.8582964,1.04049845
2004-11-29,44.11835605,52.4908441,169.49439308,18.45575048,3.80265212,1.00474767
2004-11-30,45.27977817,54.2788844,169.29760382,21.99010054,3.79730271,1.23042585
2004-12-01,45.70945735,55.18994735,162.15222323,19.79145086,3.74119347,1.04877787
2004-12-02,45.76474648,54.72793567,163.04480497,19.28197845,3.76963717,1.03988949
2004-12-03,45.85254429,54.75426777,161.78503458,16.44052336,3.70780817,0.93585399
2004-12-06,45.75663653,54.67917683,166.19044536,15.92623507,3.70820103,1.02163893
2004-12-07,45.98280194,55.50769557,168.64556693,14.23216949,3.67626249,0.79215935
2004-12-08,47.20823053,57.37842124,169.44494796,20.06570746,3.69356523,1.19384106
2004-12-09,47.03798538,57.44449229,169.19526809,18.92741055,3.7547027,0.92398503
2004-12-10,47.39964085,58.01912073,167.29111354,17.59036134,3.7563882,1.02813769
2004-12-13,47.29052518,57.59752078,165.89317833,15.77631735,3.67927668,0.91891347
2004-12-14,47.51190162,58.41185094,163.77735143,14.69999708,3.65748946,0.90013972
2004-12-15,47.9842286,58.52177862,164.70298827,14.08528053,3.63209426,0.85811849
2004-12-16,46.94005763,57.55829713,161.64784748,21.29207453,3.6327314,1.14473945
2004-12-17,47.34397189,58.05075372,160.88711652,20.90509199,3.67754616,1.14831573
2004-12-20,46.79449345,57.78335214,162.1645608,20.42637485,3.66312139,1.12068953
2004-12-21,46.87771994,58.06471824,162.14447478,16.87028833,3.64063457,0.94881675
2004-12-22,47.22801364,58.88449022,164.42674701,18.9029903,3.59625765,1.02513282
2004-12-23,48.04602554,59.74577033,165.36104097,26.98093658,3.54633004,1.51334237
2004-12-24,49.55268804,61.80184158,168.81005627,35.80546509,3.50589852,1.82809516
2004-12-27,50.63131079,63.11878297,168.49141497,34.33356127,3.49982602,1.85343868
2004-12-28,51.677767,64.77596644,169.81500126,31.83799646,3.51761595,1.63940786
2004-12-29,52.42241178,64.88330735,169.98093509,29.15212747,3.5224819,1.52745591
2004-12-30,51.72443556,64.34529974,171.8117205,36.39695362,3.50478366,1.8400883
2004-12-31,52.21930722,65.34205883,175.07455572,31.90022397,3.5145991,1.63480401
2005-01-03,52.28980464,64.44750816,179.49796037,30.89761399,3.49234723,1.58569932
2005-01-04,53.55266153,66.56334867,185.13021409,30.61818042,3.52286633,1.60747787
2005-01-05,52.24062129,63.88689503,186.79999527,44.3738134,3.48233175,2.22084136
2005-01-06,52.25916765,64.05044941,189.30452722,38.91931087,3.43106547,1.96626414
2005-01-07,51.87895691,64.49200669,191.52555321,37.29112681,3.43359848,1.80756899
2005-01-10,50.84583515,61.8590647,192.09682337,38.9040866,3.41327954,2.08385769
2005-01-11,49.6678838,60.42090201,190.40439993,40.85024074,3.45391256,2.05703838
2005-01-12,48.62904718,59.43672598,184.84460985,38.73722776,3.43469473,1.97204658
2005-01-13,48.43493646,61.09685526,179.03483625,35.30601356,3.44460206,1.85051581
2005-01-14,48.70241644,61.71534092,176.87005868,34.40246605,3.45436188,1.7925856
2005-01-17,49.38267309,62.96841894,179.00715899,36.48507789,3.49132578,1.72879985
2005-01-18,48.27532486,61.96697871,182.90397781,38.98586451,3.53059357,1.94368399
2005-01-19,49.40579729,63.53131802,183.80151926,42.95302307,3.4900317,2.15674086
2005-01-20,48.69977312,62.94799322,177.24601783,39.38597585,3.42907449,1.9625602
2005-01-21,48.9060997,62.62737719,184.9199818,38.15163375,3.4053288,2.00647349
2005-01-24,48.39082205,62.07018767,181.46678785,35.21576482,3.42340711,1.84531869
2005-01-25,47.66793108,62.0927495,181.71713298,34.20285593,3.44875783,1.69872784
2005-01-26,47.79456096,62.28208826,184.67986528,31.72656455,3.43000392,1.66686919
2005-01-27,47.68063062,62.0505213,184.05605594,28.33744883,3.4879368,1.56653594
2005-01-28,45.78596899,59.9309982,188.15264594,42.94508077,3.48417891,2.15365086
2005-01-31,46.89204045,61.34558357,190.87962371,50.38364397,3.52621751,2.40866875
2005-02-01,45.35811566,58.97358933,185.05817766,52.45071371,3.52398843,2.61134683
2005-02-02,47.61552942,63.15348982,188.13266667,71.62482942,3.48141769,3.42553741
2005-02-03,47.5964023,62.94888024,182.77487855,64.73763188,3.46564478,3.05067988
2005-02-04,47.31650086,62.89232144,179.79245802,58.49257576,3.49324251,2.82120761
2005-02-07,47.82108389,63.86207863,188.43082701,54.82642293,3.52594304,2.68004505
2005-02-08,48.60823794,65.63427624,189.4870218,52.2644762,3.53080522,2.57102351
2005-02-09,48.71584132,65.60981845,181.2437539,47.6502739,3.59612765,2.40499391
2005-02-10,48.45135747,66.04616101,181.83249415,42.59638412,3.60584906,2.16153377
2005-02-11,48.68678935,65.94731271,178.42869291,39.37518097,3.62776009,1.93471369
2005-02-14,48.68916812,66.08720694,185.620439,34.59111952,3.64704953,1.77895717
2005-02-15,48.48498633,65.30600551,179.20724383,32.53466459,3.64058651,1.72547389
2005-02-16,48.17086584,65.10718923,175.00517388,30.05828048,3.60764529,1.54555658
2005-02-17,46.24605355,63.08229201,173.44778516,48.03091661,3.61368412,2.36096441
2005-02-18,45.83361368,64.42230831,181.35406268,41.88145107,3.61294527,2.09607589
2005-02-21,44.91559062,64.8892647,185.5797187,39.42582296,3.60265273,1.97206023
2005-02-22,43.62017791,63.21734266,186.81826066,39.47375654,3.61512423,1.93723779
2005-02-23,43.68880672,62.22590801,191.80332578,38.24425479,3.60947166,1.96221994
2005-02-24,43.5610642,63.37264767,183.78351171,36.76301295,3.64510442,1.8925327
2005-02-25,43.12359517,62.86960776,185.32740883,33.85665624,3.6752478,1.77559507
2005-02-28,42.99176717,65.19132817,196.11437109,29.61322806,3.66445594,1.54597965
2005-03-01,42.70264434,64.66380572,208.58500455,26.33259799,3.71300869,1.37474761
2005-03-02,42.43985292,64.38594474,203.25717186,24.21990981,3.71556902,1.33540498
2005-03-03,41.53514705,63.54602551,199.50271062,24.6593467,3.67250991,1.34584941
2005-03-04,39.47245386,60.80879773,195.13081584,44.45856816,3.63751395,2.21243286
2005-03-07,41.32310219,64.38880366,192.16865121,72.90494451,3.62761769,3.56467991
2005-03-08,40.07594828,62.33029534,186.12668454,68.06141596,3.64906233,3.33232039
2005-03-09,40.198036,62.99882798,193.7447517,63.51741851,3.63526233,3.00583451
2005-03-10,39.55943412,60.10342592,198.687539,58.23388583,3.67397268,2.8332709
2005-03-11,37.69239154,57.23297658,190.73979191,62.56836089,3.74416404,3.02163579
2005-03-14,37.28682552,56.12884327,194.14412512,57.73643893,3.7201256,2.89193757
2005-03-15,37.8975588,57.64085291,203.04163526,59.15396948,3.72851236,2.83332553
2005-03-16,37.77585945,57.53750107,202.94735349,55.16184797,3.70651357,2.68794043
2005-03-17,38.32643581,57.3935072,206.49986786,54.18403841,3.7498359,2.66466951
2005-03-18,39.84881103,58.64607579,205.56405215,63.35897789,3.69978532,3.17537445
2005-03-21,40.49551313,59.51337412,202.41574354,56.69273705,3.72988321,2.69883093
2005-03-22,39.83740042,58.32352877,207.35153586,56.33248224,3.72151068,2.69440289
2005-03-23,38.23420999,57.08307061,197.16380054,65.30679763,3.72923467,3.10288715
2005-03-24,39.56164614,58.57034806,198.53082545,69.38191084,3.74124923,3.25892715
2005-03-25,40.75825492,60.40330477,202.9801127,69.12060188,3.72630252,3.26014259
2005-03-28,41.64006446,60.22711959,223.59772173,63.84813193,3.70418722,3.05825387
2005-03-29,43.20945128,59.77502901,231.71694829,63.55456838,3.76402211,3.03987075
2005-03-30,42.48396628,58.35884725,236.99100581,64.13557309,3.78546199,3.10099952
2005-03-31,41.70241212,57.71659572,248.40130002,63.86628852,3.8011982,3.06392619
2005-04-01,42.29488512,58.78255396,250.71019583,57.69153036,3.85030879,2.73859972
2005-04-04,41.21004608,58.03442856,257.85027663,59.90702409,3.83314157,2.94317211
2005-04-05,41.12137579,58.72393677,276.4458817,55.03271944,3.86452004,2.72973854
2005-04-06,39.9408174,57.12155698,265.26111036,55.15582071,3.86287964,2.64990218
2005-04-07,38.27895609,54.90763156,269.71391616,59.91396579,3.81770475,2.9886812
2005-04-08,37.89880778,53.4332441,265.72772973,55.95152154,3.79993654,2.69446108
2005-04-11,37.75140392,53.39527744,261.73408622,51.53037299,3.80822231,2.55677819
2005-04-12,37.93931533,52.77933601,247.80619206,48.59206668,3.78497293,2.35149525
2005-04-13,37.18131984,52.48401762,257.02432455,46.77453348,3.75879483,2.29303499
2005-04-14,35.33694299,51.35053922,260.05931208,55.94934338,3.78299594,2.76106366
2005-04-15,36.43683643,51.48405271,274.26629054,66.21699686,3.79041187,3.20832431
2005-04-18,37.68248137,52.69787711,261.51799334,72.4027738,3.77877576,3.53429457
2005-04-19,36.66459417,52.22243736,249.04796707,68.65981316,3.73394061,3.33176062
2005-04-20,35.75255866,51.37145208,250.25927926,65.94322596,3.75548943,3.16518036
2005-04-21,34.00155925,47.96097883,247.87872287,71.15224656,3.7932781,3.50165
2005-04-22,34.46002236,49.85292465,240.23901088,71.34292921,3.80034764,3.39549742
2005-04-25,33.33107458,49.08502417,238.57492833,68.13187216,3.82297272,3.24510558
2005-04-26,33.73460988,50.86882217,248.51983912,65.65565808,3.82116131,3.20107422
2005-04-27,33.48784373,51.04730465,259.4860472,60.42537748,3.86031937,2.93171904
2005-04-28,32.97687841,51.52618592,264.6101121,54.53967099,3.89560431,2.64881529
2005-04-29,31.9853523,50.43560174,261.73057606,51.70589781,3.90820103,2.55178782
2005-05-02,32.29891942,51.06475503,260.21482591,51.79139718,3.94123453,2.48786464
2005-05-03,32.34251521,50.68724205,258.58542733,47.11487795,3.94239218,2.38243219
2005-05-04,33.27411326,49.16122234,249.08640454,55.20816465,3.99190776,2.68902844
2005-05-05,34.0033133,51.47631693,249.11803331,54.33588779,4.02913472,2.64811806
2005-05-06,36.02292121,54.62138036,241.13468881,70.48421181,4.02861631,3.42002219
2005-05-09,33.52129943,52.53749852,235.03843905,102.08037056,4.06959795,4.72925167
2005-05-10,33.57109064,53.46764949,245.5378288,91.94826139,4.08179137,4.39243874
2005-05-11,33.81993596,53.96081961,243.75614059,85.58620747,4.08000901,4.0821892
2005-05-12,34.13602554,54.38444028,241.97002437,75.3614426,4.09048341,3.63562878
2005-05-13,33.81518502,54.59364423,240.07234292,70.80968952,4.07905665,3.46497137
2005-05-16,32.21854409,51.83183568,222.60366334,77.05790852,4.10064618,3.6766693
2005-05-17,32.16472345,51.63230006,210.36520489,70.20592623,4.10166621,3.39356147
2005-05-18,32.54583625,51.65159692,213.86971694,66.62399358,4.1072316,3.2969218
2005-05-19,32.23061247,51.13021534,212.06333025,58.54628161,4.17158208,2.88107577
2005-05-20,32.27355156,51.48858353,205.80849838,54.35782471,4.10102636,2.6461411
2005-05-23,32.25451747,51.44566839,213.12186372,50.18224585,4.0925376,2.42100171
2005-05-24,32.39920805,51.4928813,212.27701385,44.3599437,4.13599286,2.20744534
2005-05-25,31.21195328,50.1174753,205.1682963,51.618622,4.11551734,2.59488743
2005-05-26,29.49789928,48.22479861,209.66998074,63.4984987,4.07997016,3.09139018
2005-05-27,29.05400594,46.65111653,225.82596973,58.87950562,4.1234557,2.90826052
2005-05-30,28.80156982,46.60838098,226.04040063,52.93219193,4.17820014,2.64740219
2005-05-31,28.68999483,46.27429111,224.73803852,34.26899239,4.16958548,1.75111658
2005-06-01,28.62009776,46.08394293,225.26345656,31.50206093,4.18106123,1.53963431
2005-06-02,29.18907152,46.63841949,227.84083332,35.43659644,4.17278046,1.75494334
2005-06-03,29.49601126,46.75699572,231.5490137,34.50582563,4.14826917,1.84023422
2005-06-06,29.97605677,46.7171676,234.08238775,31.30941559,4.16876214,1.58584481
2005-06-07,29.93388586,46.65512595,231.09874572,28.90778665,4.19183143,1.56415604
2005-06-08,30.06961456,46.99065405,239.33133888,26.18086998,4.19621939,1.43400768
2005-06-09,29.88355357,46.60000779,243.32158561,25.9806553,4.16760434,1.36355919
2005-06-10,29.79514872,45.95172686,247.07503548,22.11130641,4.17560702,1.14891888
2005-06-13,29.7656458,45.81030935,248.93093003,19.48936678,4.16077386,1.16512584
2005-06-14,29.40914905,45.37130256,247.23345599,18.34199724,4.14687261,1.04330152
2005-06-15,29.24296878,44.80527881,249.36340024,18.15784458,4.15613825,1.10203113
2005-06-16,29.58469861,45.49706533,250.15854205,17.78901294,4.16001788,1.01192429
2005-06-17,30.20482305,46.44947257,253.97789561,21.22845793,4.1208271,1.12287082
2005-06-20,30.36054224,47.14085531,251.78545004,20.39567287,4.1464892,1.13326382
2005-06-21,30.40969296,47.41196296,253.90061243,18.06006975,4.13584911,1.04004772
2005-06-22,30.0854034,47.21565416,259.73281472,18.70657635,4.12811986,1.06418205
2005-06-23,29.78233281,46.57677358,260.19268459,18.54043578,4.09607745,1.11602129
2005-06-24,30.24252281,47.60151828,258.32136927,18.96269191,4.07579681,1.09372616
2005-06-27,29.22663518,46.64223863,255.62681747,41.33919983,4.03282515,2.05564315
2005-06-28,29.84169204,48.7635138,243.38380036,44.72721523,4.03039859,2.19312448
2005-06-29,29.5021519,49.51009103,246.33420656,41.35632217,4.0077462,2.03373586
2005-06-30,29.29464419,49.85575048,241.16595472,39.09126204,3.99602207,2.04374123
2005-07-01,29.69758093,50.68804235,237.34189765,38.48055606,4.03199485,1.95309189
2005-07-04,30.24094778,52.28545893,257.73555537,38.37498008,4.01182752,2.00831758
2005-07-05,30.43658135,52.8127262,257.82355477,35.0708284,4.03966969,1.82934829
2005-07-06,30.63602799,51.47889575,272.95152598,31.28428017,4.01467077,1.67507147
2005-07-07,29.40087613,49.16232494,273.50882509,51.02491184,4.01454473,2.56306249
2005-07-08,28.94331524,50.03220081,265.59881695,48.3243883,3.96578159,2.35810703
2005-07-11,29.19611604,50.29974534,268.98010139,43.97781059,3.96944626,2.14684821
2005-07-12,29.3164877,49.47988358,267.15929193,41.69852858,3.98783553,2.06179493
2005-07-13,28.89502407,48.54147578,274.95165335,40.19845439,3.89410428,1.98724633
2005-07-14,28.30471151,47.77239474,265.27228872,37.9767317,3.86719428,1.9200915
2005-07-15,27.89105469,44.79658295,266.05906171,35.58962558,3.87899666,1.7863752
2005-07-18,27.35639894,43.91465737,277.44194892,33.80727663,3.88464911,1.72660174
2005-07-19,27.8344918,44.25890343,281.74762079,39.95339128,3.86532923,2.11138749
2005-07-20,27.99068973,43.90149967,287.60703347,38.40709008,3.8592915,1.93034585
2005-07-21,29.07783993,45.99030736,285.95748808,52.00406392,3.87554343,2.59526467
2005-07-22,28.08638352,45.34300517,296.24682516,59.24548927,3.88514187,2.82892596
2005-07-25,28.65302579,47.56280604,290.73508846,57.42540604,3.83567547,2.74947903
2005-07-26,28.74622484,48.14502904,289.40411619,51.29471206,3.8575508,2.65266063
2005-07-27,28.7533097,48.40917944,286.46178675,47.72762903,3.83454295,2.4321285
2005-07-28,28.34793375,47.47040294,287.6950814,44.92660735,3.83767927,2.26256359
2005-07-29,28.70487309,49.10468126,285.97414012,42.30361778,3.84155319,2.10246934
2005-08-01,29.06600297,49.30583568,282.83109778,39.96631155,3.83220193,1.97117472
2005-08-02,28.81039109,49.21971862,280.52832099,27.66842249,3.86828348,1.44267063
2005-08-03,28.79384457,49.3749118,281.91073793,23.17165331,3.88869912,1.37165384
2005-08-04,28.71857891,49.47086502,277.99619707,22.3089071,3.90230256,1.18810766
2005-08-05,28.87347,50.3267659,276.5886547,18.95028743,3.95425858,1.02633633
2005-08-08,28.88730427,50.1329648,274.61747265,17.09301571,3.94101734,0.9706225
2005-08-09,29.23925195,50.27689073,276.5663444,18.99170857,3.93748627,1.07129684
2005-08-10,29.27504914,50.535744,282.26126831,15.17771367,3.9656213,0.90230061
2005-08-11,29.31554595,50.44162772,284.78592469,14.61094072,3.96369253,0.86348764
2005-08-12,29.69803455,51.23438441,286.98296821,16.05824501,3.93666652,0.90731754
2005-08-15,29.33778441,50.69410219,285.77922854,15.65748399,3.95140088,0.90643853
2005-08-16,29.61284641,51.56386231,282.36551476,16.14038757,3.97153707,1.07820673
2005-08-17,29.69185425,51.87135007,281.84970826,14.88775003,3.93244761,0.93120589
2005-08-18,29.37202759,50.8708563,283.39163621,15.46053161,3.95083638,0.83913125
2005-08-19,28.99921109,50.82301997,280.58148439,17.21471647,3.93221778,1.07458422
2005-08-22,28.95180342,50.45772456,287.31392791,15.32872266,3.93204794,0.98170626
2005-08-23,29.30455937,50.75961057,287.1154828,16.23120596,3.9373229,0.99040732
2005-08-24,29.25663173,50.40166212,290.94952251,15.26770043,3.9796983,0.92984907
2005-08-25,29.37931211,50.61795244,297.71635661,13.4954094,3.98899216,0.93363995
2005-08-26,29.47319869,50.35823623,298.92033654,11.05518349,4.02206785,0.64660311
2005-08-29,29.29888164,49.89166168,296.77637079,12.53359414,4.01480762,0.78302039
2005-08-30,29.59941984,50.85223555,292.1511245,14.22604013,4.02455534,0.82265641
2005-08-31,29.79895719,51.35129917,290.79117148,12.68970484,4.00668804,0.86518386
2005-09-01,29.83471731,51.80810875,286.66149847,11.12169665,4.04663096,0.67728644
2005-09-02,29.7876443,51.33655799,282.75498351,9.10964532,4.04806645,0.67472712
2005-09-05,30.24463854,52.59421494,286.98277602,12.10766136,4.03161184,0.69805243
2005-09-06,30.05873612,52.09483381,294.18102095,13.82979337,4.06247152,0.91677295
2005-09-07,30.04227989,51.85740693,293.01562018,12.31453106,4.08666636,0.76082927
2005-09-08,30.28292192,52.80558888,296.01507449,12.6255527,4.10167704,0.74188253
2005-09-09,30.52608,53.61767408,296.48585116,10.75305756,4.11274987,0.65703414
2005-09-12,30.55214217,54.05276167,295.36283078,8.81542638,4.12320433,0.5891655
2005-09-13,30.91169754,54.03903923,292.16942427,9.47792464,4.13350335,0.63663525
2005-09-14,31.07934123,54.98590897,294.70403386,9.91587051,4.13364713,0.67449331
2005-09-15,30.98864823,54.57112346,297.51684783,10.65213808,4.12319845,0.64339069
2005-09-16,31.0780107,55.33114797,299.50061923,9.01394477,4.13518719,0.70687046
2005-09-19,31.50648641,55.72431516,298.69958004,10.87473215,4.12398524,0.73619535
2005-09-20,31.49160923,55.99584407,297.02554569,10.44595567,4.16822141,0.65696349
2005-09-21,31.23672943,55.29111047,292.90869957,12.84249652,4.17060445,0.84256539
2005-09-22,31.17746481,55.29544443,293.34059814,10.64099647,4.16952248,0.76378213
2005-09-23,31.41086734,56.54295803,295.70759725,10.249138,4.11754471,0.70640449
2005-09-26,31.55566673,56.71483998,297.08294668,9.36698564,4.10691691,0.57284672
2005-09-27,31.38418919,56.23348208,296.49101,10.55728828,4.10396448,0.69843275
2005-09-28,31.6213699,57.03319248,293.9381714,10.41065998,4.05120283,0.67441204
2005-09-29,31.64768148,57.99505643,298.76599695,8.23262734,4.03242694,0.52076655
2005-09-30,31.97311934,58.11315143,300.88791063,10.04587252,4.00971457,0.67954581
2005-10-03,32.01980277,57.42278515,297.09070753,9.52589346,4.00662607,0.60454792
2005-10-04,31.56163074,56.47486092,294.99290499,13.42287804,4.03029481,0.79245082
2005-10-05,31.32073147,56.03539969,290.98491762,13.82717893,3.97746699,0.86847786
2005-10-06,31.47282396,56.1434677,292.35517887,12.10108924,3.99088349,0.67051425
2005-10-07,31.76663007,57.60421946,284.68819111,13.37477466,4.02348879,0.85684832
2005-10-10,31.6050925,57.51904441,279.80710312,11.76239831,4.0552468,0.6989608
2005-10-11,31.4029452,58.02860242,283.77714905,12.35160601,4.05262709,0.84450512
2005-10-12,31.58421593,58.36289103,289.87242796,10.70903091,4.00615023,0.67979245
2005-10-13,31.50720981,58.18159534,292.76706642,9.59041032,4.02439023,0.58784278
2005-10-14,31.73425732,58.54925206,292.10204852,11.59283237,4.02803699,0.87213171
2005-10-17,31.54098578,58.86888813,293.55470812,10.92473974,4.0474057,0.84733826
2005-10-18,31.47933695,59.68821659,293.56639667,9.35257445,4.06883713,0.53229219
2005-10-19,31.24843323,59.20171582,297.34659186,10.78933953,4.06350395,0.73857238
2005-10-20,31.55399992,59.41643661,299.77128861,9.98925402,4.02174315,0.54528168
2005-10-21,31.59105399,59.52918812,296.30176307,11.17887795,4.00049276,0.74395629
2005-10-24,31.69064347,60.08179828,297.03049976,9.99844633,3.95671794,0.64852676
2005-10-25,32.16349346,60.62071949,298.27355495,12.13931989,3.96643347,0.76891081
2005-10-26,32.34517794,61.19474352,292.73260976,11.51125831,3.9548339,0.73382525
2005-10-27,32.42889983,60.99579294,290.58482367,11.25362527,3.89301549,0.70282554
2005-10-28,31.9212401,60.63639832,290.32566028,16.08970807,3.83115024,0.88384673
2005-10-31,31.64652195,60.69085057,294.62458645,15.25108921,3.84500674,0.91909739
2005-11-01,31.85647752,60.6654185,298.3021089,14.98955693,3.80125909,0.93078868
2005-11-02,31.68460844,60.66420967,300.96989863,14.7393206,3.74728211,0.86630778
2005-11-03,31.05280255,59.05069652,300.61204807,16.89189066,3.77663255,1.05202539
2005-11-04,30.55640107,57.38886325,305.00650644,18.06645612,3.76787476,0.99737665
2005-11-07,30.74317296,58.64416705,302.91824975,16.74768582,3.74454785,1.01665021
2005-11-08,30.50568581,59.3504526,305.6068461,17.48837599,3.74193891,1.07135581
2005-11-09,30.37284523,58.29902702,305.6436909,15.20873893,3.78156679,0.84462313
2005-11-10,30.23243359,58.67861074,307.01737821,12.83996095,3.77729809,0.82826666
2005-11-11,30.28585032,58.52957018,308.66933405,13.19687456,3.81472256,0.7830188
2005-11-14,30.37539477,58.58157714,312.13991722,11.93570343,3.83239555,0.73440205
2005-11-15,30.53170591,58.88757737,312.95758662,12.34506663,3.8277575,0.91191816
2005-11-16,30.64609898,59.71101029,311.18459202,10.53814397,3.85061385,0.73064612
2005-11-17,30.87247252,60.22858796,308.05726506,11.93265522,3.81669333,0.7618892
2005-11-18,30.59165477,59.39177516,307.15300726,12.50114546,3.77510566,0.72522691
2005-11-21,30.49217086,59.27833446,309.17989695,11.31148723,3.75339828,0.75020413
2005-11-22,30.15042097,58.25788528,314.60463251,12.39689375,3.78412088,0.76131185
2005-11-23,30.03872323,57.45999877,313.99148043,10.57182047,3.7612082,0.69287119
2005-11-24,29.75938635,56.88284506,311.76351823,10.82992324,3.75030724,0.70246634
2005-11-25,29.92053985,56.99709087,316.04300016,11.86136519,3.72139649,0.87779168
2005-11-28,29.65976346,56.58425066,306.88583478,10.54903274,3.721125,0.73521285
2005-11-29,29.70311091,56.50209049,312.03639087,10.12378229,3.70230402,0.69384338
2005-11-30,29.65633749,55.62005065,315.45763728,11.01177525,3.71953768,0.74698526
2005-12-01,29.54308118,54.81983997,318.04972794,8.25808054,3.69433488,0.54425752
2005-12-02,29.15063245,53.30275184,311.03420799,10.54344555,3.69130761,0.73447243
2005-12-05,29.15754714,53.61244834,309.61503617,9.18667373,3.71537566,0.64096988
2005-12-06,29.1759313,53.09834644,314.78036294,8.35093827,3.68581273,0.55129151
2005-12-07,29.57231203,54.53399673,311.68648002,14.56976188,3.65057126,0.923659
2005-12-08,29.22233512,54.25169857,308.30448407,15.37535377,3.61693908,0.79665622
2005-12-09,29.22878626,54.33810964,313.68487327,12.32491822,3.56156489,0.76819985
2005-12-12,29.53368799,56.08994144,319.91239346,12.53550115,3.58923082,0.75800595
2005-12-13,29.70135711,56.98533059,319.40033729,12.65036656,3.58990174,0.73254338
2005-12-14,29.86191889,58.08370352,317.93213094,14.11673362,3.61393513,0.83085591
2005-12-15,30.15052741,59.09968855,320.03921159,12.56165151,3.59786776,0.78011271
2005-12-16,30.04719308,59.11015666,325.87513112,11.9065994,3.59783441,0.79691134
2005-12-19,30.08788894,59.05154978,325.1992392,10.50931141,3.62553513,0.74651707
2005-12-20,30.1923272,59.14402341,324.00143684,9.78474171,3.63406813,0.69488431
2005-12-21,30.52601257,59.54103049,329.50612655,10.33394312,3.67287272,0.75826843
2005-12-22,30.84473897,60.65167945,332.80084341,11.1400501,3.66623438,0.61507922
2005-12-23,30.97243188,60.87476756,340.07144734,9.58672925,3.60475702,0.57704856
2005-12-26,30.74253826,60.93025332,346.71634408,12.56156046,3.56636779,0.80103882
2005-12-27,30.7950135,61.36812536,345.40007646,10.26491198,3.53593616,0.62917194
2005-12-28,30.64950227,60.99576483,339.86263289,11.86296287,3.52819544,0.75370425
2005-12-29,30.76070268,60.69859632,338.51752389,9.88996938,3.50107837,0.69965603
2005-12-30,30.72887419,60.56349907,334.82251624,8.6179692,3.46514037,0.69255485
2006-01-02,30.91377718,60.95859929,335.67544729,8.0,3.44644263,0.62008472
2006-01-03,30.78492534,60.50536263,333.70453534,8.22911555,3.40166096,0.62246676
2006-01-04,30.72811948,60.56167643,328.39912254,8.50606428,3.40001432,0.62652364
2006-01-05,31.0779915,61.6728969,334.04694361,10.89074828,3.39463417,0.67430481
2006-01-06,30.66511412,60.71944208,332.74786627,13.21252427,3.40949228,0.79556485
2006-01-09,30.47541039,60.32328912,330.47459973,12.43397713,3.44958022,0.71990456
2006-01-10,30.15666992,58.77797674,326.93171132,14.57770527,3.44332819,0.87884691
2006-01-11,30.49450979,59.61653067,332.61046785,15.06608373,3.49255557,0.91330076
2006-01-12,30.13866767,57.97000754,334.81848302,15.97824259,3.47507823,0.89085091
2006-01-13,29.73606478,56.31514381,343.96005704,15.5005211,3.45596728,0.95559646
2006-01-16,29.77843182,56.21417718,344.02381128,13.7401926,3.43838716,0.80179371
2006-01-17,29.94333402,57.71864952,349.73404483,14.0398125,3.40837387,0.93681779
2006-01-18,29.88147355,56.6393845,346.72534856,11.77291756,3.44237618,0.75531172
2006-01-19,29.73633728,58.41455945,346.06673835,11.45076528,3.38026353,0.70115405
2006-01-20,29.73398567,58.21378144,352.61245288,10.23174946,3.38947243,0.72360164
2006-01-23,29.33122462,57.22172828,358.52041665,11.8754591,3.39853556,0.83217339
2006-01-24,29.2886596,57.00110427,360.36758874,10.55980642,3.40229617,0.71056127
2006-01-25,29.57908709,58.03214696,366.67888174,12.16953117,3.39691314,0.77082515
2006-01-26,29.53455015,57.18091294,366.62807088,12.20056312,3.41420838,0.72219
2006-01-27,29.06360997,55.66928717,359.67838923,14.86382874,3.45074797,0.8423215
2006-01-30,28.41655804,53.51106609,357.61183922,17.90292938,3.43940887,0.95792544
2006-01-31,28.71342007,54.04475822,358.68588666,20.79310028,3.44206339,1.14649791
2006-02-01,28.501772,56.15731959,361.4574295,18.88229596,3.47447108,1.16591014
2006-02-02,28.58272669,56.92075485,357.4952959,16.82657439,3.41263174,0.96831182
2006-02-03,29.22445399,57.98421426,363.44291782,22.806199,3.4381215,1.17277647
2006-02-06,29.87843562,60.37607492,367.45695507,24.69751288,3.41021148,1.34968756
2006-02-07,29.66611271,59.66591681,361.21083807,24.17280506,3.39754384,1.31199705
2006-02-08,29.31010876,58.0140978,357.60317497,22.89158261,3.42509321,1.30693634
2006-02-09,29.57817251,58.43105605,357.6966355,23.31243436,3.44431807,1.30180755
2006-02-10,29.94032017,58.99635013,355.26296608,20.92379503,3.44467967,1.07994679
2006-02-13,29.90281247,59.69107499,353.77878167,20.15222121,3.43154259,1.14039482
2006-02-14,29.72558015,58.26668623,361.47692033,17.53909601,3.41125771,1.02010442
2006-02-15,30.19717231,58.46994284,361.27980054,18.70859209,3.41236274,1.02126372
2006-02-16,30.78073786,60.80918865,359.49810249,18.84570685,3.43215785,1.13602113
2006-02-17,30.84957426,61.17455261,368.62844358,18.10131038,3.46200984,1.04134975
2006-02-20,31.1888243,61.61182715,367.37279404,16.35290037,3.46901333,0.93223809
2006-02-21,31.30697839,61.97636826,370.94853285,14.7578239,3.47277107,0.87940299
2006-02-22,30.86068545,60.75145846,376.01583055,19.76560019,3.50340595,1.14951223
2006-02-23,30.99235343,59.95524756,383.84026705,16.97578615,3.48880092,1.04920789
2006-02-24,30.62418363,60.09727064,383.40908296,18.57075481,3.48502959,1.08522194
2006-02-27,29.99036129,58.9214467,381.6635757,20.57723815,3.49086132,1.15197545
2006-02-28,29.99180523,59.63344728,379.06483395,18.36278245,3.4817918,1.07833666
2006-03-01,29.56984543,58.83086317,370.94083065,20.72104252,3.50465682,1.10681097
2006-03-02,29.89223893,59.47328974,384.36236699,20.57498095,3.49662735,1.14233506
2006-03-03,30.28705658,60.09829421,389.09835731,21.01302327,3.48674541,1.14536634
2006-03-06,30.20159873,59.03995423,388.73800629,18.07328507,3.5587591,1.01465694
2006-03-07,30.30794205,59.86035345,381.71151778,17.52845414,3.5357124,1.1172089
2006-03-08,30.13482193,58.78565348,379.7258038,16.11100578,3.55902056,0.98667364
2006-03-09,30.42033935,59.21768742,387.51441192,15.90871761,3.56710464,0.94051389
2006-03-10,30.8476654,61.46175557,387.57336039,17.44413934,3.54344183,0.91296525
2006-03-13,30.96708244,62.09606039,383.8123028,16.1953315,3.5538265,1.00132981
2006-03-14,31.03387595,63.03648395,392.11239078,14.13067855,3.51809807,0.86578317
2006-03-15,31.14793394,63.6633751,394.62997226,11.62149088,3.48238004,0.71753454
2006-03-16,31.05945126,63.19266386,402.45473983,11.22447398,3.49093791,0.70072775
2006-03-17,30.92662594,62.37891527,407.56459129,11.61252309,3.42551162,0.76122895
2006-03-20,31.18092548,62.13983766,406.55798494,10.3935253,3.36753498,0.59217265
2006-03-21,31.10350805,61.99157737,408.9018408,10.27875858,3.34497109,0.62922459
2006-03-22,31.03248041,61.63587158,407.25479464,9.28521868,3.32230305,0.6697302
2006-03-23,30.92490502,61.38793137,408.46395902,9.885791,3.32737251,0.63964609
2006-03-24,30.96347899,61.38746175,403.90924847,9.48044668,3.2677761,0.61688543
2006-03-27,31.10768383,62.23771526,405.43927349,8.44132706,3.2761005,0.55683694
2006-03-28,30.66466456,60.72113769,397.75770098,13.21975849,3.25644615,0.89287057
2006-03-29,30.61321682,60.67205609,399.7293256,11.08773224,3.24911272,0.68752983
2006-03-30,31.01161765,61.59416929,407.78434222,13.99362428,3.21483169,0.8615374
2006-03-31,31.58317656,63.08252112,410.68692213,17.14636938,3.18252957,1.03303101
2006-04-03,31.72380773,62.56619995,413.50187491,14.84177518,3.26099255,0.86722786
2006-04-04,31.99317919,63.32116432,412.55953835,14.51172055,3.26764087,0.83773064
2006-04-05,31.67215528,62.5533216,406.08345416,15.50845961,3.26219797,1.03209581
2006-04-06,31.75058625,62.55483443,402.25748882,13.55256409,3.31431192,0.86503264
2006-04-07,31.55712099,62.12858808,393.91382466,14.43391557,3.34941439,0.91755416
2006-04-10,31.64652686,62.94343356,387.88362214,13.52951654,3.25463224,0.80512226
2006-04-11,31.47465319,62.32553734,386.36864518,13.58529317,3.25065864,0.97553656
2006-04-12,31.61692253,63.31142799,382.04395049,10.21757537,3.27130948,0.71916095
2006-04-13,31.13695605,62.88798017,376.87860933,15.17828065,3.24907732,0.85719491
2006-04-14,31.35975757,63.48005911,381.48417758,15.81676086,3.23126372,0.85563896
2006-04-17,31.24185238,63.35594975,373.85939286,13.9401591,3.24943878,0.91056126
2006-04-18,31.37311352,63.19465555,369.19637376,12.30886918,3.23598586,0.72266184
2006-04-19,31.31218702,63.20488715,368.96059426,9.92364303,3.22413636,0.73658288
2006-04-20,31.33001833,63.16884269,374.23514959,10.92460768,3.18647532,0.62754393
2006-04-21,31.50953977,63.47596049,374.81050804,8.78242504,3.17625357,0.59234545
2006-04-24,31.42898962,63.00863501,374.81228591,10.17339691,3.16423374,0.75786499
2006-04-25,31.32882618,62.72044924,364.37429502,8.0,3.16292582,0.56390702
2006-04-26,31.61201783,62.9377591,372.06863374,9.90308046,3.18816505,0.70440637
2006-04-27,31.57717093,63.01594565,370.94910133,8.0,3.17535446,0.58123004
2006-04-28,31.61840294,62.73556147,373.42691716,8.33728543,3.1035504,0.6563055
2006-05-01,31.55934136,62.43299965,381.9124617,8.86822691,3.05998837,0.62833447
2006-05-02,31.7544597,63.32057641,384.7661128,8.07973493,3.08124588,0.58783155
2006-05-03,31.45264005,62.55309976,381.50411544,10.06282719,3.05437396,0.73183513
2006-05-04,31.37779774,63.07914793,374.06800549,9.05065515,3.03973423,0.6194489
2006-05-05,31.43766313,62.74151768,377.69395508,8.0,3.06273407,0.6072918
2006-05-08,31.71741904,62.62176758,379.76342344,10.45036152,3.13033897,0.82505675
2006-05-09,31.58968776,62.9447582,374.25902017,8.17182603,3.07131745,0.58827912
2006-05-10,31.86646723,63.09117931,385.96172106,9.35470423,3.11367908,0.7073828
2006-05-11,31.49285808,62.07188509,385.34115157,12.57269133,3.12377642,0.76441365
2006-05-12,31.38643218,61.90125133,379.00416641,10.43682011,3.11795088,0.6536877
2006-05-15,31.59662709,62.42527053,373.84834217,10.23417414,3.06065943,0.67714163
2006-05-16,31.78897347,62.91978827,377.66990957,11.00085773,3.01921505,0.7715421
2006-05-17,31.85630965,62.94750559,375.92266508,8.73937431,3.04783336,0.6784001
2006-05-18,31.81851278,63.45938084,378.64299115,10.60032195,2.98630773,0.73243097
2006-05-19,31.78650953,63.58895837,386.1244176,9.20426617,3.04852931,0.62051599
2006-05-22,31.65243121,63.43989626,382.41272981,9.48745464,3.05683593,0.68080322
2006-05-23,31.23338396,62.52431024,376.80279474,12.43205532,3.05138629,0.78246797
2006-05-24,30.78575794,61.4743734,380.754833,13.52801052,2.9823683,0.92767865
2006-05-25,30.67100868,61.38052409,376.69373559,10.85607362,2.97953437,0.74912211
2006-05-26,31.0064913,61.19360748,373.45491883,15.00057793,3.00727221,0.91229324
2006-05-29,31.04745118,61.48152324,373.30243664,13.74212444,3.0184459,0.84464316
2006-05-30,30.61436223,60.61271408,377.03392226,14.76723521,3.0300416,0.86923569
2006-05-31,30.41890962,61.38076875,376.84673234,12.75753812,3.03590663,0.80382659
2006-06-01,29.9944847,60.71512079,375.78296895,11.60526487,3.04783956,0.84387468
2006-06-02,29.62693642,60.31313914,373.84526846,13.47280968,3.07255073,0.76405484
2006-06-05,29.41972417,59.86495405,368.72223726,11.63908166,3.13076975,0.77519144
2006-06-06,29.6637124,60.32242664,373.97460311,15.17584675,3.10606779,0.93937162
2006-06-07,29.29992298,59.1833368,382.80331123,12.94508186,3.09885841,0.74590146
2006-06-08,28.96138591,58.54569898,382.13433566,12.5106854,3.12421286,0.8306622
2006-06-09,29.22892994,58.52338033,384.82136084,14.77037945,3.10681653,0.92650298
2006-06-12,29.39295445,58.57205862,391.24022681,15.54001025,3.05281857,0.84905466
2006-06-13,29.24993948,58.74936005,391.87525072,14.67838827,3.05412998,0.93909873
2006-06-14,29.27447702,58.69998517,392.64159617,12.98463448,3.03291107,0.79580106
2006-06-15,29.84206194,60.56697574,393.27198588,19.31667829,3.06701062,1.06993202
2006-06-16,29.97416114,61.43373418,396.22068564,17.37153316,3.10672789,0.96342211
2006-06-19,30.3418834,62.5647586,401.16869515,16.6933251,3.14082184,0.97994899
2006-06-20,30.86599268,63.92421044,400.02385726,17.78519453,3.18378601,1.08604184
2006-06-21,30.93845499,64.02176467,405.0069394,15.02120559,3.21900543,0.86923275
2006-06-22,31.24598145,64.74137871,403.05001664,14.4771817,3.21234093,0.94709093
2006-06-23,31.40466388,65.63796728,402.00968825,14.07785802,3.17754082,0.96705731
2006-06-26,31.34491501,65.85452842,401.45514929,12.28231151,3.1942615,0.83821185
2006-06-27,31.26067605,65.61368153,402.73530589,13.31442216,3.25838577,0.78413532
2006-06-28,30.91850085,64.19087237,405.21712742,16.06139419,3.27326481,0.97297205
2006-06-29,30.93628038,64.24214859,409.66089524,14.0246535,3.31685649,0.83326599
2006-06-30,30.48524443,62.41652358,406.843103,17.58012698,3.34374309,0.94385576
2006-07-03,31.06097078,63.82538803,405.69634113,19.15788105,3.3562987,1.10033376
2006-07-04,30.88268324,63.84291848,403.92235849,18.27074692,3.31922671,0.94475011
2006-07-05,30.64844975,63.81459493,405.30517659,16.64755883,3.32278556,0.97671102
2006-07-06,30.25450534,62.51367632,405.85731204,18.41490507,3.35812213,0.99612845
2006-07-07,30.19547187,62.59804124,402.41544912,16.00234312,3.35323022,0.86492119
2006-07-10,30.51374258,63.12887604,399.56792854,16.78700618,3.35003916,0.96092947
2006-07-11,30.90458993,64.49095416,405.18131977,18.54251957,3.31820917,1.02584812
2006-07-12,30.75718872,64.09585167,405.72820179,15.74231785,3.27435283,0.99588938
2006-07-13,30.53652803,63.57835404,411.77790559,15.90947874,3.25063159,1.0014736
2006-07-14,30.7609221,63.98456555,411.45083418,15.95050506,3.20619657,1.05072406
2006-07-17,31.12602224,65.28444577,413.25261898,13.95530245,3.23603001,0.86395592
2006-07-18,31.52274371,66.07055778,418.57899298,15.76370813,3.28011991,0.91692529
2006-07-19,31.25598219,65.08733669,416.80515652,16.87783617,3.23618546,0.98588833
2006-07-20,31.13819304,64.66747673,417.7021489,14.03017436,3.25755189,0.91226085
2006-07-21,30.98779725,65.06308948,415.07768255,15.48018242,3.26626784,0.91993495
2006-07-24,31.15103328,65.48233416,410.25158232,13.66363512,3.24888591,0.90478768
2006-07-25,28.52145982,61.61776662,395.21135511,58.42948404,3.24887228,2.83960389
2006-07-26,28.24222801,61.20646004,382.15464137,77.27881458,3.30029141,3.6767281
2006-07-27,28.3722428,61.88195991,383.08913675,71.75355305,3.29445628,3.52105458
2006-07-28,28.56993425,61.68303022,381.64517133,67.91514741,3.30995906,3.31987229
2006-07-31,27.90384898,59.88913076,387.49663617,63.71291633,3.29069525,3.12390928
2006-08-01,27.55390468,59.63005876,395.83566532,56.92832898,3.28560619,2.78479985
2006-08-02,27.31800844,58.64424288,398.90276796,50.91998372,3.21297445,2.50376332
2006-08-03,26.95562742,56.982919,383.74641996,46.16698234,3.20681303,2.31431527
2006-08-04,26.82153774,57.48902192,382.37821274,42.49570587,3.22128641,2.08861036
2006-08-07,26.62615788,56.12218231,380.41284364,38.54848934,3.16533581,1.94641933
2006-08-08,26.73747862,58.63156566,392.68444145,36.59878454,3.15686123,1.82371139
2006-08-09,26.87984025,58.16282244,402.01958484,36.62256665,3.09088634,1.88998424
2006-08-10,27.37769375,58.41138599,395.06663107,36.99858207,3.10865134,1.83864749
2006-08-11,27.12578318,56.35725222,398.70890329,36.30430651,3.09797085,1.77602588
2006-08-14,26.74483997,55.51477731,384.97682387,35.65374403,3.10799152,1.80497574
2006-08-15,26.81044203,55.42703691,391.18156616,31.22959503,3.0520118,1.58298258
2006-08-16,26.49386096,54.85733515,388.80043869,31.39100765,3.05516512,1.60683259
2006-08-17,26.65749401,55.05602403,396.11164707,28.5552189,3.05887862,1.4411024
2006-08-18,27.73465422,57.20320417,399.7711316,48.01846182,3.01807248,2.51830061
2006-08-21,27.10196931,55.0625926,388.79574307,50.63941826,3.04338141,2.49963309
2006-08-22,26.28996081,51.93385776,389.07371783,52.83127518,3.09233509,2.68885543
2006-08-23,26.26664335,52.58812407,387.73233562,48.98956685,3.0798594,2.45295717
2006-08-24,25.96268917,52.24980289,384.93789841,44.65392922,3.05429372,2.23028465
2006-08-25,26.40635296,55.67165955,377.87346773,46.52917204,3.06749905,2.25998686
2006-08-28,26.82383652,57.73519925,390.4921026,44.82626941,3.13010457,2.28919636
2006-08-29,26.25222079,57.33552289,397.68145816,45.33908135,3.11888391,2.28763745
2006-08-30,26.28038413,57.789779,384.56005599,42.00473648,3.08559669,2.12462081
2006-08-31,26.81398965,61.26345481,393.29090733,44.56469728,3.0834019,2.23265282
2006-09-01,26.80338759,61.62323059,384.34683798,39.371026,3.04960635,1.94706774
2006-09-04,26.59036567,61.7773889,385.75751135,36.09892915,3.04436786,1.79496008
2006-09-05,26.22136048,60.30031964,383.97755285,35.33862816,3.00463728,1.82165861
2006-09-06,26.29987103,58.27274346,387.53527777,32.37748774,2.96673481,1.70866042
2006-09-07,25.72654066,54.89795803,382.05530345,34.48233557,3.018759,1.86348105
2006-09-08,25.53930829,53.06846918,383.35056733,30.35685078,3.03049762,1.4919503
2006-09-11,25.30221874,53.01275098,380.46612481,28.20861455,3.00926217,1.51807269
2006-09-12,25.22330831,51.62037941,394.90416258,27.53093149,2.99049684,1.46042295
2006-09-13,25.45645625,52.00367539,400.91980813,28.56036845,3.03731785,1.46948077
2006-09-14,25.65664443,53.05762129,398.03514926,27.35094251,3.02006944,1.44224869
2006-09-15,26.12652661,55.15588483,406.85054281,30.67884842,3.04683997,1.63917637
2006-09-18,26.22165468,55.24224015,416.580122,28.86520823,3.05840397,1.50403781
2006-09-19,25.87133772,54.17197461,405.44995512,30.14915688,3.08622471,1.57355709
2006-09-20,25.40592605,50.93612373,401.83923363,31.0136516,3.10089134,1.60441908
2006-09-21,25.46512001,49.47154516,378.92297592,28.78460657,3.0741463,1.51401315
2006-09-22,25.88289389,49.77717237,401.85801809,31.91472867,3.04128632,1.79733536
2006-09-25,26.30283849,50.8859477,395.24349408,31.23854687,3.04079468,1.74851476
2006-09-26,25.93101905,50.72211548,388.6181355,33.58787934,3.03131158,1.79605242
2006-09-27,25.8473528,49.32816269,405.05502666,30.62291329,3.05833763,1.51641769
2006-09-28,25.47996282,47.85933925,425.71121393,30.64222166,3.04431643,1.70038613
2006-09-29,26.04706553,50.31162048,432.59687641,36.26011045,2.99338427,1.84206083
2006-10-02,26.06330555,49.88023668,436.52502748,22.8247406,2.98311839,1.2692201
2006-10-03,26.23637174,50.14648257,437.97602824,20.80974272,3.03964552,1.13650699
2006-10-04,26.20019734,50.12637518,442.20912742,18.94901004,2.99275956,1.10358148
2006-10-05,26.13966442,49.60943594,431.99553487,17.33469778,2.98544777,0.95135596
2006-10-06,26.61347093,51.01145052,428.76136431,18.9046687,3.00823797,1.13245309
2006-10-09,26.62631625,51.17901207,419.38678316,17.64232441,3.05646096,1.04866902
2006-10-10,26.87326989,51.57034994,414.06587245,15.86117675,3.06375991,0.91342836
2006-10-11,26.43894369,49.54038571,405.36719006,19.86182445,3.11023363,1.11305103
2006-10-12,26.47132063,50.27658466,399.02507288,17.84952754,3.09729555,0.98271559
2006-10-13,26.67695582,50.61698993,400.88699931,17.10339944,3.10708207,0.9954536
2006-10-16,26.88309185,51.70496573,388.54103937,15.80205228,3.09632974,0.92802606
2006-10-17,26.57887286,50.59676192,382.38863163,16.35399163,3.04343511,0.9356713
2006-10-18,27.19807898,51.68000176,388.87258613,22.2024792,3.05013091,1.17983373
2006-10-19,27.29592421,52.56188044,384.75000116,18.09884942,2.98369386,1.0367848
2006-10-20,27.44814443,53.24181576,371.35639456,17.2187962,3.03712987,0.98315258
2006-10-23,27.46623431,54.1318782,382.67514503,16.09195981,3.10291339,0.94537082
2006-10-24,27.79730719,55.08256607,391.67065427,15.25327839,3.13817374,0.87647154
2006-10-25,27.31532553,53.55875409,371.98017702,20.9283704,3.11114676,1.24183062
2006-10-26,27.663394,55.73197189,369.65953766,20.08453973,3.10057168,1.10415392
2006-10-27,27.43380029,55.0197047,357.74006254,20.54774493,3.11396477,1.21321468
2006-10-30,27.84613144,57.38260124,360.19203254,18.36696617,3.14878124,1.05723715
2006-10-31,27.67644639,58.40508522,353.32100713,19.1739422,3.13895214,1.12909859
2006-11-01,27.7938795,58.03629497,343.29064147,17.76339517,3.12459363,0.92040935
2006-11-02,27.75458198,57.71102087,337.93385311,15.88122242,3.13045103,1.03487834
2006-11-03,28.06961665,58.83441401,338.97196736,14.15641191,3.1715983,0.77262912
2006-11-06,28.18059361,59.62705186,340.75696293,14.78836785,3.1557966,0.86801741
2006-11-07,27.94009174,58.75054054,344.37309743,15.48046366,3.20168436,0.88586911
2006-11-08,27.97629698,58.54350599,350.39624028,12.48651627,3.2045597,0.8385373
2006-11-09,28.23622111,60.36101926,340.83781742,13.71490235,3.18706995,0.8839996
2006-11-10,28.24340192,61.66793313,340.68907915,10.71084099,3.1798753,0.65635094
2006-11-13,28.44224396,61.45835855,345.67437982,11.85497765,3.16022303,0.79232764
2006-11-14,28.4630641,61.37620297,358.13520905,10.43473058,3.16704299,0.73972539
2006-11-15,28.72605799,62.23037862,364.51595931,10.21800343,3.15683569,0.65633071
2006-11-16,28.24247369,60.93349203,361.52820798,16.34539581,3.1305072,0.94658591
2006-11-17,28.34762758,61.53273235,376.3411744,14.51045814,3.13721035,0.86874416
2006-11-20,28.03588651,60.2888061,384.26342558,15.10994129,3.11704384,0.90357212
2006-11-21,27.8115047,59.69572666,384.07355774,15.23157001,3.11344895,0.94070138
2006-11-22,27.71416256,59.01624601,380.41857997,11.89876227,3.14156108,0.79670482
2006-11-23,27.42368967,57.49021792,370.50509449,13.54933113,3.16813245,0.80530978
2006-11-24,27.82155893,58.2264956,374.56446212,16.96138912,3.16826492,0.99112543
2006-11-27,27.78694977,57.76222216,379.88650626,16.30906697,3.17007915,0.97325582
2006-11-28,27.37806804,55.80483837,374.86273581,16.90819284,3.16765611,0.98700564
2006-11-29,26.9337968,53.80585305,360.20178278,18.79019083,3.07102133,0.99331613
2006-11-30,26.68461845,53.86479779,356.36980211,17.10696364,3.05364564,0.93564399
2006-12-01,26.35464455,52.33763761,352.28751575,14.4739021,3.04263023,0.83937165
2006-12-04,26.68816799,52.99586505,359.82014519,19.16133189,3.06569207,1.06515318
2006-12-05,27.49776274,55.21901269,360.84485116,26.95444653,3.10275238,1.47239093
2006-12-06,27.77504818,56.09534301,369.56653007,25.82064918,3.08838929,1.34002569
2006-12-07,27.55412985,56.84925961,373.64279084,24.48720075,3.06200782,1.44535716
2006-12-08,27.16752107,55.21715079,383.65058945,23.89469022,3.02038199,1.23952314
2006-12-11,27.03217232,55.73789553,384.27740979,22.84854113,3.03232661,1.2532989
2006-12-12,27.39114096,55.9635686,384.1075578,21.77379958,3.04967777,1.20298026
2006-12-13,27.02303344,53.52341591,371.54652673,22.35905771,3.02964095,1.1739477
2006-12-14,26.9092013,53.13615134,388.22490744,20.76201864,3.06128262,1.20544138
2006-12-15,26.84177365,52.50455655,391.31143923,17.89057015,3.09114046,1.04641455
2006-12-18,27.53677307,54.11724851,404.40516778,23.79447525,3.08515035,1.26815921
2006-12-19,27.35623624,54.54000783,397.39356561,22.78154957,3.07377942,1.23231436
2006-12-20,27.05958684,53.19009637,398.59392866,21.46966782,3.05972795,1.13140171
2006-12-21,26.97178926,52.98660999,406.64812184,21.13623687,3.06177367,1.2265002
2006-12-22,27.3944982,54.49813891,411.70887866,21.55304173,2.99428927,1.19886527
2006-12-25,27.71892245,55.81699389,428.50298073,20.93351676,2.93969877,1.12809453
2006-12-26,27.37440677,54.04121128,423.27068202,20.79863431,2.93167048,1.20356598
2006-12-27,27.32021821,54.37272193,431.15220831,18.34120639,2.93937198,0.95325998
2006-12-28,27.11570849,54.07321894,421.56142859,18.35554939,2.96979271,1.07099331
2006-12-29,26.80549204,52.89998854,421.02939377,16.98864054,2.89792962,1.01689216
2007-01-01,27.02426054,53.65400137,419.77871753,17.62918107,2.93970646,1.01694882
2007-01-02,26.79007542,51.92683761,435.47771881,15.84637081,2.88202876,0.95902636
2007-01-03,26.5840392,51.21162804,429.9844176,14.45685162,2.8945916,0.92460735
2007-01-04,26.10903639,50.19460991,435.70965092,17.39074497,2.90004039,1.0589275
2007-01-05,26.29793434,49.510704,437.66188054,17.2858807,2.85724192,0.96736919
2007-01-08,27.04331502,52.46395948,436.68103888,25.51903121,2.86494745,1.41926448
2007-01-09,26.92470405,51.15017266,446.85208851,24.52546946,2.85642926,1.30600961
2007-01-10,26.42268287,50.52303528,448.24751663,23.21346023,2.84853418,1.2432195
2007-01-11,26.72308182,51.59551845,444.15771716,25.14372193,2.85271499,1.3780424
2007-01-12,27.32010784,53.42622403,431.4015161,26.23753108,2.81369316,1.37957512
2007-01-15,27.55714753,53.85621188,441.19185538,22.87647617,2.77840114,1.29047255
2007-01-16,27.1521918,52.99602133,439.71182087,23.99759267,2.72379623,1.33588847
2007-01-17,27.57909542,53.9203111,451.51943173,23.97444563,2.73983334,1.33913026
2007-01-18,27.81667233,55.16460181,460.33454989,22.62375049,2.75366864,1.19808445
2007-01-19,28.33175757,55.60563124,455.41543758,20.84911179,2.7224569,1.17601074
2007-01-22,28.58055094,55.32169485,456.11449941,20.61402528,2.68792573,1.196993
2007-01-23,28.5868727,55.84752805,458.88440916,18.59515681,2.68674341,1.11346044
2007-01-24,28.51741979,55.52435004,454.25926142,17.93223438,2.6581874,1.12786112
2007-01-25,29.00273569,56.93822205,467.93642899,17.47961146,2.6680671,1.06842798
2007-01-26,29.40031144,57.60815893,476.05211475,16.55361691,2.68770988,0.9051433
2007-01-29,28.66778039,55.21725023,469.48955807,26.79689595,2.64883176,1.42608879
2007-01-30,28.54488699,55.55384656,465.15140766,24.62951555,2.65073005,1.34127469
2007-01-31,28.20108111,54.63940961,458.57555764,22.621674,2.63330154,1.17829047
2007-02-01,28.22284719,55.16876277,459.29536521,20.49199619,2.65817503,1.12123745
2007-02-02,28.73169899,55.27429809,463.0675738,22.34416013,2.6004646,1.16869547
2007-02-05,28.7889199,54.30132345,468.96123727,21.91201628,2.63348307,1.18881205
2007-02-06,29.20472131,55.57970248,483.17824243,19.76873245,2.6260332,1.19027969
2007-02-07,29.40084564,56.00151839,488.33374561,19.32366419,2.62762703,1.09623173
2007-02-08,29.22484229,55.80419909,491.61975626,17.95451443,2.61105024,0.98088162
2007-02-09,29.08251702,55.68407613,487.08050852,18.42547927,2.5486053,0.97700159
2007-02-12,29.16236877,56.47740807,477.81115033,16.13654738,2.55498862,0.92163875
2007-02-13,28.91963924,55.13356233,473.3066319,15.69614223,2.58436741,1.0427675
2007-02-14,29.02218361,54.34629204,470.87942103,14.1154548,2.60908323,0.83575702
2007-02-15,29.20856774,55.48655291,476.16318344,14.03954927,2.60614483,0.84042674
2007-02-16,29.2207804,55.39079168,478.53597737,13.12176663,2.56481133,0.95766522
2007-02-19,28.94888866,53.72619217,474.96928242,12.56590725,2.51853458,0.81521111
2007-02-20,29.54940709,55.53465994,480.53438679,18.30007546,2.54156751,1.02459903
2007-02-21,29.64742247,55.70944841,481.06992648,15.20638934,2.53745448,0.90504543
2007-02-22,29.1859853,54.56249539,488.44603051,18.23558719,2.544518,0.98885995
2007-02-23,29.12861956,54.7207994,494.66372887,16.93738668,2.53045797,1.03584068
2007-02-26,29.09988025,54.52508364,498.63168303,16.84807822,2.50625127,0.98159291
2007-02-27,28.98827226,54.62141978,498.94487199,14.66686829,2.51823242,0.81898923
2007-02-28,28.5686321,53.23371601,498.59379175,15.34227321,2.47877467,0.84981886
2007-03-01,28.94547876,54.36846752,505.01411366,19.24443027,2.50570587,1.053301
2007-03-02,29.2729909,55.32295337,498.84469939,17.05745761,2.51538826,0.93687321
2007-03-05,29.50777258,55.88541129,493.52334354,16.19170419,2.53742836,0.96625676
2007-03-06,29.32860303,56.03044376,498.93535797,15.82893821,2.55368266,0.8316116
2007-03-07,29.52895361,56.2002603,502.33278042,14.82379516,2.59193944,0.95779065
2007-03-08,29.71201556,56.82931452,486.10439689,13.8676784,2.58863768,0.89932964
2007-03-09,29.71420896,57.03003292,483.36537421,12.32143403,2.60983133,0.67036844
2007-03-12,29.6604008,57.45558281,483.90465959,12.2272127,2.62397117,0.71531789
2007-03-13,29.85471605,58.30357995,487.05886878,11.00113457,2.63636034,0.7243453
2007-03-14,30.00230288,59.05312661,481.66947974,10.11307708,2.63613701,0.71226983
2007-03-15,30.1209035,60.22955935,483.78459883,8.67716428,2.59611394,0.66478468
2007-03-16,30.45809165,60.91237417,482.42841817,9.29289887,2.62694306,0.64209707
2007-03-19,30.47944244,61.08243857,481.83908934,9.67111802,2.67774553,0.66675065
2007-03-20,30.69447417,62.25544198,481.81857315,8.42483816,2.68963783,0.54942808
2007-03-21,30.62633555,61.45977691,486.35236447,8.90602974,2.72188156,0.65062572
2007-03-22,30.6642592,61.79381909,488.38431981,8.0,2.71238994,0.54300022
2007-03-23,30.78978717,62.19509947,498.17864348,8.0,2.66981126,0.56883569
2007-03-26,30.73411413,62.35685677,491.52883897,8.0,2.72822138,0.54966448
2007-03-27,30.56752661,61.99688212,489.74640516,8.0,2.72886382,0.59424466
2007-03-28,30.51033318,62.50467801,499.30233108,8.0,2.70112612,0.66398659
2007-03-29,30.34176001,62.09744949,494.86165452,8.72869067,2.71559684,0.64622194
2007-03-30,30.76868921,62.92069269,496.59553559,11.09416904,2.68715374,0.67182067
2007-04-02,31.20536649,64.31204231,498.84728752,12.23565242,2.71151366,0.83434259
2007-04-03,31.14701278,64.44173279,504.93554028,11.90053223,2.73308339,0.8140086
2007-04-04,30.98714491,63.96987094,507.59923237,12.78343334,2.72701296,0.73704863
2007-04-05,31.03736737,63.69456294,509.59785421,11.28866166,2.74327454,0.70293915
2007-04-06,30.98719182,63.13876773,497.10816779,10.41158787,2.70407944,0.74380413
2007-04-09,30.66858241,61.7307448,486.08991951,10.54301486,2.72872366,0.6704215
2007-04-10,30.74628932,62.31174078,495.05141837,11.18540877,2.72663768,0.71265506
2007-04-11,30.73569159,62.29029855,498.31169817,9.79906269,2.700215,0.72502482
2007-04-12,30.57873601,61.56624558,504.63909839,9.61613965,2.70694762,0.70324154
2007-04-13,30.87799084,62.99069507,503.85020628,11.63225353,2.69980741,0.81557512
2007-04-16,30.60054365,62.13791766,503.5059795,12.50665073,2.70740277,0.7460537
2007-04-17,30.64134107,62.33321197,516.83431506,10.92155863,2.73231919,0.8091672
2007-04-18,30.80139171,62.70499671,521.83214149,9.6509063,2.74475117,0.54412163
2007-04-19,30.75620249,62.37339155,541.26557727,10.11063739,2.74184194,0.69885316
2007-04-20,30.67793716,62.28458387,537.38142018,9.21453294,2.73737312,0.65522299
2007-04-23,30.8818726,62.4170236,536.63777643,9.27345754,2.73594123,0.60428949
2007-04-24,30.99781829,61.99546271,528.43999552,9.38814924,2.7644129,0.57452843
2007-04-25,31.06558562,62.09469678,534.64165398,8.0,2.71794673,0.58085979
2007-04-26,31.00309732,61.94603759,539.42279022,8.0,2.73557893,0.61966784
2007-04-27,31.01537376,62.54216172,530.11704115,8.0,2.74527041,0.54236587
2007-04-30,30.64534374,61.83084581,538.72536687,9.7513572,2.69086503,0.68364374
2007-05-01,30.74009417,61.7391397,526.58395865,9.79056041,2.67486648,0.68289623
2007-05-02,30.7232527,61.51918871,521.78221922,8.6948824,2.67527281,0.59697268
2007-05-03,30.59496898,61.24213841,530.27934701,8.5770345,2.71755458,0.57514037
2007-05-04,30.4992949,60.90237292,523.36428422,8.0,2.72415745,0.65318418
2007-05-07,30.65813523,61.0808157,531.91423465,9.59748642,2.70671956,0.60971405
2007-05-08,30.71945414,61.43203564,524.24250659,8.0,2.71820803,0.63520773
2007-05-09,30.94457775,62.18131491,533.13007659,8.32039374,2.7334626,0.55853826
2007-05-10,30.93717273,62.48141266,529.21987057,8.0,2.74683384,0.57558992
2007-05-11,30.85652846,62.74065379,530.48933254,8.0,2.82382993,0.58763609
2007-05-14,30.84176116,62.51700725,527.77755969,8.0,2.83245913,0.65181692
2007-05-15,30.89861061,63.34637314,531.66897939,8.0,2.79296557,0.56242855
2007-05-16,31.16986152,63.62556285,537.22030305,8.0,2.82673803,0.62724742
2007-05-17,31.5994745,64.8014538,536.25415142,9.18263,2.80209538,0.60931924
2007-05-18,31.39166055,64.08129404,533.18038124,10.9132547,2.85936943,0.78823113
2007-05-21,30.94262798,62.98816637,535.23195641,14.49801583,2.87769668,0.83386353
2007-05-22,31.09432343,63.09166851,538.1565135,14.25660169,2.87354679,0.92292574
2007-05-23,30.83444732,62.54912648,540.1836178,14.26023042,2.87508643,0.92539485
2007-05-24,30.89327944,62.99483491,545.65000301,11.21771215,2.88244549,0.67234843
2007-05-25,31.14010588,63.07274721,551.68621075,12.85481493,2.91943861,0.86457356
2007-05-28,31.10427992,62.87666966,552.95259898,12.91733522,2.94402147,0.76538445
2007-05-29,28.84738254,63.78539927,550.92946859,51.05885457,2.95078245,2.48727277
2007-05-30,28.32614336,62.9723879,544.9806538,45.77625909,2.92075496,2.23257868
2007-05-31,28.33014254,61.85922679,541.7783431,41.00196436,2.92729465,2.02772762
2007-06-01,28.37821512,61.71159173,552.64241311,39.7371659,2.9532038,2.00173293
2007-06-04,28.33398792,61.40931912,552.30668687,35.03818288,2.95991323,1.84060536
2007-06-05,28.53672176,62.03177358,553.01323714,33.77318174,2.95282531,1.8488123
2007-06-06,28.43744138,61.83695342,554.60267603,30.79684349,2.92001267,1.62099371
2007-06-07,28.78755956,62.16870473,556.018452,29.52907513,2.98002574,1.49038952
2007-06-08,28.75339029,62.35685987,563.79380483,27.47457502,2.98242196,1.50221764
2007-06-11,28.67607326,62.2701328,566.09611871,24.35984403,2.98509604,1.24431049
2007-06-12,28.69541045,62.19519151,567.78319701,21.79462208,2.98674532,1.23251051
2007-06-13,28.78610625,63.05893691,576.99213711,19.62419748,2.97390516,1.07117003
2007-06-14,28.53161964,62.42049939,577.88007689,18.70901729,2.95380556,1.03207052
2007-06-15,28.71304474,62.70561151,575.3231559,17.4133737,3.0261379,0.93970043
2007-06-18,28.84606855,63.03680229,571.49826263,15.70308251,2.9978317,0.97835392
2007-06-19,28.8120121,63.06020798,577.16967667,15.85738525,2.98493143,0.94939771
2007-06-20,28.61933997,62.67153604,579.23972308,15.45121381,2.94391009,0.91559437
2007-06-21,28.71894178,63.18583409,562.48258465,13.36034083,2.93651117,0.73492411
2007-06-22,28.63608539,62.97246391,566.01934183,11.16030111,2.94762986,0.69260384
2007-06-25,28.3557551,62.42099733,565.12672296,11.9840806,2.93645758,0.72490537
2007-06-26,28.38469887,62.86309325,561.40659224,11.40513876,2.98533785,0.7948917
2007-06-27,28.62587291,63.53270938,555.58681724,11.45963997,3.01512286,0.81465192
2007-06-28,29.01579176,63.95050302,553.3555792,14.02000424,2.99868054,0.90333127
2007-06-29,28.88498402,64.48769175,544.93525933,13.78819443,2.97156509,0.92322518
2007-07-02,28.67440904,64.03493861,537.63662028,12.41499184,3.02861479,0.84468984
2007-07-03,28.72016948,64.84488037,532.80298139,10.92102288,3.01849317,0.69690459
2007-07-04,28.50090545,64.2007288,543.58789018,12.70076139,3.01404695,0.80433902
2007-07-05,28.84701301,64.73835189,547.20402235,14.22587764,3.05331149,0.78115609
2007-07-06,29.1335461,64.92503228,545.23749098,14.45219218,3.08514589,0.90780951
2007-07-09,29.14998502,64.07670811,547.28384451,12.19215179,3.08697927,0.80683011
2007-07-10,29.06772435,63.85431081,546.45848496,11.50709569,3.09534876,0.67798513
2007-07-11,29.21806162,64.34881299,533.39217667,12.45054979,3.09797121,0.82954311
2007-07-12,29.09081547,64.573926,519.18842758,11.39983952,3.10144653,0.72581553
2007-07-13,28.82354787,64.10024583,528.5264772,12.60458451,3.08812767,0.69377099
2007-07-16,28.98007623,65.06237421,526.80800711,12.1341827,3.11640994,0.76400354
2007-07-17,29.19751379,65.13594191,522.67961311,10.77347841,3.12302236,0.74941717
2007-07-18,29.03765005,64.85465551,509.57235952,11.35129758,3.13424474,0.70733063
2007-07-19,29.14916241,65.40371439,522.04993784,8.65873531,3.12658594,0.61702978
2007-07-20,29.04190188,65.52786605,522.09791351,10.84595151,3.09583166,0.73492973
2007-07-23,29.1278742,65.65016405,532.30255915,8.0,3.12773744,0.56110998
2007-07-24,29.05826202,65.29581333,520.18517623,8.81378697,3.1375847,0.59232336
2007-07-25,29.0518369,65.13829995,518.26551021,8.0,3.11984203,0.50391257
2007-07-26,29.0751721,65.12289654,524.28422149,8.0,3.12521444,0.59996972
2007-07-27,29.08967565,65.21719055,520.45054805,8.0,3.07284572,0.58933614
2007-07-30,28.93983112,65.14781191,520.8415039,8.0,3.07110255,0.67140459
2007-07-31,29.26009431,65.84891516,516.60574039,9.64230836,3.10231893,0.6844766
2007-08-01,29.64565803,66.85661147,517.22661859,11.74215325,3.11605455,0.74552146
2007-08-02,29.84073501,66.8216078,517.31791597,10.95141362,3.10679506,0.64909016
2007-08-03,29.77997725,66.56294173,511.08469633,10.60109959,3.10293176,0.59948869
2007-08-06,29.78252386,66.94339841,513.88632457,10.25821535,3.09288746,0.66081476
2007-08-07,29.91444873,67.19112963,506.17494689,9.7764162,3.08724479,0.64051816
2007-08-08,29.91866946,67.46277948,507.0199244,8.0,3.08356958,0.60949538
2007-08-09,29.90815355,67.5620431,504.96273126,8.68696121,3.04194706,0.61583676
2007-08-10,30.23913655,67.898303,512.13086174,8.13452255,3.01477315,0.59132066
2007-08-13,30.51918028,69.08376517,514.51342906,9.57647519,3.01536628,0.71433645
2007-08-14,30.62036501,69.53956266,511.35766401,8.0,3.01803113,0.60143421
2007-08-15,30.5883644,69.79941139,508.15225928,9.68774619,3.04261932,0.68204242
2007-08-16,30.49353088,69.56992594,508.47118959,8.74381289,3.05468908,0.62909293
2007-08-17,30.53960177,69.59577794,508.73125167,8.35514484,3.05947798,0.62303057
2007-08-20,30.48685173,68.97914397,509.3848398,8.9986416,3.02403023,0.62382299
2007-08-21,30.31867951,68.29492261,499.68384459,8.95371428,3.04635605,0.70818828
2007-08-22,30.23595734,68.6760966,503.24240092,8.80128711,2.99989447,0.62747189
2007-08-23,30.17101267,68.05209874,514.56934625,8.0,2.98473262,0.6165387
2007-08-24,30.17418441,67.96527336,522.64209353,8.0,2.98922938,0.65164832
2007-08-27,30.18692574,68.27458304,526.58608204,8.0,2.96403962,0.57114057
2007-08-28,30.09963187,67.96414626,524.98779514,8.0,2.99552775,0.55415112
2007-08-29,30.14938646,68.06081199,514.46807646,8.0,3.0301622,0.61636301
2007-08-30,30.27104451,68.51969893,511.91894561,8.0,2.99958678,0.65174078
2007-08-31,30.24109776,67.59616848,515.79710431,8.0,2.97005583,0.67430669
2007-09-03,30.27793685,68.13068115,513.16781785,8.0,2.97884867,0.58608622
2007-09-04,30.21130998,68.79085572,509.81445121,8.0,2.97864145,0.67134648
2007-09-05,30.35293817,68.89195946,512.3611037,8.0,3.04230965,0.57637508
2007-09-06,30.42214233,69.45797609,505.68895489,8.0,3.06516739,0.58093552
2007-09-07,30.42202418,69.86895507,496.04462565,8.0,3.13427316,0.61832263
2007-09-10,30.42621642,69.80071513,497.22626213,8.0,3.0937843,0.57963224
2007-09-11,30.57264346,69.52257328,502.18938477,8.0,3.060565,0.53903906
2007-09-12,30.76093548,69.94880939,500.69841126,8.0,3.03543888,0.56369682
2007-09-13,30.93340449,70.89264034,500.36980829,8.0,2.99717437,0.72798412
2007-09-14,31.05752055,71.78172774,497.77953495,8.0,2.96132963,0.613484
2007-09-17,30.90913632,71.23186932,495.74366791,8.0,3.01277255,0.61916016
2007-09-18,30.92429649,71.3608677,488.92901486,8.0,3.02572888,0.53230776
2007-09-19,30.72484158,70.91207174,495.6979292,8.0,3.05484364,0.56707707
2007-09-20,30.61983639,70.44175999,481.70467242,8.0,3.0754452,0.57710613
2007-09-21,30.39995759,70.05731659,474.01938889,8.0,3.07650282,0.59277477
2007-09-24,30.68800308,70.43163477,473.71495387,11.48353706,3.05925349,0.77575901
2007-09-25,30.50822249,70.08949134,475.70866426,9.81024883,3.08813277,0.59687611
2007-09-26,30.22896405,69.74482492,478.40874332,9.85435919,3.13895841,0.68183943
2007-09-27,30.50742642,70.08015805,473.3013039,10.71878127,3.08955505,0.76272145
2007-09-28,30.69261947,70.45698023,479.44030649,9.77480258,3.12943959,0.72446556
2007-10-01,30.83457774,70.79925574,486.94645598,9.51195372,3.14785102,0.51047037
2007-10-02,30.79015514,70.82402294,484.85243343,10.44677121,3.12408409,0.75063533
2007-10-03,31.04198666,71.55549843,485.39567995,9.21500612,3.08827192,0.61696997
2007-10-04,31.42794031,72.9712051,478.9457868,10.84736063,3.08884689,0.67598169
2007-10-05,31.38844488,72.78444388,479.0274063,10.16984342,3.0800459,0.75482868
2007-10-08,31.46837322,72.69211764,480.47791922,8.81042596,3.09780143,0.70226984
2007-10-09,31.62747841,72.851153,487.32852279,8.21774932,3.09520674,0.57330112
2007-10-10,31.75828787,73.41008173,483.67629595,8.43253025,3.05904822,0.60330101
2007-10-11,31.29584581,72.24621032,491.00355509,13.51618876,3.06252368,0.79822892
2007-10-12,31.46593578,72.62119376,487.24357017,13.5284198,3.04829805,0.8083385
2007-10-15,31.56111482,72.05324768,494.38837735,11.87724143,3.08153761,0.73851968
2007-10-16,31.5163833,71.89925121,488.90677615,9.63978415,3.11529966,0.56592817
2007-10-17,31.68476353,72.64867526,489.28551619,9.88188973,3.12803717,0.65662386
2007-10-18,31.80506101,72.99059941,496.5824746,10.03340558,3.16013346,0.74976654
2007-10-19,32.03308547,73.59572833,502.36547039,10.34028548,3.16086491,0.64919567
2007-10-22,31.82175368,73.54011513,503.41830761,9.20552559,3.15651478,0.61369153
2007-10-23,32.01422303,74.36561032,510.58054453,10.18230038,3.22004083,0.67137017
2007-10-24,31.91823134,73.85574432,514.11830814,10.39134328,3.16794883,0.67848308
2007-10-25,31.89666711,73.52921517,508.64222764,10.51967472,3.19837728,0.68863425
2007-10-26,31.79016427,73.1129186,508.21833328,8.10480722,3.25919112,0.60799336
2007-10-29,32.19662666,73.7073913,501.38798635,11.85549984,3.29948546,0.78456694
2007-10-30,32.42778863,73.71202872,495.77935274,9.70401181,3.28047904,0.67342939
2007-10-31,31.9701184,72.8837601,493.44565012,15.64386816,3.31358875,0.95223214
2007-11-01,32.22440204,73.52309189,495.51712037,14.89284887,3.31822351,0.93180502
2007-11-02,31.77361673,72.61314205,506.75573849,15.16499591,3.33475525,0.97039466
2007-11-05,31.58398848,72.0254554,504.4795475,14.6176685,3.32127722,0.86619501
2007-11-06,31.60692151,71.58687103,509.34039898,13.59497041,3.31166186,0.77539922
2007-11-07,31.58668465,71.86763862,515.36439007,12.77338375,3.34842083,0.85755602
2007-11-08,31.82895074,72.42894907,515.58437981,12.8586229,3.32740716,0.75161691
2007-11-09,31.60906761,72.12545699,514.08848371,12.702159,3.29428038,0.75252911
2007-11-12,31.82866483,72.32054728,513.0606387,12.74603983,3.26708887,0.82076728
2007-11-13,31.62301431,71.96243077,514.85948572,11.17861527,3.228716,0.67901437
2007-11-14,30.9425013,70.33601615,516.55999384,16.29773268,3.24466147,0.93029888
2007-11-15,30.37619818,70.42670419,513.82234779,18.31908593,3.29161689,1.0815174
2007-11-16,30.49172586,70.95678328,508.50846413,16.88915679,3.34643944,0.99547253
2007-11-19,30.65414118,71.35536016,514.69506782,17.05021709,3.28672245,1.05404755
2007-11-20,31.34616134,73.57700743,523.46237799,22.77222777,3.26728644,1.27220666
2007-11-21,31.40124845,73.48102538,523.77470188,22.02807927,3.28810448,1.1504532
2007-11-22,31.18704368,73.23191572,524.36250618,19.59865914,3.3053026,1.16991586
2007-11-23,31.2593371,72.986403,522.69805975,18.86455475,3.30372795,1.11223067
2007-11-26,31.11178648,72.60018207,522.48737679,16.9818046,3.34002713,0.9019025
2007-11-27,31.33450165,72.55583275,524.06224601,14.8510292,3.36851272,0.86114594
2007-11-28,31.21362804,72.5104326,523.03742618,15.80687375,3.36061943,0.92552976
2007-11-29,31.72618328,73.83959104,520.17084914,16.4495344,3.3058954,1.05396627
2007-11-30,31.48278747,73.4007568,521.84966571,17.63136218,3.30064802,1.01570813
2007-12-03,31.28479855,73.33114668,524.73387075,16.10119126,3.32341326,0.9541615
2007-12-04,31.24928687,73.69807942,531.17708176,13.90564881,3.34181161,0.89824602
2007-12-05,31.2789309,73.57190307,531.61303844,11.62278346,3.36930341,0.76040202
2007-12-06,31.85760295,74.10122156,544.87029958,17.1935152,3.38701437,0.98160745
2007-12-07,31.76794248,73.97583142,547.94245833,15.57234905,3.32577063,0.94090827
2007-12-10,31.27749667,73.16172914,541.42369368,20.07069559,3.29055959,1.14147142
2007-12-11,30.90107484,72.48747781,537.21798051,17.48539938,3.33956373,1.04450686
2007-12-12,30.80641566,71.84898714,541.35856927,16.23536814,3.36915785,0.93772143
2007-12-13,30.12636561,70.01482647,533.96855541,18.78649401,3.40226485,1.07847453
2007-12-14,30.00119927,70.12880576,536.25803268,16.90929429,3.43684173,1.02101375
2007-12-17,29.56032913,69.98406434,547.47060555,17.78606858,3.43245949,0.97038243
2007-12-18,30.16838453,70.60874406,555.69541323,24.65205783,3.46445983,1.26758762
2007-12-19,30.36082162,70.89162383,563.29490177,21.24114942,3.44300139,1.26153955
2007-12-20,30.65003317,71.44923853,565.79509439,20.72601322,3.46378626,1.02150897
2007-12-21,30.86413375,71.37061947,578.73853527,19.25330681,3.46469289,1.12983681
2007-12-24,31.20118632,71.95513168,572.37687924,17.89200994,3.42564502,0.97152253
2007-12-25,31.32744574,72.47655555,584.4819132,17.54757569,3.37324237,1.039949
2007-12-26,31.76805156,73.3812533,583.97118447,16.62533811,3.33921929,1.00200845
2007-12-27,31.6907777,72.91378807,583.48868967,15.55069189,3.35477481,0.87480737
2007-12-28,31.76664311,72.66242982,577.40087786,14.56478807,3.36135788,0.86759773
2007-12-31,32.09114291,73.26766155,579.82331851,13.97104682,3.35757838,0.83553613
2008-01-01,31.50985835,71.32439863,579.42439868,19.25441802,3.35537511,1.08086326
2008-01-02,31.00484363,71.06654115,587.04683399,20.57624941,3.35884103,1.16684503
2008-01-03,30.3311312,69.61846081,575.90855615,23.0792506,3.41104473,1.28562662
2008-01-04,30.40738831,70.04195321,576.54444335,21.67357492,3.40141738,1.2180775
2008-01-07,31.09871733,72.23698654,573.00211278,25.29405956,3.37301697,1.36080828
2008-01-08,31.86688173,72.98370723,569.86303177,28.52090198,3.3680809,1.53378816
2008-01-09,32.14929041,73.51015203,566.08873363,24.0451869,3.34022221,1.37567912
2008-01-10,31.78485964,71.07335855,562.80893598,25.34546346,3.36535282,1.3304026
2008-01-11,32.3905705,73.64244317,560.22002078,26.2541742,3.37510463,1.50512878
2008-01-14,32.24219486,71.95378336,561.18841932,25.60427396,3.38384639,1.42039605
2008-01-15,32.21342088,70.82613834,561.89300484,22.3635846,3.41159056,1.23305875
2008-01-16,32.51842459,70.67517659,573.97225882,20.53699918,3.37664832,1.17405758
2008-01-17,32.92455896,70.93425584,570.02248333,21.02671918,3.35299107,1.17822885
2008-01-18,32.41814905,70.16401395,574.43617197,23.19907093,3.34434081,1.1489039
2008-01-21,31.94643298,68.52663557,580.44536,22.69457293,3.31255733,1.20685768
2008-01-22,32.06761379,69.81214296,579.23537528,20.57713492,3.31635378,1.09015152
2008-01-23,32.19462241,69.51044949,577.01405921,17.18083074,3.28311168,1.03723301
2008-01-24,31.95227274,68.97034732,573.37962481,18.50001872,3.24987517,1.0970696
2008-01-25,32.13393983,69.60615518,570.14393364,16.10150849,3.22013989,1.04538552
2008-01-28,32.32479568,69.64707598,572.34179795,15.8390449,3.25260194,1.00421999
2008-01-29,32.62400724,68.94104586,573.73438103,13.91367224,3.28408008,0.89858744
2008-01-30,32.25211333,68.54598675,569.66432624,15.75344214,3.31865679,0.98856672
2008-01-31,32.21878268,69.49581059,574.03614205,15.60516615,3.33672046,0.92265788
2008-02-01,31.6799128,69.51659136,573.64913127,17.7769547,3.35193394,1.03732877
2008-02-04,31.6567906,69.5010993,566.35385975,18.03561232,3.34362242,1.0909991
2008-02-05,31.77606127,70.2240196,569.58180318,15.52865622,3.33729941,1.00855274
2008-02-06,31.46910768,69.97556807,560.10755735,15.87870482,3.34060578,0.94765889
2008-02-07,31.65746931,70.3188977,555.82948245,14.63429997,3.37062058,0.86900917
2008-02-08,31.51628542,70.11153261,567.60823761,12.97498687,3.31283592,0.84495228
2008-02-11,31.66352699,70.76593584,562.69274876,12.38667385,3.3449947,0.83308287
2008-02-12,31.54327782,70.19921739,568.22676761,11.60364638,3.37575426,0.72128308
2008-02-13,31.39348154,69.98031675,577.00914425,11.25526816,3.37633739,0.65471376
2008-02-14,31.91108558,70.9713144,570.61099633,17.12181176,3.43063593,0.96903143
2008-02-15,31.86065681,70.58624551,572.75380739,14.05929226,3.4530467,0.88121874
2008-02-18,30.23030158,67.67031629,573.16212213,35.95318707,3.46100094,1.87259729
2008-02-19,31.11141646,70.89065683,558.91966337,59.69875822,3.4673276,2.92517179
2008-02-20,31.33549972,72.74209696,550.18312444,53.23936066,3.49301892,2.70984668
2008-02-21,31.55319218,74.09667016,549.66736151,50.22095252,3.46768627,2.39408561
2008-02-22,31.16447584,75.4101513,510.62211398,44.76895841,3.51365378,2.198493
2008-02-25,30.55950357,72.82111228,523.85175369,43.84711819,3.45609787,2.2230367
2008-02-26,29.94305882,70.27669942,524.57789526,44.13996122,3.43660305,2.27945597
2008-02-27,29.36100798,69.0648465,519.33314635,41.66752757,3.43868613,2.012226
2008-02-28,29.32347513,69.90976148,512.21271986,37.48718347,3.41956986,2.02470935
2008-02-29,28.78161667,69.16612843,508.49482506,35.7459929,3.36771884,1.82492258
2008-03-03,29.11090613,70.69852867,495.45312198,38.48623129,3.39930326,1.92545847
2008-03-04,28.6251148,68.68910113,496.20610569,36.32832175,3.32204366,1.8182328
2008-03-05,28.81167102,69.31107455,496.13553882,34.3988001,3.34780711,1.81723472
2008-03-06,29.7792907,70.78653306,482.08657387,48.06316878,3.3429533,2.52404544
2008-03-07,29.38405003,71.51985895,482.40825245,44.19018204,3.35268414,2.20303425
2008-03-10,28.72787549,71.96970222,470.32982851,45.00411732,3.3699599,2.33753507
2008-03-11,29.91740284,73.69130988,470.63602277,59.00167544,3.33021082,2.86205296
2008-03-12,30.94610125,74.07003332,458.81386715,60.99573068,3.31030339,3.00973456
2008-03-13,31.09140993,76.66265461,444.54137776,55.95635931,3.23580155,2.78897084
2008-03-14,30.26467388,74.66918961,434.81040593,59.63984313,3.17268711,2.91009534
2008-03-17,29.93331769,74.0466013,431.36094964,55.09798648,3.17991125,2.64771455
2008-03-18,30.38588529,73.06028228,429.43445055,52.27661161,3.24312724,2.56629347
2008-03-19,31.22062109,74.3157219,424.6667214,52.4602621,3.25215329,2.50135817
2008-03-20,31.10028934,73.84055276,422.23215648,48.28583385,3.2332753,2.37700454
2008-03-21,31.18690923,74.54725356,430.5617869,44.95676888,3.25915326,2.3372986
2008-03-24,32.22964602,77.14298262,431.86724305,48.10070992,3.27548837,2.40985421
2008-03-25,32.26927954,78.04267306,430.46443186,44.7135838,3.31040003,2.21023483
2008-03-26,31.49040721,75.39514851,414.43042479,48.92330363,3.35356934,2.38162269
2008-03-27,31.41632388,75.56400371,405.68067025,44.80411833,3.37730161,2.21041894
2008-03-28,32.24238078,75.5359649,415.28533555,46.81865724,3.38392071,2.22798143
2008-03-31,33.44910141,77.71819865,426.74204528,50.9537336,3.33657783,2.51740542
2008-04-01,33.79358379,79.6642916,423.699193,46.64555356,3.32303572,2.29356533
2008-04-02,34.36280978,80.89785144,445.16722494,42.37199921,3.31159957,2.1295157
2008-04-03,34.46134747,80.79273099,435.9949848,39.88230651,3.29875557,2.03368692
2008-04-04,35.60388581,84.01389008,449.80234521,42.53023407,3.31347025,2.09191943
2008-04-07,34.66161389,82.10346147,451.73577232,53.30303339,3.31862211,2.69920739
2008-04-08,32.82066393,77.41149041,462.28805011,75.52839114,3.29960735,3.61125985
2008-04-09,32.65724684,77.01167959,480.59411904,68.62679898,3.3234112,3.21358674
2008-04-10,31.04225456,73.84550114,452.83162334,76.52884849,3.32852017,3.71744707
2008-04-11,33.09651128,78.53808515,470.59846656,98.22427764,3.30804172,4.63270756
2008-04-14,32.92953308,77.20866365,485.61070419,89.97155874,3.32047386,4.19743676
2008-04-15,33.24767173,78.77842133,442.39554517,81.5969889,3.31007513,3.92813724
2008-04-16,33.8287316,77.32780167,434.91273869,75.86341189,3.32898473,3.63294507
2008-04-17,33.02136175,76.70492606,444.98307108,74.36536614,3.3718708,3.58823171
2008-04-18,32.19145572,74.40874322,464.83221027,69.68693931,3.32664666,3.28308209
2008-04-21,34.24157851,80.12572228,477.10368832,88.89910719,3.33316918,4.19245317
2008-04-22,33.91492122,78.40314241,466.19449476,82.48204155,3.32588618,3.91982327
2008-04-23,32.75150928,76.47593108,452.47987533,83.20572344,3.33861872,3.92290567
2008-04-24,32.74918371,78.08202379,443.91090574,73.45979166,3.37930608,3.53315028
2008-04-25,32.86506537,79.72602301,434.22518279,70.33344411,3.44048197,3.41205011
2008-04-28,33.66154532,82.41405594,402.1996151,65.63307707,3.44183193,3.2052769
2008-04-29,33.07937595,81.06778768,395.31573453,62.34320001,3.42101764,3.07600451
2008-04-30,33.03748896,80.40623175,384.34977989,56.76415171,3.48100793,2.77775784
2008-05-01,33.27241655,82.58230876,389.50910521,52.27606607,3.51018095,2.54954708
2008-05-02,34.69586518,84.53434766,407.04146934,60.6591942,3.52231069,2.92206564
2008-05-05,34.55382381,83.81452746,420.99078141,56.98329988,3.55914025,2.75041994
2008-05-06,34.89007253,85.07805818,400.77371137,50.89318585,3.52967873,2.49754988
2008-05-07,34.40420693,85.07037699,394.98270085,49.8393101,3.556132,2.52582201
2008-05-08,35.43927556,87.94336716,394.31820659,51.22327141,3.5733223,2.49780136
2008-05-09,35.83368655,90.53387584,393.31819967,47.07369156,3.57933974,2.42554191
2008-05-12,35.30157428,90.37526301,424.26650583,48.86245078,3.55010554,2.39957099
2008-05-13,36.24528673,92.4329539,413.62193364,47.98075494,3.56677774,2.3470367
2008-05-14,35.72337677,92.15011889,415.52863465,49.10505924,3.6434127,2.41666478
2008-05-15,35.39551142,94.51543498,429.58852695,45.35511675,3.60043778,2.21264045
2008-05-16,34.72842114,91.29331431,403.50885861,46.56825481,3.64855553,2.2437253
2008-05-19,35.24107332,93.4988271,391.27688688,43.73204314,3.66128791,2.13278965
2008-05-20,35.54813367,95.77239688,365.72123096,38.62290779,3.6837299,2.01130845
2008-05-21,35.62665064,96.40380685,331.28357041,35.99309651,3.67347582,1.8983201
2008-05-22,36.31030596,100.38132365,308.68655245,36.37814538,3.74534572,1.75426511
2008-05-23,36.67744712,101.84511253,309.69601918,22.94529754,3.75118215,1.30050703
2008-05-26,36.50706062,101.30720148,309.48748074,22.43462968,3.73731596,1.22761214
2008-05-27,36.4435898,102.11249015,321.11153838,19.96068714,3.72314843,1.12093349
2008-05-28,36.52333488,102.522773,311.13415605,17.46080043,3.75669559,1.05096669
2008-05-29,36.28864519,101.11314034,311.09754559,18.07933181,3.79494363,1.08301507
2008-05-30,35.78747181,99.76286147,315.89615909,18.50770889,3.74149216,1.10565846
2008-06-02,36.03169274,100.04857738,315.70115444,18.9605098,3.70161202,1.08740994
2008-06-03,35.78541073,99.20402447,325.03477761,16.86348604,3.68652248,0.92016144
2008-06-04,35.56048759,97.51090166,315.93824842,15.85806908,3.61126363,0.98718771
2008-06-05,35.63149249,97.86595531,303.75807494,14.09834403,3.58779205,0.7686565
2008-06-06,35.67782573,98.20402541,304.83043269,12.55996041,3.56703302,0.81600832
2008-06-09,36.12173169,99.92045993,300.18837426,15.30630075,3.59102592,0.87206624
2008-06-10,36.20405344,99.73875429,311.55832532,13.06805304,3.62906628,0.72997992
2008-06-11,36.29646393,99.34361398,309.09970674,11.05906568,3.62360312,0.74034508
2008-06-12,36.58625866,99.87752122,313.01948966,11.93842636,3.65316153,0.75161657
2008-06-13,36.50205095,98.74544996,304.85641039,10.84375949,3.57160797,0.65686433
2008-06-16,36.57568893,98.19673803,300.79115306,9.66784522,3.5534692,0.67569268
2008-06-17,36.82306134,99.88458259,299.32845791,10.08344587,3.53162331,0.64428385
2008-06-18,36.9553307,99.9837707,302.10230568,8.0,3.54640503,0.60249007
2008-06-19,37.02465502,100.8470707,297.64094849,8.21978799,3.5423778,0.53493038
2008-06-20,36.97188487,100.88652444,294.98086347,8.0,3.58467775,0.60246494
2008-06-23,37.00043466,101.46963171,296.83047129,8.0,3.57500237,0.60910214
2008-06-24,37.2043421,102.22781976,293.54141061,8.0,3.57203085,0.52468278
2008-06-25,36.85704341,100.88430566,280.57818931,9.22659593,3.52806903,0.70562129
2008-06-26,37.01543734,100.82669243,287.25607036,8.64183821,3.56924035,0.53835894
2008-06-27,37.05319371,100.94037943,293.9536289,8.46774359,3.53224125,0.629462
2008-06-30,36.98404548,100.13176156,277.85698859,8.0,3.5849761,0.54414877
2008-07-01,37.41590324,101.4388508,272.83307013,10.83442787,3.58837828,0.67989261
2008-07-02,37.70873716,101.53818449,274.53101533,9.13142995,3.64898336,0.57827942
2008-07-03,38.13467008,102.38059042,275.04997155,10.83661143,3.67828289,0.70287574
2008-07-04,37.92629535,102.56892642,266.58118054,12.76750047,3.63746777,0.78538627
2008-07-07,38.21613756,103.60667459,266.67243896,9.56553727,3.62852302,0.61350843
2008-07-08,37.7135252,103.6127053,263.50064875,15.76801554,3.60808253,0.95295252
2008-07-09,37.7108429,103.70458698,260.87423981,13.6184417,3.58516027,0.86275703
2008-07-10,37.58092807,102.87057889,268.85203261,12.21399445,3.58798719,0.76154378
2008-07-11,37.54879091,104.20019001,286.97989063,11.13673199,3.59328943,0.74699018
2008-07-14,37.14793198,103.7477674,284.28598175,12.9224926,3.57492339,0.73788204
2008-07-15,37.22968596,103.71750797,289.87908481,10.03342915,3.55288172,0.68737664
2008-07-16,37.14712842,103.84950146,293.50284716,11.05069639,3.57496828,0.72670411
2008-07-17,37.12801247,103.32732227,283.47754134,9.64341105,3.57018614,0.79135013
2008-07-18,37.26760383,104.32794563,280.13516528,9.84480433,3.5624392,0.62122752
2008-07-21,37.44534998,104.84841172,288.62361812,8.0,3.62638956,0.60380919
2008-07-22,37.70960649,107.01077622,301.96374021,11.05556455,3.63203598,0.69521803
2008-07-23,37.16833585,105.40493901,297.39798751,19.63013438,3.62022426,1.15961032
2008-07-24,36.90906456,103.7482979,280.30736769,17.10147061,3.63284903,1.01518283
2008-07-25,38.58213978,107.67142473,289.05834947,46.95320866,3.65898908,2.37450608
2008-07-28,37.88835094,106.23229846,271.040166,47.74462448,3.68501799,2.3941529
2008-07-29,37.98989197,105.81046635,261.2872186,42.35769293,3.68967156,2.04654397
2008-07-30,38.85173983,107.53571339,267.34803328,42.3244767,3.65059185,2.09898689
2008-07-31,38.82860416,107.0555945,275.44805871,40.68696605,3.65717756,2.04544137
2008-08-01,38.90499168,108.0265603,283.38769885,36.16918381,3.71671365,1.82034593
2008-08-04,38.11863028,108.52500445,308.03838711,38.89957729,3.71769086,1.9446974
2008-08-05,37.14275224,104.65235558,319.35472863,43.7184519,3.71888453,2.31793817
2008-08-06,37.84192088,104.70399977,338.68661884,44.01228273,3.68629247,2.16600302
2008-08-07,37.78062106,103.85261977,336.29029501,41.10586921,3.66778488,2.11940175
2008-08-08,37.79356093,104.97226032,358.87799403,35.88925342,3.65945748,1.84251922
2008-08-11,37.10415801,104.8713624,328.99284486,37.23267321,3.63006657,1.89445952
2008-08-12,36.47156893,101.83472337,320.40287457,36.53578434,3.64818474,1.94494559
2008-08-13,36.27672473,101.54275041,327.39979804,31.7481949,3.63123047,1.65414452
2008-08-14,35.47903514,100.32175153,327.77472545,33.35943061,3.59076686,1.66473103
2008-08-15,35.9252928,102.59658233,330.03762981,35.16254598,3.55411264,1.81504466
2008-08-18,37.61083066,106.4097965,312.52403143,58.44569258,3.54853843,2.81959394
2008-08-19,38.22103348,107.68490928,329.75741694,52.81106099,3.4658356,2.68379244
2008-08-20,37.91318024,108.90714961,312.53609151,50.1869701,3.51597793,2.51095993
2008-08-21,39.48881977,111.27944136,312.67656002,56.26713936,3.54360183,2.75275266
2008-08-22,40.41478467,111.78357146,313.20025724,53.77777771,3.5499177,2.66691181
2008-08-25,39.94630355,112.20383503,314.64728981,55.68195048,3.52204977,2.77981326
2008-08-26,40.54321121,110.48501723,315.09368364,48.04736962,3.49370043,2.34328441
2008-08-27,42.7401531,114.99872716,318.34191495,59.39226142,3.47917883,2.89561069
2008-08-28,42.24080078,113.54338346,320.01180127,60.12836807,3.52987715,2.91127854
2008-08-29,41.97086648,113.40578061,319.10148812,56.55077681,3.54490854,2.78374123
2008-09-01,41.40661146,110.3714959,311.99511919,54.80187002,3.57272827,2.68289145
2008-09-02,41.25220743,110.5639556,312.57553096,51.87126484,3.60794223,2.62634543
2008-09-03,41.7974575,110.34985579,311.75336062,45.90510839,3.57552865,2.2456669
2008-09-04,42.63242366,113.08434113,305.27485288,46.07126565,3.52437338,2.34809361
2008-09-05,41.66758702,112.36337845,314.5029626,48.97600365,3.51643751,2.40852517
2008-09-08,43.49179329,114.75434581,326.95902947,58.29155904,3.47795119,2.79987
2008-09-09,42.80967689,115.01650839,320.88559247,57.82763883,3.49042434,2.82680388
2008-09-10,42.91849443,115.01410643,332.07782679,51.99732406,3.48787553,2.58288859
2008-09-11,43.39954195,114.64208641,333.05712689,48.06685242,3.49130284,2.36490397
2008-09-12,42.95474284,113.38404127,338.25657627,31.44379646,3.47969995,1.58113355
2008-09-15,42.86912426,112.37741018,339.18498241,27.74280276,3.45040621,1.44106071
2008-09-16,43.0544967,112.46684825,332.38439397,26.21292133,3.46630633,1.46349773
2008-09-17,43.17059397,112.26051946,340.46893772,23.31417282,3.43889442,1.29888809
2008-09-18,43.38828065,112.2912469,337.6184419,22.50822013,3.44579404,1.08857572
2008-09-19,43.25040737,110.64587117,334.8287016,20.77720149,3.40122586,1.11675151
2008-09-22,43.21614929,109.67316179,334.11655327,16.83989428,3.37255201,0.98107953
2008-09-23,42.65445492,108.63833895,331.1437,18.83252906,3.3539264,1.05987707
2008-09-24,41.91271216,107.36115159,330.19578765,20.22859933,3.38610787,1.17178493
2008-09-25,41.60563144,105.41416678,327.66510052,17.71479931,3.43722818,1.02934413
2008-09-26,40.8234578,104.27616212,323.73895308,18.29023853,3.4446711,1.01204414
2008-09-29,41.14924131,105.35107055,332.225472,19.76645435,3.47715149,1.10292431
2008-09-30,41.51016819,104.98555839,331.54474628,19.72619752,3.48474458,1.07143641
2008-10-01,40.52315767,103.97695249,331.09729689,21.75799596,3.53512495,1.26999024
2008-10-02,41.00028282,104.10120584,332.65060002,23.57875302,3.48968998,1.29581378
2008-10-03,40.69001677,103.03212566,331.76491353,21.46391383,3.48485214,1.15918369
2008-10-06,39.88861164,100.66063027,330.06576347,22.54641405,3.50116976,1.19057765
2008-10-07,40.27615091,100.76482317,332.26914794,22.32206608,3.53809752,1.21175056
2008-10-08,40.07854035,99.2852047,333.15307914,19.2781313,3.52091053,1.10831489
2008-10-09,40.80429181,99.67855558,332.92390521,23.13959298,3.49346898,1.2865859
2008-10-10,40.95232112,99.52222293,332.52201636,21.47810019,3.48995765,1.18984329
2008-10-13,40.77375845,98.6734582,329.41352637,18.47374503,3.46605451,1.13754615
2008-10-14,40.90436567,98.84717673,322.43944111,17.7350854,3.42683801,1.0039685
2008-10-15,41.22741624,99.08595596,317.28364596,17.04367665,3.38267766,1.0598853
2008-10-16,41.23317263,97.87222434,321.4701022,14.66467033,3.36165535,0.98128617
2008-10-17,41.34777155,97.64539896,321.11793808,12.65992689,3.38344332,0.81647815
2008-10-20,41.89753304,99.34810578,316.37855379,14.90788017,3.39703718,0.84197506
2008-10-21,42.17259385,99.24781124,315.98401641,14.86611003,3.40495168,0.92874096
2008-10-22,41.89970452,98.35553574,311.82761735,15.32064743,3.41875958,0.85895604
2008-10-23,42.20525759,99.51129532,309.21066102,12.48551829,3.40320269,0.7810567
2008-10-24,42.95979469,101.2041202,308.50340915,14.38578557,3.44110654,0.84201602
2008-10-27,43.20868384,100.32242247,314.08808645,12.54639364,3.40596167,0.78473739
2008-10-28,43.3006627,101.0386755,312.69831307,12.60121154,3.38573046,0.85367032
2008-10-29,43.8840851,102.33926402,312.64188655,12.19094859,3.38453401,0.75575855
2008-10-30,43.45587722,102.97543515,313.6522334,15.15002542,3.32556117,1.01082072
2008-10-31,44.42422168,105.53372603,321.33263904,19.07065148,3.32707086,1.08310155
2008-11-03,44.70332288,105.45226496,318.79717678,16.45018096,3.37843958,0.9139812
2008-11-04,45.08140506,105.7460584,316.74263291,16.56302678,3.37878253,0.98349367
2008-11-05,45.5053504,106.11140036,313.92694804,13.53913098,3.40392233,0.78431152
2008-11-06,45.50417479,107.42477703,309.47410912,13.17380734,3.38282027,0.82013951
2008-11-07,46.03287739,107.763274,317.4329994,11.98684628,3.37856144,0.86866971
2008-11-10,45.48608907,106.94981571,319.81366085,17.91347885,3.35121006,1.11959095
2008-11-11,45.21510233,105.7009902,322.32216887,16.54842268,3.33181912,0.91123849
2008-11-12,44.45191429,104.27889431,324.67627524,20.10561721,3.26476321,1.08134668
2008-11-13,44.45607527,103.90320245,320.90264033,16.8360356,3.29945126,0.92483858
2008-11-14,44.05781048,103.63579782,315.72007427,16.53866553,3.33382425,0.96199188
2008-11-17,43.86678813,102.78995707,309.91242651,15.56899385,3.34238303,0.90900436
2008-11-18,43.8879014,103.58093692,300.48995258,12.41086767,3.3533449,0.79908302
2008-11-19,43.76187804,103.27742873,304.2438725,12.75692528,3.35991775,0.7271397
2008-11-20,43.78751639,103.27820789,309.49842099,11.87355326,3.37678075,0.75130678
2008-11-21,44.22347686,104.88481545,317.17853017,11.88943454,3.40349052,0.71268632
2008-11-24,44.87286949,107.36858551,317.6599949,15.26486786,3.4407411,0.85178256
2008-11-25,44.87746784,106.68866352,308.63099548,12.88275454,3.43396648,0.84924043
2008-11-26,45.23075308,106.70447744,301.69228101,12.33658623,3.43218762,0.74813633
2008-11-27,45.50287094,107.27192642,300.37532193,11.25631979,3.46353878,0.8223431
2008-11-28,45.81466635,108.98618575,304.10277329,11.44197921,3.47169921,0.67822663
2008-12-01,45.7059167,109.32207036,311.16886438,10.0603908,3.4954618,0.69609606
2008-12-02,45.48563947,109.01981325,306.19782915,10.60974756,3.50920467,0.71844594
2008-12-03,45.33012986,108.81810435,306.39041127,10.6330218,3.53265209,0.78274228
2008-12-04,45.51857039,108.17457715,311.60151252,9.17719582,3.51680009,0.76060892
2008-12-05,47.02372398,109.57272782,308.94538948,22.57534289,3.50947171,1.36107271
2008-12-08,47.21381513,110.00312139,306.93761128,19.37945534,3.50228338,1.15344258
2008-12-09,47.3871613,109.30792263,306.80460729,17.89367408,3.49951146,1.08103865
2008-12-10,47.44528299,109.03815933,309.21820763,16.6953087,3.53531144,1.02910513
2008-12-11,47.87761055,109.53410644,308.19740897,15.45958244,3.53843767,0.9688549
2008-12-12,48.02870066,110.51255661,308.00064028,14.11325761,3.55918479,0.8119303
2008-12-15,47.77168651,110.33409512,310.24131434,15.69381378,3.57629769,0.83722308
2008-12-16,48.35870462,111.31545201,307.69451687,13.52523589,3.60268891,0.78683381
2008-12-17,48.68876388,111.37659388,306.58316569,13.64734825,3.67293756,0.7815335
2008-12-18,49.03569469,112.05067214,306.45535599,13.6803464,3.67128646,0.87151096
2008-12-19,49.19798915,111.86174255,308.16653064,11.11508197,3.64479338,0.76573704
2008-12-22,49.20049869,112.21683616,309.43935552,10.41786502,3.62234554,0.68074629
2008-12-23,49.40586863,113.32683602,307.69482177,9.16873924,3.62029005,0.60360074
2008-12-24,48.95845504,112.4244531,303.41036288,12.18260707,3.65159565,0.81102663
2008-12-25,48.72354469,111.84321332,306.85316042,12.26786021,3.63222715,0.83062007
2008-12-26,48.6597311,111.77907698,304.79593154,11.19591561,3.63999206,0.7482561
2008-12-29,48.82587566,112.36273489,300.53004931,9.31226121,3.63343865,0.69054975
2008-12-30,48.67988442,112.12549575,297.79358359,9.99135195,3.59576319,0.6286321
2008-12-31,48.8400161,112.58113794,297.84444732,8.63816196,3.55291143,0.57509039
2009-01-01,48.21499411,111.38878858,296.91430268,10.64134769,3.51642162,0.77156606
2009-01-02,47.89079778,110.5215471,299.040411,9.65154843,3.50580082,0.62836623
2009-01-05,47.94375097,109.56857714,296.39575328,10.87944711,3.51939319,0.78774864
2009-01-06,47.95071313,108.95739025,294.19146088,9.36832564,3.50531407,0.77268081
2009-01-07,48.35832805,109.61192343,299.81775761,11.19446687,3.55641494,0.73904162
2009-01-08,48.50004419,109.38499152,292.99372809,8.7819967,3.54835739,0.67526331
2009-01-09,48.68696001,109.79549413,294.34171535,10.07752069,3.53670407,0.69821518
2009-01-12,48.76230265,109.36034845,293.96433603,8.0,3.50430652,0.59937385
2009-01-13,49.16975795,109.78002304,297.20576936,8.0,3.5055687,0.57628434
2009-01-14,49.45511018,111.05424905,293.69865001,8.0,3.51687789,0.638183
2009-01-15,49.12853205,110.51728297,288.49857158,10.5794734,3.54328702,0.71780512
2009-01-16,48.82842447,110.08535213,290.65718516,11.37879712,3.54827315,0.75108783
2009-01-19,48.41914863,109.22877054,283.69071678,10.75451311,3.54909674,0.61794908
2009-01-20,48.39572149,109.10900422,285.87281233,9.19075705,3.54721792,0.62563842
2009-01-21,48.2470254,108.23844653,289.55638241,9.93815668,3.58055108,0.66031607
2009-01-22,48.02124022,107.91598835,292.32369135,9.18426359,3.552338,0.61655716
2009-01-23,48.27089296,108.63540685,294.60846237,8.0,3.51403723,0.52882737
2009-01-26,48.50698402,110.15393061,292.8707979,8.84682448,3.47834642,0.60850228
2009-01-27,48.21806862,109.3967867,297.1412039,9.32548893,3.45921707,0.72221934
2009-01-28,48.45874669,109.9758747,301.04119173,8.78566042,3.49423419,0.6220551
2009-01-29,48.68228689,110.40897068,303.76777983,10.09706385,3.50723713,0.60404264
2009-01-30,48.74276472,110.34682948,303.53886766,8.0,3.53265339,0.51168411
2009-02-02,48.36386917,109.66857221,301.53743468,9.72955704,3.55422231,0.67219207
2009-02-03,48.31844433,109.56098025,298.97172631,8.0,3.55098655,0.61650784
2009-02-04,48.53560597,109.97756939,301.62460518,8.23577036,3.59564209,0.61223372
2009-02-05,48.42673584,109.61125498,299.91141249,8.0,3.56465156,0.61666384
2009-02-06,48.26085837,109.3953929,298.54198744,8.0,3.56504902,0.57151777
2009-02-09,47.80785645,108.50002157,299.09038537,8.0,3.55566529,0.62439432
2009-02-10,47.59310747,108.23810717,298.54739748,8.81067469,3.52879652,0.6435918
2009-02-11,47.72100498,107.82701399,304.96276643,8.32872271,3.51776622,0.51449835
2009-02-12,47.92077993,108.3855167,309.57069889,9.47542376,3.52687769,0.72117857
2009-02-13,48.32307191,109.82220877,309.45611615,8.29619664,3.5425395,0.63240502
2009-02-16,48.10124203,110.25577528,301.51823706,8.67715599,3.58252533,0.55166444
2009-02-17,48.02353254,110.70787075,293.74526943,8.78350682,3.54910139,0.62726037
2009-02-18,47.59003966,110.46199658,291.01593426,9.35384027,3.53496957,0.65665863
2009-02-19,47.75649997,111.54281596,295.9640954,8.0,3.55563742,0.54104252
2009-02-20,47.58614685,111.50645576,297.2341864,8.0,3.55521004,0.56364557
2009-02-23,47.30965926,110.64489439,299.57191838,8.0,3.58029875,0.63785271
2009-02-24,47.21424279,110.06054787,297.50016982,8.0,3.53204223,0.56216267
2009-02-25,47.27365438,109.46727464,298.30115194,8.0,3.54822443,0.58838829
2009-02-26,47.07773293,108.79651617,303.95559792,8.0,3.54511538,0.57412194
2009-02-27,47.31396491,109.107034,309.33129848,8.0,3.54662809,0.55737242
2009-03-02,47.10817303,109.21833529,308.37850536,8.0,3.56939541,0.57557197
2009-03-03,46.96886723,109.41947418,313.86372506,8.0,3.5611051,0.61298385
2009-03-04,47.1177754,109.30890348,313.89868736,8.0,3.5194437,0.59426447
2009-03-05,47.23973623,109.5798009,315.2973413,8.0,3.50375245,0.54638067
2009-03-06,47.64544772,110.31585563,313.42320481,8.0,3.46965721,0.63175422
2009-03-09,48.35644552,111.57882823,316.82177977,11.61703663,3.52919588,0.73491779
2009-03-10,48.39051204,111.64110796,317.72625168,11.15530713,3.47296114,0.66206263
2009-03-11,48.67081888,112.52819845,317.53092311,9.62912328,3.48527843,0.68205474
2009-03-12,48.7367306,112.86926647,321.05020469,9.39886963,3.44539303,0.71106935
2009-03-13,48.35246866,112.55350448,321.70989645,11.92138418,3.46103773,0.7639327
2009-03-16,48.18530063,112.15844857,322.18987508,9.98455114,3.43816881,0.73246061
2009-03-17,48.08694207,112.34454365,327.825004,9.89512799,3.38869118,0.71775555
2009-03-18,47.81663428,111.57545671,322.02890576,9.38388632,3.37272257,0.64443507
2009-03-19,48.20763865,112.34081203,321.05736641,10.3533094,3.39613379,0.73459568
2009-03-20,48.2802999,111.95484015,322.66030431,10.02765273,3.44347646,0.65336799
2009-03-23,48.35172524,112.23189585,319.24339441,9.98384326,3.49729248,0.69444305
2009-03-24,48.29811827,112.2647125,321.60919114,8.0,3.56223572,0.529194
2009-03-25,48.62096207,112.76333905,324.01739558,8.97474143,3.56871677,0.63140633
2009-03-26,48.86872078,113.12507416,332.02655776,8.0,3.585782,0.5981204
2009-03-27,48.51881253,112.01941188,333.57954329,9.81257024,3.59509842,0.72306164
2009-03-30,48.42137017,112.543564,331.45010624,9.45098937,3.59542854,0.64618485
2009-03-31,48.89430997,113.73516151,332.83649268,9.36551626,3.57605697,0.64254343
2009-04-01,48.52215695,112.68936233,327.91508635,9.2935331,3.57016073,0.76894588
2009-04-02,48.77064557,113.67222973,328.06059285,10.44498678,3.57511436,0.69234939
2009-04-03,47.84062555,111.95873057,316.264207,22.63830168,3.54503993,1.26374923
2009-04-06,48.2258241,113.69599418,324.05242867,24.28276747,3.52598321,1.32732308
2009-04-07,48.08673909,112.75013483,332.82100474,22.54620006,3.49875127,1.15857917
2009-04-08,48.20396917,112.60125258,333.13801924,20.16371871,3.50766526,1.1213509
2009-04-09,47.74712735,111.11491751,330.51959828,20.06756864,3.50882355,1.17206623
2009-04-10,48.83952254,112.41926618,330.33807787,28.3836013,3.51828534,1.57103714
2009-04-13,48.60758545,111.71984241,329.96211138,26.79319658,3.52572574,1.43108597
2009-04-14,49.19455099,112.86376478,315.47038613,26.9716521,3.54532761,1.48752124
2009-04-15,49.27526288,112.3625065,314.64566907,23.34089153,3.50648909,1.21884991
2009-04-16,48.60720755,108.92190748,307.3355607,27.54358605,3.49241321,1.45280643
2009-04-17,48.09839977,108.35883496,306.76795935,25.15552224,3.49316723,1.38578069
2009-04-20,48.43063775,108.86723284,310.70364123,25.1956284,3.54957191,1.3408347
2009-04-21,48.08128081,107.06513709,311.93131393,23.29205989,3.50313081,1.26132322
2009-04-22,48.36391192,106.53869855,306.5980178,22.66069637,3.49998048,1.20698394
2009-04-23,48.27894708,107.04274099,313.47810619,18.56805922,3.44821318,1.13146337
2009-04-24,47.97476742,106.87502717,300.82035368,19.29746442,3.48482488,1.10160546
2009-04-27,47.90711426,105.60323553,311.92233264,16.71765796,3.47229726,0.98918343
2009-04-28,48.20659892,105.32787193,321.18467702,16.21388964,3.47417279,0.99755982
2009-04-29,47.3719466,102.28021977,318.43147156,22.13020933,3.47898537,1.18435725
2009-04-30,47.54719864,102.95911614,313.78170011,20.46169095,3.48174944,1.19248322
2009-05-01,47.64856082,103.03834398,311.36404989,14.11930141,3.50323502,0.79052496
2009-05-04,47.60473836,102.89500885,306.76236394,10.51753014,3.53333863,0.6770117
2009-05-05,47.83206311,103.99438128,310.09775884,12.29091173,3.5653111,0.82381888
2009-05-06,47.59770342,103.22121071,306.9671842,12.31355675,3.52408843,0.67962215
2009-05-07,47.52494677,102.44566758,304.41599057,9.80029009,3.48587071,0.58746759
2009-05-08,47.73340839,102.50584804,301.0739858,9.62599641,3.48836219,0.64740454
2009-05-11,47.68588566,102.05164673,302.89490437,8.6126565,3.49271922,0.65844611
2009-05-12,47.50922132,101.30443728,302.6610702,8.60780668,3.51230796,0.64848719
2009-05-13,47.69999879,101.91292194,301.98931947,8.25245707,3.48151499,0.63129891
2009-05-14,47.43454392,101.12315645,301.66291003,8.0,3.47700772,0.54680566
2009-05-15,47.31660093,100.80945549,297.78671241,8.0,3.45938126,0.57145803
2009-05-18,47.04188985,98.60619173,302.3601375,8.0,3.47164791,0.58244555
2009-05-19,46.84276426,98.96644017,304.92165813,8.0,3.45725062,0.62168785
2009-05-20,47.36516789,100.71454655,309.73717348,10.9283796,3.5131557,0.72637331
2009-05-21,47.163883,99.38056579,307.44150544,10.39700228,3.51834923,0.672056
2009-05-22,46.69116656,97.76165207,306.02984396,10.51427799,3.5099144,0.65856444
2009-05-25,46.88219093,97.72268216,303.29023548,11.74730927,3.51646908,0.77573261
2009-05-26,46.97549993,97.65137642,300.56546446,9.13356358,3.55780596,0.64288789
2009-05-27,46.96122938,96.70146051,303.4218333,8.0,3.54411701,0.54594763
2009-05-28,46.95933126,96.58870374,297.95982462,9.79663471,3.50943152,0.67880644
2009-05-29,47.08544622,96.62782657,298.41632363,8.0,3.52043518,0.56830733
2009-06-01,47.32191183,97.1012571,297.22041741,8.0,3.52883265,0.66927361
2009-06-02,47.87839304,97.86698802,303.6493748,10.09765667,3.51906309,0.63007514
2009-06-03,47.97588767,98.42896071,306.64900413,8.5837212,3.53666214,0.58212043
2009-06-04,47.68451208,97.86647184,307.27633357,9.75705166,3.56604346,0.6638246
2009-06-05,47.89869213,98.32006218,309.77026058,8.0,3.57012797,0.51984849
2009-06-08,48.13026992,99.46622977,313.56003548,8.0,3.64399469,0.53320663
2009-06-09,48.27096278,100.58461057,320.22633604,8.0,3.63060693,0.51817821
2009-06-10,48.556796,101.43702373,318.37191714,8.0,3.62400269,0.54541365
2009-06-11,48.42335175,100.77260502,317.39461608,8.0,3.57738229,0.56498477
2009-06-12,48.52422665,100.48570376,319.32402994,8.0,3.62588146,0.69099539
2009-06-15,48.2825315,100.27774083,315.41010484,8.0,3.65471033,0.65392044
2009-06-16,48.14950245,99.89223417,318.16370821,8.0,3.67999212,0.51509371
2009-06-17,48.07815333,99.66634778,316.43324291,8.0,3.65362492,0.5395386
2009-06-18,47.88227821,98.73465959,315.75466993,8.0,3.71525905,0.64307843
2009-06-19,47.73892667,98.14870372,316.77325685,8.0,3.7863523,0.56055271
2009-06-22,47.63709381,97.4051126,315.40122715,8.0,3.78530683,0.6050209
2009-06-23,48.13966862,98.58403375,318.91229238,9.63825451,3.73177538,0.66377518
2009-06-24,47.78494218,96.54093453,318.80052592,10.55143279,3.74644704,0.77519429
2009-06-25,48.18373165,96.76062336,319.20859167,9.95376679,3.71587886,0.75621934
2009-06-26,47.95383737,96.10666944,317.36658807,11.40902486,3.707461,0.79290305
2009-06-29,47.6677173,94.36369341,321.41616363,10.58438863,3.74668932,0.70855649
2009-06-30,47.32111934,94.24878262,320.45353598,9.82269931,3.73504322,0.68070469
2009-07-01,47.13216676,94.4682704,312.44555456,9.06300358,3.75726624,0.64721177
2009-07-02,47.48383717,96.10594309,310.07216636,10.20694351,3.77153231,0.68890367
2009-07-03,47.41065634,95.69590178,316.40025612,10.45850875,3.7945084,0.61341341
2009-07-06,47.79160224,96.63044589,315.56088847,10.31219326,3.81640106,0.65917264
2009-07-07,46.75592392,93.67214362,315.12520735,18.23684169,3.81848854,0.97152067
2009-07-08,46.19589682,92.45105526,312.04746656,17.36223046,3.81191246,1.00966747
2009-07-09,45.95964772,92.71131114,313.8172858,14.55184925,3.80805879,0.90841491
2009-07-10,44.83290268,91.68372517,316.78167767,18.96327965,3.75588981,1.10914056
2009-07-13,45.35814518,92.36100487,317.80467336,21.28801746,3.78247956,1.13346198
2009-07-14,46.35298707,94.27963841,317.67657445,27.25443295,3.75970641,1.49686368
2009-07-15,46.31809625,94.39239337,313.5003894,22.98619988,3.74272612,1.1944
2009-07-16,47.06696563,95.97529192,308.49076301,23.48932355,3.70156035,1.29885351
2009-07-17,46.58450177,94.93551794,302.436742,22.95241112,3.69580968,1.25252898
2009-07-20,46.83247748,95.07912473,303.67049993,19.86086515,3.66915056,1.1120137
2009-07-21,46.61910107,93.72337879,299.11852044,19.01876859,3.68090184,1.12212602
2009-07-22,47.32726749,94.79172614,293.41123452,20.06344069,3.6594094,1.17877891
2009-07-23,47.19229899,93.9392876,291.22757098,16.97086575,3.67409853,0.95300211
2009-07-24,47.3819154,94.01125845,290.29029708,17.50065197,3.66762353,1.00932681
2009-07-27,47.2254621,94.82637379,280.64601019,14.67499847,3.67437468,0.88516331
2009-07-28,47.14768184,95.44815743,279.76574716,15.57606479,3.63693086,0.95511953
2009-07-29,46.80665751,94.16939541,278.47886487,14.47187103,3.6412749,0.79073971
2009-07-30,46.88213476,94.46815615,267.66026484,12.60621575,3.59956645,0.7244999
2009-07-31,46.66089325,93.89030048,275.83529574,11.93252555,3.59985933,0.87787777
2009-08-03,47.01527938,94.15537827,266.17200423,10.67710695,3.54539533,0.74327147
2009-08-04,47.12479561,94.24112309,270.87887684,9.55908201,3.54383564,0.65902209
2009-08-05,47.66951527,94.35116163,278.81930268,13.19292638,3.54276183,0.81626955
2009-08-06,47.37404786,94.75987615,284.52072386,12.69101691,3.56432915,0.79442534
2009-08-07,47.97422203,95.6322446,290.61349174,12.97213642,3.56765393,0.75652084
2009-08-10,48.21829642,96.50909285,289.1440009,11.91526767,3.5862216,0.74497501
2009-08-11,48.40979794,97.52918355,292.59186799,12.01532411,3.60370472,0.76076536
2009-08-12,48.43310791,98.38377001,282.74034705,10.82147285,3.57726315,0.68474425
2009-08-13,48.50940422,99.30606472,282.54144093,8.87406302,3.56308687,0.59226171
2009-08-14,48.96654102,100.36010626,285.60481886,8.70323204,3.48526644,0.58695476
2009-08-17,48.95157075,100.07768265,295.46986378,9.44467455,3.50703019,0.79544303
2009-08-18,48.80311809,99.07888208,284.22309136,9.03629239,3.55110604,0.67312836
2009-08-19,48.20153086,97.56663469,285.12445139,12.624462,3.50925191,0.73633082
2009-08-20,48.38353412,97.96300681,281.13793511,11.508863,3.50501769,0.72120271
2009-08-21,48.49787693,98.53594767,283.27910923,10.2843061,3.50289057,0.69954683
2009-08-24,48.50916066,98.69493513,290.97039722,10.90219835,3.47602516,0.68639592
2009-08-25,48.73979883,99.276233,288.05629211,9.64971083,3.45441803,0.68831789
2009-08-26,48.74911868,100.6346824,281.2807474,8.0,3.48211372,0.68633351
2009-08-27,49.18482289,100.91242937,298.09435032,9.58844864,3.46885947,0.54268702
2009-08-28,49.24303856,101.04334443,298.86472401,8.58319713,3.47819802,0.6658288
2009-08-31,49.08902185,101.18747609,302.80587452,8.0,3.45776334,0.58742074
2009-09-01,49.92726401,103.23699801,308.96199186,12.32478758,3.43397984,0.71329896
2009-09-02,50.08948857,103.10945754,304.01159381,11.66821599,3.47025274,0.71414126
2009-09-03,50.0373071,102.09635314,301.37975711,11.41698549,3.437389,0.61463361
2009-09-04,49.30590874,99.610574,306.69178282,14.9343894,3.43769598,0.83307831
2009-09-07,49.96348507,100.72567394,310.9543773,16.673301,3.44557184,1.05753284
2009-09-08,49.70209151,99.67328438,308.86950148,14.34711172,3.44275724,0.81499059
2009-09-09,50.27604879,102.26169805,298.15412144,16.37533576,3.52008113,0.85671991
2009-09-10,49.87846469,102.01778083,301.61949643,17.01505633,3.49695943,1.00825094
2009-09-11,49.72418097,101.65071951,307.20140642,13.88126277,3.5009308,0.91723923
2009-09-14,49.92827554,101.72313292,310.4223122,13.17642776,3.46763559,0.89358987
2009-09-15,50.04874194,101.06569989,303.86832732,13.88137977,3.47111166,0.77632434
2009-09-16,50.10704386,101.04810945,296.27224275,10.43782524,3.40091765,0.65671543
2009-09-17,50.24960904,101.4516048,292.9088951,9.62739133,3.36825365,0.64741222
2009-09-18,50.63048074,101.91062158,296.81596968,10.63944558,3.32982949,0.72971358
2009-09-21,50.46645782,102.92632204,300.61112039,8.0,3.34648971,0.53684323
2009-09-22,51.44794574,104.29232226,296.54702886,12.43653888,3.32931125,0.8172689
2009-09-23,51.50278901,104.65490703,300.76253017,12.1776394,3.36286938,0.82922973
2009-09-24,51.63041765,104.68977372,301.68512076,13.98656301,3.27425879,0.8459205
2009-09-25,52.27675264,105.56842204,294.8570796,10.84666672,3.27499396,0.73787452
2009-09-28,51.85285167,105.33800423,295.2909579,13.54756362,3.24364208,0.90982443
2009-09-29,52.3085107,106.20491989,299.35430261,13.54986297,3.23236467,0.82175464
2009-09-30,51.87136041,104.79621005,298.20497774,13.05240413,3.25340364,0.8682275
2009-10-01,51.39692111,104.46228786,294.36446629,14.07364891,3.25878899,0.83637799
2009-10-02,51.59266452,105.68444395,293.24157179,13.46082724,3.26911184,0.83387662
2009-10-05,51.79276884,105.56914165,301.4373403,13.68465446,3.24376335,0.83963062
2009-10-06,52.4177545,106.10778339,300.35703145,12.82006773,3.22373364,0.78837256
2009-10-07,52.07534024,104.99074322,299.7311935,14.55208074,3.23466481,0.90152273
2009-10-08,51.97129928,104.05916393,300.03750418,12.05469658,3.20465273,0.78302378
2009-10-09,52.19065505,102.89468637,295.64559776,11.76882259,3.19890054,0.75609213
2009-10-12,52.36203345,103.66305006,302.182837,11.08433238,3.21112219,0.73429324
2009-10-13,52.54167423,103.05650574,306.16515828,8.6464285,3.21968571,0.64464611
2009-10-14,52.91762177,105.05137739,308.35563575,9.59919103,3.19437404,0.6024331
2009-10-15,53.03792441,105.2921207,312.25487138,9.00814871,3.19175177,0.58197861
2009-10-16,52.61575797,105.36546393,311.952932,11.59968754,3.17497405,0.74415631
2009-10-19,53.35608483,106.56856361,311.24932349,12.72824138,3.1507369,0.82999208
2009-10-20,53.10263354,106.70077168,301.0011453,13.56708082,3.1677943,0.7909668
2009-10-21,52.94508243,106.63642387,299.39274118,12.49307594,3.16782125,0.8162429
2009-10-22,52.39936067,105.79745211,294.61269497,12.58868029,3.18861739,0.76885684
2009-10-23,52.57936673,106.16835529,289.52859283,12.5882269,3.24331003,0.77872543
2009-10-26,52.15433054,106.04368063,297.61248442,11.92805383,3.24292794,0.78958724
2009-10-27,52.04403337,105.61066505,295.89200087,12.08959855,3.28631424,0.76988426
2009-10-28,52.42716059,106.6915517,303.24619165,10.41443132,3.28983033,0.67126405
2009-10-29,52.38457659,106.14602525,305.40545855,11.39121705,3.27912076,0.76417564
2009-10-30,52.65827166,107.99206147,303.77660761,9.80648446,3.30313414,0.67342761
2009-11-02,51.58544947,104.94110871,296.73355851,16.99616048,3.30445207,0.95237779
2009-11-03,51.37957544,103.21375451,299.22296525,15.36801566,3.29357487,0.79278147
2009-11-04,50.92484371,103.30252907,299.75052768,12.57297043,3.31995411,0.85699686
2009-11-05,50.61273453,103.39321784,301.72578581,12.03193201,3.30662781,0.73516233
2009-11-06,51.12697388,103.93985127,308.24861945,14.40264315,3.31227674,0.87487087
2009-11-09,50.81843488,103.41131387,308.89062899,15.09268499,3.33473918,0.91921087
2009-11-10,51.04331517,105.04695059,309.16364084,12.63567989,3.31375429,0.71468258
2009-11-11,50.95886172,105.69056854,313.13450474,12.54503437,3.30779963,0.82517824
2009-11-12,50.32803756,103.93418495,311.53081252,13.97552212,3.29287723,0.90022084
2009-11-13,49.52232313,101.84753215,316.10541574,14.69055338,3.24702708,0.85721601
2009-11-16,50.19046784,103.67995774,316.19461687,16.58801049,3.23786103,0.97187945
2009-11-17,50.83805493,105.99152591,313.40641778,18.10102001,3.20126401,1.14622565
2009-11-18,50.65237776,105.06773814,308.87942851,17.46954798,3.15074707,0.9536218
2009-11-19,50.28987738,105.31904569,310.01367957,16.19075112,3.14926294,0.89727177
2009-11-20,49.72817798,102.65970745,307.03569931,15.37857515,3.13130278,0.9093063
2009-11-23,49.64715528,101.13610061,313.6972149,14.92303688,3.1275379,0.88443008
2009-11-24,49.02119797,99.77279306,317.31731595,14.5137241,3.12256732,0.82802797
2009-11-25,48.75022362,99.3208551,316.58610533,13.45808548,3.1473648,0.83176979
2009-11-26,49.32592173,99.64083872,317.08006414,17.21609066,3.18595437,0.97046072
2009-11-27,49.78511832,100.30448917,320.64375037,15.76850843,3.20681613,0.99226838
2009-11-30,50.19715035,101.55992576,319.47371974,15.67590253,3.21165393,0.98829462
2009-12-01,50.04608924,100.69173278,326.23780603,13.19152209,3.22740574,0.9022555
2009-12-02,49.53435722,98.35829214,327.69710508,14.45541282,3.17710783,0.97256177
2009-12-03,49.41567593,98.62826044,327.12172494,13.71037504,3.19234353,0.83214791
2009-12-04,49.07936949,97.65045405,331.43143901,14.60314285,3.2031097,0.8624106
2009-12-07,46.22144324,93.76821823,324.74064806,38.89812985,3.209714,2.05229268
2009-12-08,46.70287956,94.22850993,319.11802367,55.77455146,3.19100059,2.78761026
2009-12-09,44.88085231,88.84250667,312.31177079,57.42561185,3.20760274,2.85649397
2009-12-10,46.51000718,93.11377588,310.3102074,69.89841179,3.24234421,3.31623223
2009-12-11,46.38343957,95.35275931,310.53132606,63.47520731,3.2050334,3.13926832
2009-12-14,46.76682679,98.57597684,308.64925665,58.81625948,3.21092475,2.90911323
2009-12-15,46.72055621,96.22142882,303.20206878,52.92627513,3.1778894,2.57156053
2009-12-16,46.51488792,96.20590267,304.43831768,49.02756104,3.12006705,2.46231108
2009-12-17,47.72761421,98.73917271,309.04802753,50.92569557,3.11534221,2.49828391
2009-12-18,48.51034345,102.12167634,314.27671658,47.26445576,3.12100769,2.36589837
2009-12-21,48.97342012,102.6905207,326.72481889,44.98191388,3.12330552,2.26861466
2009-12-22,49.50276836,103.27271791,324.22565205,38.43067178,3.11842157,1.92858462
2009-12-23,50.32949556,104.19697645,329.41219005,37.71644472,3.12814605,1.92843801
2009-12-24,49.81179473,103.59407602,326.14390316,26.46550919,3.14920164,1.38953647
2009-12-25,50.14146727,103.89357337,329.27150513,23.55844685,3.11365342,1.31353612
2009-12-28,50.64726323,104.76685266,326.47644482,21.2569737,3.0718712,1.1844179
2009-12-29,50.41887994,104.66149252,324.100901,20.16543681,3.07005132,1.24988123
2009-12-30,50.30110252,105.00793332,322.03370461,18.10213989,3.09747388,1.0171361
2009-12-31,50.96920454,105.86266758,322.6957541,19.21998274,3.13169993,1.07913544
2010-01-01,51.10048697,105.79066299,320.77754416,18.31771776,3.10884604,0.97592474
2010-01-04,50.65568266,104.95244629,324.09212673,16.40760369,3.08855484,0.89682434
2010-01-05,50.45589623,104.72374488,322.19958683,15.54844978,3.13181581,0.90295955
2010-01-06,49.78370496,103.56582249,330.15927374,17.31574229,3.1594112,1.02627418
2010-01-07,49.49905269,102.88717555,328.88382635,16.00888912,3.16517251,0.85687495
2010-01-08,49.32397029,102.86530746,331.35335945,15.11379851,3.16140713,0.85206864
2010-01-11,49.34205789,102.89909722,329.5979402,12.66744724,3.16347667,0.85911828
2010-01-12,49.59867344,103.28888728,332.81538597,11.44477956,3.14092081,0.82139354
2010-01-13,49.41591207,103.49238948,333.57980556,11.79915159,3.2234556,0.74865448
2010-01-14,49.1260955,103.33624174,326.64211273,10.61019791,3.20908004,0.74333638
2010-01-15,49.11389999,103.19524483,329.63678665,10.03478703,3.18044578,0.621642
2010-01-18,49.19221053,103.95597627,328.22555764,8.42213148,3.17560451,0.69847184
2010-01-19,48.27231835,102.8546952,319.89802162,14.24127992,3.20404548,0.87297693
2010-01-20,48.42593614,102.43692632,322.0627648,14.70749679,3.19661113,0.94719762
2010-01-21,48.44695672,103.39037409,322.98835666,12.6242149,3.1474232,0.79756114
2010-01-22,49.24492673,104.51605487,328.33682233,17.42659469,3.17466475,0.99723681
2010-01-25,49.28732745,104.4223431,329.36753085,13.93708309,3.16679275,0.76865595
2010-01-26,49.60196655,105.14566922,330.33426034,14.8330899,3.19250028,0.87436171
2010-01-27,50.49769232,106.69563797,345.73295721,23.22481237,3.1726139,1.41866428
2010-01-28,50.80513252,108.3162715,349.85097684,21.60868935,3.18087021,1.23362102
2010-01-29,49.76946738,104.99428444,357.21158831,29.62432744,3.22085292,1.60358181
2010-02-01,49.14445981,104.48677207,372.19599371,31.1303119,3.24113333,1.63473097
2010-02-02,49.04961401,104.51641522,373.36997652,27.33600119,3.27542051,1.47017179
2010-02-03,49.15136153,103.68942843,382.42374538,25.8780124,3.26902941,1.44992356
2010-02-04,49.38308231,102.69357796,391.67439395,23.63170975,3.28411968,1.25782667
2010-02-05,48.56770275,101.86659997,385.66318299,25.44649673,3.28871458,1.34098598
2010-02-08,49.76075332,103.80219124,396.5668489,35.80253466,3.27090322,1.86552725
2010-02-09,51.17927068,106.73911767,397.36963224,41.04480153,3.30271752,2.10009486
2010-02-10,50.54073939,106.39802886,391.73725704,40.49860915,3.31147067,2.03987877
2010-02-11,49.80671665,104.85471194,370.06362091,39.83908345,3.26789108,2.0452656
2010-02-12,49.83177587,105.0340274,354.8357743,36.79778583,3.23217747,1.91367478
2010-02-15,49.59152329,105.5495753,367.96916426,33.386186,3.26256894,1.72609536
2010-02-16,49.44547717,104.5304731,383.84949249,29.39191933,3.2730474,1.55908409
2010-02-17,49.35514584,104.6962887,388.41591507,26.17514232,3.25473913,1.4216566
2010-02-18,49.16065517,103.52778342,398.37527308,25.32015817,3.27701041,1.36216106
2010-02-19,49.53323959,104.66312683,425.04945601,23.39767598,3.2639993,1.27945047
2010-02-22,50.45730757,105.5392834,433.56878163,27.08725358,3.25591472,1.46601459
2010-02-23,51.38270518,107.09616372,462.27798462,28.85098142,3.27023917,1.45042257
2010-02-24,50.70656888,106.6473224,459.85508543,31.65331638,3.29278436,1.63893975
2010-02-25,50.94617595,107.38534808,464.35224894,27.90784644,3.35081434,1.49213065
2010-02-26,51.4776062,108.40921064,479.50029123,18.01988192,3.39602316,1.05581558
2010-03-01,51.51148207,108.44799666,482.41706603,16.95150826,3.40507155,1.02103126
2010-03-02,51.61915164,108.55053929,493.04317723,12.94502275,3.38627084,0.78194294
2010-03-03,52.11159858,109.70128281,495.20646622,13.8868482,3.39936263,0.89610657
2010-03-04,51.49608594,107.94341108,479.94552447,23.24801763,3.40311957,1.31907964
2010-03-05,51.33600691,108.54984818,504.57633297,22.96220573,3.45745899,1.2603082
2010-03-08,50.60880014,106.79773794,509.92872977,24.35673145,3.48502548,1.27430822
2010-03-09,50.03194576,103.98973033,510.6271267,24.30897452,3.4679129,1.30258236
2010-03-10,49.12967944,101.22298424,498.07436489,25.90239235,3.44056736,1.38058762
2010-03-11,48.22554652,98.26537524,492.10871578,24.91847159,3.47060819,1.4010726
2010-03-12,48.88527888,98.99653106,490.71551483,32.00290918,3.51091336,1.64872878
2010-03-15,50.06990943,100.35360678,471.50154505,38.70188217,3.51387241,1.99255417
2010-03-16,49.65639701,98.89341904,466.97801129,36.17502537,3.4795842,1.8188323
2010-03-17,49.87696634,101.28010671,454.9767326,31.64944298,3.46637028,1.72223469
2010-03-18,50.85603987,103.38331715,444.88936246,34.72580281,3.46744474,1.76193811
2010-03-19,50.09468294,101.21152021,464.20620717,36.49005637,3.4484467,1.85239429
2010-03-22,49.82447537,100.75331367,443.23657743,32.6558921,3.40907986,1.73446385
2010-03-23,47.86332147,94.41959691,441.92838983,48.21246976,3.37432563,2.40718488
2010-03-24,47.79979154,91.87072492,448.7038876,42.53658543,3.40615663,2.03587559
2010-03-25,46.91341859,89.57358767,448.84371238,40.04249629,3.36724864,2.02316929
2010-03-26,46.40046211,83.77228397,461.76126457,35.94710591,3.38307628,1.91004068
2010-03-29,46.24980644,83.53425069,460.05853463,32.85789713,3.34540192,1.59273568
2010-03-30,46.74593194,84.14942634,475.958007,33.2736736,3.2909169,1.73744247
2010-03-31,44.91232622,78.3795453,478.97732698,44.97260312,3.25713963,2.16314058
2010-04-01,44.7087886,77.98719611,484.81350694,30.24218347,3.27461511,1.53730195
2010-04-02,45.08271489,78.56811495,485.21025888,29.10434899,3.31799635,1.43274328
2010-04-05,45.32495951,79.80801056,495.18323964,26.75407284,3.29587013,1.47076855
2010-04-06,45.68408835,81.84291859,488.19929139,26.89671641,3.23470423,1.48011794
2010-04-07,45.48099941,80.47111368,489.02250117,22.89140094,3.29263361,1.29004588
2010-04-08,45.61659174,82.20577372,481.26954588,20.83075985,3.3139939,1.3117004
2010-04-09,44.95958381,82.27836962,471.43990167,20.43704772,3.3536007,1.12262885
2010-04-12,44.70166377,80.60428155,459.84045976,19.87333187,3.31634867,1.11351501
2010-04-13,44.92121127,80.69355593,469.41949364,18.65239473,3.33880764,1.10782013
2010-04-14,44.68181166,81.29461581,465.83520755,16.37395047,3.30756968,0.88982416
2010-04-15,45.02452919,81.91840472,466.30132313,16.31161252,3.34749301,0.96146704
2010-04-16,45.36799112,81.56028619,459.88023735,15.59427136,3.3379075,0.85807435
2010-04-19,45.28085035,81.54981327,453.52307518,14.93227043,3.31560969,0.9417205
2010-04-20,46.02439155,83.80770378,459.30662952,17.35960218,3.28200994,1.05166431
2010-04-21,46.2611735,84.72046566,465.19732645,15.82110573,3.3095111,0.94936812
2010-04-22,45.42629365,82.88454149,466.08691671,20.12411168,3.28239491,1.08407976
2010-04-23,46.44871763,86.45251912,459.8037404,23.40954507,3.25031562,1.17759201
2010-04-26,47.15753998,88.32271426,467.43864951,21.6274314,3.24080151,1.15561196
2010-04-27,46.18244392,85.69886604,457.69618089,25.51041622,3.23191952,1.41163887
2010-04-28,46.15732366,86.77344915,456.25983074,23.15930162,3.20403047,1.20786994
2010-04-29,45.56707694,86.32334275,447.22672159,22.70937243,3.25027392,1.24346102
2010-04-30,44.55911879,83.02243569,451.87002047,26.4826076,3.28269691,1.3893368
2010-05-03,44.15008819,82.35737433,444.72349824,22.89359801,3.31262957,1.32225852
2010-05-04,44.38191511,83.69456171,447.26698663,22.58768024,3.25208282,1.18737351
2010-05-05,43.85154086,80.78498788,447.55442264,19.89362465,3.1985219,1.17648482
2010-05-06,44.3489392,81.64090287,440.78321499,22.07723111,3.1510024,1.16476072
2010-05-07,44.84765487,84.58596619,434.47597517,21.28454676,3.14711227,1.16162347
2010-05-10,45.58779897,86.37651792,425.0844105,22.81039071,3.14492376,1.28882235
2010-05-11,45.67369058,87.9090011,417.65096765,18.70119365,3.17580476,1.05348506
2010-05-12,46.14909133,89.04697653,415.51997534,19.78447536,3.17009337,1.04215432
2010-05-13,45.89883717,86.99337452,416.06166944,18.2337387,3.23493271,1.01805065
2010-05-14,44.94498434,83.68387252,413.59372469,21.56744014,3.23033337,1.19362419
2010-05-17,45.34197572,83.42787871,421.27406735,21.52181763,3.27521334,1.18095021
2010-05-18,44.41795263,79.73646498,419.6619217,22.59337439,3.25460583,1.27345761
2010-05-19,44.31761972,78.02989055,423.64839625,21.81552732,3.21573488,1.22356803
2010-05-20,44.14104746,80.94793797,418.8605253,19.97847107,3.22087886,1.12329086
2010-05-21,44.11085521,79.35645353,406.8056938,17.04250178,3.23389581,1.01901763
2010-05-24,44.31857137,82.08616148,407.65215664,16.14913933,3.23770941,0.89737545
2010-05-25,44.65972679,83.55505488,406.58883032,16.17006038,3.25420764,0.92780171
2010-05-26,44.57290783,81.03049078,411.02738421,14.51533505,3.27506364,0.78024374
2010-05-27,44.08658624,79.32095806,407.99087938,15.82350137,3.28041629,0.88649808
2010-05-28,44.47024445,79.79324362,403.05183911,14.62451826,3.2706171,0.85149154
2010-05-31,43.96396145,78.75959467,402.36504471,15.14513302,3.30638545,0.82032315
2010-06-01,43.74295696,79.54133159,401.16874846,13.91348245,3.29193616,0.85053465
2010-06-02,44.03253005,80.80186056,402.08016808,15.09417832,3.2883806,1.01519563
2010-06-03,43.76210615,79.36511047,404.06127433,14.2953495,3.28266452,0.95074827
2010-06-04,43.41647184,76.5877255,398.68075652,13.68265604,3.23321761,0.84222572
2010-06-07,43.30278517,75.77446928,399.81048834,10.19905344,3.23463892,0.72328225
2010-06-08,42.80132989,72.98733411,397.08681659,13.36841021,3.20782577,0.78262713
2010-06-09,42.84253107,74.07988705,394.65889331,8.93198655,3.19877902,0.65630828
2010-06-10,42.66658969,71.50593478,397.00799218,10.21869938,3.18862831,0.66451416
2010-06-11,42.59724725,70.12030749,401.46562222,9.26892294,3.19626206,0.66448225
2010-06-14,42.40630365,69.81276428,403.16195092,8.45445239,3.23843098,0.57090444
2010-06-15,42.384335,71.02954216,402.17016188,9.70557911,3.26681244,0.70946548
2010-06-16,42.56023482,72.27396267,398.64866519,9.40144802,3.27484324,0.69985265
2010-06-17,42.88575596,71.44779635,406.57010127,10.64573326,3.31140225,0.77147099
2010-06-18,43.13574988,73.46622267,407.54730672,8.98295887,3.27002248,0.6105563
2010-06-21,43.85534397,75.83115747,410.74474963,15.03201303,3.29466702,0.86660687
2010-06-22,44.60482736,79.21062708,408.93717947,13.83078977,3.34179924,0.89983702
2010-06-23,45.01786844,79.32001714,406.64643112,13.92465253,3.31129016,0.86775247
2010-06-24,44.70668078,80.01852448,403.43141783,16.22835342,3.3333288,0.99686131
2010-06-25,45.18786018,81.96780355,397.00019476,14.7833128,3.30623159,0.96971966
2010-06-28,44.92702256,83.17475476,401.85066943,15.06319763,3.29411538,0.85893083
2010-06-29,44.9911379,82.32211146,404.51441556,14.00531572,3.29607486,0.87626654
2010-06-30,44.87428101,81.88114519,396.08172606,11.90305833,3.29754825,0.75159234
2010-07-01,44.53626505,80.34023251,389.59562347,13.63492367,3.29198204,0.83041718
2010-07-02,44.80522715,80.1769068,394.88641688,12.3767878,3.24736762,0.80561162
2010-07-05,44.78949693,79.88992983,399.6171568,12.04643979,3.23155039,0.80343534
2010-07-06,45.33083444,81.13895551,400.28310163,12.2365153,3.25281991,0.85465445
2010-07-07,44.91276201,79.99804259,403.99919507,14.52161611,3.25176336,0.93768887
2010-07-08,44.97798794,80.92679733,391.93216194,11.64438523,3.25979908,0.84837983
2010-07-09,45.3465586,83.45793541,388.41121213,12.9805091,3.20099814,0.83168382
2010-07-12,44.90648273,81.59218231,390.63988202,14.42876196,3.17774954,0.78109765
2010-07-13,45.25473695,81.83019495,397.34137575,12.31001508,3.22466798,0.79025744
2010-07-14,44.86053444,80.8829345,400.89433451,12.98835976,3.2698985,0.7527241
2010-07-15,44.39832198,78.57522299,397.71020264,12.86514373,3.26971869,0.80848846
2010-07-16,44.24978389,78.38460359,397.70871929,12.42613739,3.22825612,0.79896543
2010-07-19,44.00868343,77.7834818,393.01465209,9.89805713,3.22157193,0.6704683
2010-07-20,44.28803203,78.896778,394.19597913,11.90005948,3.25668657,0.8565524
2010-07-21,44.0059267,77.91838083,391.56720501,10.79135243,3.25652046,0.67475852
2010-07-22,44.30095901,79.4156644,388.14017063,12.01331276,3.28024678,0.72986511
2010-07-23,43.75004974,78.79011704,380.46167181,13.05927393,3.23974382,0.83913921
2010-07-26,43.90154537,78.88976604,373.68226684,14.26521619,3.24862608,0.89395545
2010-07-27,43.59529421,78.0730017,375.69333814,12.38140249,3.26537481,0.82948372
2010-07-28,43.28730117,77.70087589,380.83163645,11.31971053,3.24955339,0.73890176
2010-07-29,43.72294597,78.44642982,378.99507768,13.67570109,3.22894968,0.85796593
2010-07-30,44.11635039,78.87995588,386.08018191,14.42546644,3.26778768,0.91635658
2010-08-02,43.90646717,78.95549515,381.79181402,13.10481807,3.26243054,0.83265978
2010-08-03,43.7908582,79.64348763,384.66754853,11.31055988,3.25397465,0.7576057
2010-08-04,43.95543288,79.19834317,386.95843225,11.83323171,3.24394238,0.73274821
2010-08-05,44.0026033,79.26028029,388.48681678,10.51333515,3.24473241,0.59047731
2010-08-06,43.81052458,78.58176986,393.31312787,8.0,3.20712408,0.5734319
2010-08-09,43.64863438,77.98391906,384.00698493,8.21648679,3.19349377,0.62863983
2010-08-10,43.83559201,78.60031802,382.75022164,8.9507563,3.24072318,0.57737743
2010-08-11,44.44004551,80.53059421,380.93963304,13.14946963,3.23057405,0.78534923
2010-08-12,44.26774632,79.74059164,389.29204924,12.36750805,3.25770643,0.84920087
2010-08-13,44.8257486,80.85201292,388.07425126,12.84626535,3.26708406,0.84297126
2010-08-16,44.53372818,80.73092915,383.72108926,13.3548754,3.26542606,0.8503925
2010-08-17,44.03765366,79.35727691,382.54326925,15.05441731,3.28768359,0.89576198
2010-08-18,44.20723435,79.7016044,383.01427661,13.38964547,3.31133339,0.80357647
2010-08-19,44.01023114,79.4886238,382.83448154,13.2849078,3.33468611,0.83223618
2010-08-20,43.46449625,77.60550273,381.89094759,12.83495217,3.31898925,0.71819388
2010-08-23,43.60363372,77.93695897,386.68276086,13.43301841,3.32020535,0.80457797
2010-08-24,43.67756467,77.94096703,386.10988289,11.03967685,3.34300916,0.81171886
2010-08-25,43.34575953,77.96447794,384.06713789,11.08985826,3.32931786,0.76358782
2010-08-26,43.17797403,77.64188571,385.42202492,10.49730215,3.39218294,0.64770234
2010-08-27,43.1795668,77.49010622,390.96446983,10.57209028,3.34453481,0.72518479
2010-08-30,43.47810422,77.77905754,390.53874263,8.55616847,3.31338472,0.65019755
2010-08-31,43.45604689,77.66748361,394.83497683,10.36626067,3.28193415,0.66778957
2010-09-01,43.33130686,77.83407097,397.14354452,8.0,3.2973666,0.60943628
2010-09-02,42.93429017,77.19434303,396.62196312,9.56025971,3.28389479,0.58929411
2010-09-03,42.81650508,77.28374945,393.85240657,10.01220255,3.31099454,0.65231993
2010-09-06,42.93962839,77.89001697,388.00744012,8.02994713,3.30048748,0.55745547
2010-09-07,42.99158599,78.82976265,389.03738327,8.0,3.28262475,0.65566129
2010-09-08,42.91467441,78.10681044,389.35063439,8.4650328,3.26480251,0.59610588
2010-09-09,42.80226537,77.98594562,385.43832188,8.0,3.27088109,0.55850933
2010-09-10,42.85605179,77.9977002,387.83290684,8.0,3.31446257,0.5536483
2010-09-13,43.06511534,79.23660407,390.16838687,8.0,3.30542095,0.58487613
2010-09-14,43.28074239,79.90554533,391.14075064,8.0,3.31496622,0.67278289
2010-09-15,43.39007852,80.54807418,395.95888421,8.0,3.29604768,0.61761602
2010-09-16,43.76324809,81.13633297,400.62487797,8.0,3.28592735,0.58024082
2010-09-17,43.95863026,82.06726672,404.12296204,8.0,3.30275064,0.5849423
2010-09-20,44.13988756,81.91680262,406.98694186,8.0,3.32577678,0.64742343
2010-09-21,44.21650864,81.63041539,416.19751289,8.0,3.30155059,0.49197555
2010-09-22,44.02968421,81.41201811,421.10386389,8.0,3.28303413,0.43490833
2010-09-23,44.07536931,80.79275667,418.89615648,8.0,3.32611046,0.56620833
2010-09-24,44.48124972,81.74196534,420.59512134,8.0,3.28501206,0.54305346
2010-09-27,44.65493552,82.15268702,424.34646742,8.0,3.29928884,0.5728086
2010-09-28,44.61183683,81.84686248,424.35116234,8.0,3.27484154,0.60171798
2010-09-29,44.29022472,80.27959561,422.56348829,9.96954702,3.2942934,0.58913909
2010-09-30,44.47261791,80.10841838,419.01160256,9.5692761,3.34540372,0.70209418
2010-10-01,45.10807661,81.19461016,418.6080147,11.07213637,3.32390615,0.71788496
2010-10-04,44.96498823,80.68186447,413.04910968,11.55108363,3.33959972,0.67410314
2010-10-05,45.01948442,80.90775001,409.1825787,10.43900021,3.30729145,0.70395155
2010-10-06,44.94660711,80.19085125,410.51092198,8.1696959,3.32111147,0.57174575
2010-10-07,44.81353406,80.55099466,411.85525545,8.40565859,3.33507158,0.6382659
2010-10-08,44.81869799,81.20420585,416.07249278,8.18513534,3.33793974,0.50276146
2010-10-11,45.21375119,82.76377368,414.35634602,8.58574861,3.35862569,0.54442223
2010-10-12,45.75325243,84.05269624,410.75764589,11.58764535,3.36566358,0.85976097
2010-10-13,46.02197872,84.87401331,412.01053391,9.6830215,3.37879422,0.62225298
2010-10-14,46.01300472,85.08902961,410.74157013,9.21949971,3.37747639,0.65579213
2010-10-15,45.81132558,84.46283035,405.79463027,8.49422256,3.29831829,0.66901707
2010-10-18,46.00074227,85.16949972,407.60338677,8.0,3.2550586,0.67085492
2010-10-19,45.931411,84.96923248,409.82368917,8.0,3.26204923,0.64193167
2010-10-20,45.75266669,84.63867344,408.34893334,9.32346528,3.27528296,0.60903799
2010-10-21,45.79908616,84.50245434,405.04857915,8.0,3.27673337,0.61018381
2010-10-22,45.88889536,85.5567653,410.84043192,8.0,3.31716572,0.61602114
2010-10-25,46.12748865,86.00187718,405.48374463,8.0,3.3096085,0.65282959
2010-10-26,46.00958628,85.81863515,407.11067706,8.0,3.29363656,0.63344007
2010-10-27,46.2085751,87.55368809,410.76278823,8.0,3.28069495,0.55008892
2010-10-28,46.08034133,86.69122048,414.46872983,8.0,3.31600961,0.53483785
2010-10-29,46.44680628,87.61709482,416.93235141,8.0,3.33803433,0.66117509
2010-11-01,47.03015522,89.61848602,418.17565139,8.0,3.40304985,0.52360555
2010-11-02,46.94355921,89.97327621,419.74049731,8.10404896,3.42998513,0.620649
2010-11-03,47.22244727,90.4374183,422.69179011,9.56308183,3.47406201,0.69180722
2010-11-04,47.1700549,89.70933762,424.68821721,8.0,3.45295215,0.52377386
2010-11-05,47.71341761,91.11649598,426.3297852,10.21722778,3.49358519,0.670247
2010-11-08,47.87647718,91.81643386,425.16183879,8.0,3.4839455,0.53803639
2010-11-09,47.79378552,91.35239598,427.41832388,8.33733575,3.4939425,0.67522923
2010-11-10,48.14935321,92.01504673,425.18097892,8.0,3.49846074,0.53728253
2010-11-11,48.01315947,91.441022,424.92077508,8.0,3.5071642,0.61346951
2010-11-12,47.71206689,91.30277784,421.50021042,10.13500503,3.50685139,0.66991062
2010-11-15,47.98045278,91.58637506,417.96251131,8.67163908,3.50174448,0.67792729
2010-11-16,47.94731393,91.17852805,410.92487767,8.55637992,3.47896524,0.63892459
2010-11-17,47.81584034,90.88546857,408.64701459,8.0,3.48037935,0.62394647
2010-11-18,47.86460507,90.52408085,411.14049128,8.0,3.51934459,0.59507298
2010-11-19,48.1440294,90.84026412,409.22404406,8.38222668,3.54396843,0.67969702
2010-11-22,48.0058446,90.35724646,408.56223093,8.0,3.5235905,0.55778977
2010-11-23,48.19849081,90.7121327,412.31135765,8.0,3.57605987,0.63545274
2010-11-24,48.89776261,91.77349591,416.30706039,10.36986776,3.57196312,0.71401917
2010-11-25,48.45426091,90.84660626,411.90999507,12.70079611,3.5249717,0.8074284
2010-11-26,48.1992262,89.6594593,408.44161366,12.16690936,3.49338264,0.77805536
2010-11-29,48.01934956,89.57648559,412.37908303,11.25029487,3.43278768,0.6336032
2010-11-30,48.3151479,90.50325194,407.05571901,11.13082991,3.45558125,0.7753947
2010-12-01,48.0824871,90.32819352,406.2436685,10.84033044,3.4580422,0.74237026
2010-12-02,48.34486074,91.46947553,408.26307719,11.48618208,3.44647698,0.82901297
2010-12-03,48.7700129,92.34337329,409.76165998,10.30672625,3.45247955,0.71130695
2010-12-06,48.5944519,91.87164668,412.09762107,8.48219292,3.45507383,0.57122743
2010-12-07,49.19621866,93.15627994,411.46273588,12.21732736,3.50653007,0.81938084
2010-12-08,48.91929554,92.21855385,409.45488849,13.49165401,3.48211973,0.77885731
2010-12-09,49.19109224,91.98695851,410.67340102,12.76794055,3.4830584,0.76207622
2010-12-10,49.59641083,93.48368209,415.98726595,11.00026569,3.47789754,0.7385815
2010-12-13,49.11567595,93.96931227,419.72741877,13.34151665,3.52304518,0.7626516
2010-12-14,49.07912888,93.09542493,417.69527256,13.87415817,3.49262877,0.91881847
2010-12-15,49.31676029,93.25726566,422.37595572,9.71785244,3.50011399,0.6857087
2010-12-16,49.32397065,92.72401721,421.50945486,10.30886939,3.51810169,0.67144887
2010-12-17,49.61660452,92.8325074,424.86341973,9.79859543,3.49776557,0.61140962
2010-12-20,49.40150633,92.80989745,422.63860253,8.8068381,3.49589108,0.6863411
2010-12-21,49.84153996,93.31186975,420.99843622,10.42178202,3.48001177,0.69674865
2010-12-22,49.30464316,92.38982564,423.11092278,12.4912883,3.52194433,0.90274421
2010-12-23,47.81200155,88.50152548,424.74687225,32.23402682,3.50168726,1.64406476
2010-12-24,47.3215055,87.37299113,431.80890115,30.03251836,3.53944949,1.56957088
2010-12-27,46.86274093,85.29025591,437.25482981,29.25133242,3.53147111,1.51229169
2010-12-28,46.86569319,84.29546273,444.01089099,25.73974994,3.49331434,1.33111192
2010-12-29,45.94792294,82.53455336,434.94492051,26.41795375,3.49750507,1.41458245
2010-12-30,46.43125077,83.55712258,439.16377006,30.92857926,3.46434118,1.6129933
2010-12-31,46.64852556,83.7023296,442.86074612,28.67800572,3.43371337,1.63121685
2011-01-03,46.18262014,83.43348717,427.87116863,27.05316602,3.45572283,1.4295895
2011-01-04,45.98789629,81.40736891,411.86479302,24.49425634,3.47471122,1.35848794
2011-01-05,46.13233066,83.58637253,414.80581251,22.68412977,3.52961958,1.25464777
2011-01-06,46.0129141,82.10507572,420.42398862,21.23270807,3.5280812,1.12404888
2011-01-07,46.86454575,84.60264416,426.91086565,26.58606604,3.52074948,1.40029868
2011-01-10,46.81548592,85.90293558,400.19975862,25.13366723,3.50053232,1.45224462
2011-01-11,46.80604647,86.9663361,403.99568246,21.91980665,3.53112828,1.25384084
2011-01-12,47.05463617,84.44942888,396.20951686,22.28399969,3.51488656,1.27705284
2011-01-13,47.38574902,85.29915799,410.14330678,20.4006267,3.51078336,1.09786567
2011-01-14,47.22742645,86.93929455,393.59932171,19.73149545,3.51646434,1.19109566
2011-01-17,47.2159869,85.8528198,399.44967152,17.344632,3.46193265,1.0068253
2011-01-18,47.80524595,86.16786285,401.26905076,19.53241039,3.45682329,1.0594221
2011-01-19,47.34401677,83.21944653,403.47094564,20.08694542,3.46231229,1.0971765
2011-01-20,46.9059741,80.53260482,395.09600948,19.46166855,3.47708724,1.09889615
2011-01-21,47.16699053,82.90056881,406.33448303,21.12928614,3.45329853,1.19257578
2011-01-24,47.33296616,86.95193071,402.74945844,18.440216,3.46609745,1.07395477
2011-01-25,47.82205365,84.32804112,417.08486753,18.85653806,3.39096665,1.14369731
2011-01-26,47.31130497,83.79906287,422.49280868,18.9998653,3.37777626,1.11892135
2011-01-27,46.99767391,84.73979352,404.35239094,22.05235962,3.38592168,1.15308618
2011-01-28,45.92326847,83.0768033,392.31831896,27.49833804,3.41226407,1.50075077
2011-01-31,47.27436561,86.56705189,386.5110769,40.62534116,3.46042186,1.92917855
2011-02-01,46.97451608,86.55569211,399.54631403,36.82815179,3.48087537,1.90153887
2011-02-02,47.20871864,87.16087528,394.58230987,34.70745558,3.47790903,1.78652092
2011-02-03,47.48482426,88.85722135,416.52885247,31.30091308,3.49851945,1.59458225
2011-02-04,47.10700496,89.42909699,417.16011008,26.99148639,3.54819751,1.50264155
2011-02-07,46.79732762,88.24650475,415.40811886,26.67522366,3.55750349,1.43091455
2011-02-08,46.23597942,87.89466078,406.61605321,27.21397735,3.5850029,1.46067947
2011-02-09,45.97280677,86.00929125,423.32726126,24.66751223,3.6194967,1.29604846
2011-02-10,45.36605525,84.45012665,431.4628315,22.53227247,3.58655491,1.27168891
2011-02-11,45.72821211,86.03446214,447.54407131,25.19244985,3.57543401,1.32659427
2011-02-14,45.79389702,87.21992888,428.88561325,22.64689916,3.57762584,1.18405088
2011-02-15,45.96239013,86.60487579,447.74855079,19.12678472,3.54448601,1.07160491
2011-02-16,46.15677312,86.67756236,457.32117057,20.56249865,3.53690254,1.19324051
2011-02-17,46.36228118,87.49480583,431.56378568,17.82245734,3.57729258,1.00410743
2011-02-18,47.13530557,88.95550141,423.79136722,21.62921628,3.58389233,1.29597965
2011-02-21,47.02596767,87.98099757,443.13809286,21.18604046,3.58106237,1.16724815
2011-02-22,47.33995179,87.55603979,442.76219467,17.67385794,3.57048115,1.07525881
2011-02-23,47.11929481,87.6851776,436.31634282,19.51859489,3.58259622,1.13771792
2011-02-24,46.89323784,87.54030965,437.95718077,19.12217851,3.57983859,1.15329519
2011-02-25,46.93756593,88.41803918,452.48833667,16.12113134,3.54942583,0.92956267
2011-02-28,46.83725926,87.96090436,423.58993458,16.16593287,3.56187058,0.99663532
2011-03-01,46.72267864,88.2544519,417.9025358,14.98391424,3.52058283,0.96473435
2011-03-02,45.75772342,85.30253936,432.28862009,21.65669484,3.4927701,1.151844
2011-03-03,45.76477196,84.77840813,449.55721826,20.48127358,3.52825365,1.11476597
2011-03-04,45.791946,85.28978516,444.12198498,13.42937863,3.52779911,0.74361622
2011-03-07,46.02033701,86.33927692,439.16572216,13.29481474,3.54750266,0.80739381
2011-03-08,46.03905236,86.79563384,442.12704245,10.89530438,3.54245462,0.66989871
2011-03-09,46.15689171,87.2708251,450.59812483,10.25494086,3.50125132,0.74461977
2011-03-10,45.96340209,85.97480577,450.39865465,10.16943637,3.50144105,0.60078238
2011-03-11,46.06367953,86.10167083,450.43774878,9.95320175,3.44918419,0.6198072
2011-03-14,45.84423486,85.50523888,445.37883953,9.15304639,3.52020812,0.54754896
2011-03-15,45.67977396,85.90623067,433.30635598,9.2231842,3.47695004,0.56757081
2011-03-16,45.13739991,83.95522025,434.27274319,10.6280795,3.49219179,0.74015109
2011-03-17,45.13749069,83.71604807,453.12239102,9.77357637,3.48617969,0.62107054
2011-03-18,45.41514194,84.06875789,436.4002226,10.08667116,3.44863153,0.65503405
2011-03-21,45.92142544,85.45915862,441.44070048,11.30800893,3.47459791,0.80117712
2011-03-22,46.05330155,86.07703512,429.08512077,12.81103806,3.46702574,0.84429828
2011-03-23,47.02349812,88.85239704,428.22996977,15.3294718,3.43896775,0.93528354
2011-03-24,46.85147102,88.19941719,421.89930668,15.16605754,3.36632334,0.9299827
2011-03-25,46.96047977,89.07736804,419.25011822,14.38573366,3.35706818,0.87852038
2011-03-28,47.31837597,89.63741159,435.53597255,12.32692319,3.41212231,0.89622944
2011-03-29,47.65992244,89.54012296,431.34851211,12.35768006,3.45365202,0.83202912
2011-03-30,48.42456931,91.53147004,443.69492793,12.65187286,3.40903588,0.82744598
2011-03-31,48.7457814,92.91611886,431.3684957,11.94259421,3.44454378,0.81747939
2011-04-01,48.90740062,93.88732963,433.76940464,12.4483318,3.45146059,0.85373973
2011-04-04,48.97988433,94.13443895,422.26194282,10.41308264,3.46528101,0.71654048
2011-04-05,49.83318283,96.10458758,422.46956187,12.24225397,3.49945285,0.78430027
2011-04-06,49.85207417,96.35796029,409.37706557,12.83958071,3.46303231,0.769759
2011-04-07,49.91291328,96.61053612,401.04302661,11.57279642,3.44278171,0.77857515
2011-04-08,49.98092969,97.08462454,399.93247985,10.98501601,3.49707222,0.69388841
2011-04-11,49.98955432,96.92183544,393.81348723,8.81156754,3.48626195,0.71204361
2011-04-12,49.51027975,96.22279923,397.46326287,11.87287439,3.47735493,0.75432585
2011-04-13,49.70477595,97.63418969,380.5759763,12.20178664,3.43820525,0.78058429
2011-04-14,49.50012321,96.83511085,396.69668537,10.63063007,3.43555881,0.70531048
2011-04-15,49.56810206,96.84389835,396.26633416,9.62802261,3.46032497,0.5792892
2011-04-18,49.56011926,97.24251403,399.29100487,10.57848216,3.51499797,0.6313813
2011-04-19,49.45179798,96.57131977,411.98598516,8.08777939,3.53811987,0.64194043
2011-04-20,50.04245921,97.20612937,401.98191449,11.64023788,3.53795546,0.7746374
2011-04-21,50.36755683,97.41299857,409.96510949,10.25926303,3.53047842,0.72097583
2011-04-22,50.09393705,97.86150369,420.34047376,10.61072123,3.55854484,0.62880046
2011-04-25,50.30412957,98.53138254,421.81748128,10.01253692,3.55803768,0.69494353
2011-04-26,50.17264865,98.20408488,419.51838333,9.17616532,3.5497985,0.6099794
2011-04-27,50.62754105,99.55369667,421.44979902,8.98361595,3.49274385,0.67672445
2011-04-28,50.87360775,99.67535711,424.73933161,9.82295275,3.47018035,0.659572
2011-04-29,50.50409896,99.48217397,422.70351097,10.48586509,3.46459174,0.68048378
2011-05-02,50.62643128,99.80134351,416.70838395,10.74114599,3.45811714,0.69385361
2011-05-03,50.62946094,99.71045257,429.00031349,8.89561073,3.45543117,0.65370672
2011-05-04,50.69408874,99.26469045,433.92822825,8.0,3.48954879,0.62627869
2011-05-05,50.67743584,98.89209797,439.27601327,8.0,3.42426895,0.50634557
2011-05-06,50.37583831,97.75488587,436.52290414,8.0,3.43606354,0.56294902
2011-05-09,50.5023185,98.60261901,437.92241077,8.0,3.43307179,0.53280168
2011-05-10,50.58289627,99.06391976,444.03294411,8.0,3.38130924,0.53700581
2011-05-11,50.00044152,97.99206089,447.69823314,9.97145168,3.39130012,0.70331255
2011-05-12,49.78367879,96.84606716,436.37171273,8.0,3.38993802,0.56792294
2011-05-13,50.47986658,98.26753163,447.89986443,13.64194119,3.33724395,0.70450513
2011-05-16,50.59769083,98.92520423,461.0957151,11.84596791,3.33995729,0.76518896
2011-05-17,50.41763464,99.17281041,460.74534996,10.15683154,3.35306584,0.71059365
2011-05-18,51.01599477,100.74693064,457.27478898,13.78423158,3.34432084,0.98184163
2011-05-19,50.4865107,100.32765717,446.87841753,14.5118427,3.3619989,0.87347563
2011-05-20,50.81344873,100.51816275,446.8469275,13.40884816,3.34285725,0.83154145
2011-05-23,51.02871068,99.34276249,436.59001275,12.14510936,3.34712763,0.91614567
2011-05-24,50.17748414,98.10741298,427.01584231,16.03621307,3.34752546,0.98870925
2011-05-25,50.65529118,98.24617862,430.53497347,16.2640161,3.36447648,0.94295279
2011-05-26,50.80620728,100.00495039,422.51914015,15.3633977,3.33180711,0.96604798
2011-05-27,50.65253625,100.43742129,433.5157226,13.6008761,3.40455814,0.83443466
2011-05-30,50.1132825,99.69097247,411.15371236,14.55699461,3.36162664,0.86566401
2011-05-31,49.64201168,98.79125452,408.82210194,15.02626967,3.40613916,0.84486386
2011-06-01,49.70090004,98.97161336,402.2987733,13.06527555,3.41119435,0.91733233
2011-06-02,49.4889559,98.37342162,400.8193425,12.18923396,3.4142285,0.80831285
2011-06-03,49.41193089,97.76210536,401.25664135,11.46267375,3.44848446,0.73210272
2011-06-06,49.98123726,98.40557899,414.27443804,13.14763766,3.42714592,0.75332375
2011-06-07,50.20536376,98.65455746,410.92678926,12.69143337,3.38637014,0.76654622
2011-06-08,50.33859485,99.27350937,411.10079175,11.39107592,3.42055731,0.57579087
2011-06-09,50.17698224,99.01187957,413.79302897,10.07409544,3.48186134,0.77123127
2011-06-10,49.93070429,98.59565932,418.44617734,9.56070694,3.5613956,0.60407269
2011-06-13,49.65871611,98.76188799,417.08806447,11.99056007,3.58229584,0.77620064
2011-06-14,49.65566993,98.89132632,410.0879314,8.65588487,3.50861006,0.64181934
2011-06-15,48.90655497,97.79062975,414.03263002,12.60415729,3.52571239,0.83508666
2011-06-16,49.00208147,97.83450555,413.0301938,11.13467894,3.55390391,0.72369626
2011-06-17,48.6959099,96.93070975,409.76536136,9.99587133,3.5666039,0.64674507
2011-06-20,49.03113917,97.64513372,418.29239455,10.06352161,3.59047511,0.74175934
2011-06-21,48.64285838,96.84808412,418.45145765,11.30464579,3.62191612,0.82224958
2011-06-22,48.55657923,96.55702477,418.86017854,11.7635674,3.64412862,0.70914552
2011-06-23,48.69035977,96.65502827,417.91557974,10.08225307,3.64137404,0.70671229
2011-06-24,49.16679218,97.01504703,422.71083208,10.79309163,3.60280508,0.74172855
2011-06-27,48.61647917,95.88077356,433.34913081,13.50608116,3.58529537,0.80868592
2011-06-28,48.67531496,96.23770772,424.82438533,12.20733951,3.60746531,0.80290639
2011-06-29,49.41157537,96.84670372,426.01232595,15.06563944,3.64607097,0.92812742
2011-06-30,49.2442898,97.05732291,423.62222367,12.84153315,3.69077678,0.76391823
2011-07-01,48.64755515,96.35333165,410.73779699,15.04604205,3.70698046,0.903951
2011-07-04,48.68107939,96.2879922,419.06121226,14.74678806,3.67990963,0.88208908
2011-07-05,48.74509903,96.59462337,420.99148817,12.5181445,3.70053881,0.7754547
2011-07-06,48.9449368,96.8760359,421.96468798,13.17181291,3.66991,0.84841948
2011-07-07,48.69017568,96.52393958,428.06788411,11.52735543,3.69049099,0.78326168
2011-07-08,49.10982953,97.48087872,428.81307573,11.61281857,3.66285266,0.83601929
2011-07-11,49.92634546,97.71723478,427.25979432,14.73263527,3.68816159,0.78587138
2011-07-12,49.75567275,97.64561949,421.97795569,15.22967499,3.71089036,0.86413718
2011-07-13,49.85872759,97.38336326,430.63157588,11.37779719,3.69568666,0.72069837
2011-07-14,49.93533559,97.48605639,432.72014012,10.99722054,3.7123312,0.73451942
2011-07-15,50.62413357,97.94552633,429.05922123,11.83320137,3.73165216,0.81051809
2011-07-18,51.54072879,98.93483258,433.83389729,14.68276649,3.72377855,0.78872377
2011-07-19,51.62105066,99.32812087,439.30202627,14.11042849,3.73136646,0.86716592
2011-07-20,51.09405969,98.55586069,435.18081749,16.16952783,3.73225032,0.85221716
2011-07-21,50.93268059,97.9811909,436.67084695,14.39995652,3.68367709,0.94491241
2011-07-22,50.47202041,97.59760748,432.27706572,15.63578091,3.67230833,0.93839822
2011-07-25,49.99513924,96.94364249,435.07274885,13.70734635,3.74783178,0.8188519
2011-07-26,49.32592067,95.94357794,432.98623991,16.41371676,3.76551039,0.91890962
2011-07-27,49.06985045,95.93266047,431.05186881,13.71954129,3.71416162,0.81373659
2011-07-28,49.06172515,96.70403892,430.07465381,14.34009647,3.72882867,0.87005962
2011-07-29,49.23210929,96.63840158,429.5928592,12.17195357,3.74886587,0.77131762
2011-08-01,49.13417413,96.58239139,425.62421666,12.69228855,3.75800026,0.75251309
2011-08-02,49.20539002,96.00136224,420.07155141,11.53538731,3.78200509,0.7275849
2011-08-03,49.27149983,96.06449272,429.11124571,10.02640222,3.81756466,0.73718265
2011-08-04,49.02566294,95.86130425,424.75193822,8.0,3.88099476,0.64188531
2011-08-05,49.28442971,96.10884317,429.59183451,9.31788217,3.92659001,0.6204844
2011-08-08,48.94052522,95.67635204,424.04763247,10.04535237,3.93563045,0.62897723
2011-08-09,49.24704668,95.964015,426.35083748,9.40633514,3.88653114,0.61310261
2011-08-10,49.62596969,95.94399894,431.67922412,11.29739297,3.83812222,0.81751705
2011-08-11,50.3704201,97.45536231,429.59659886,12.27626196,3.86350613,0.85511154
2011-08-12,50.11369296,97.66461865,430.58436329,12.51622943,3.87489328,0.74224846
2011-08-15,50.07896321,97.55003255,436.00236581,13.83151584,3.87642548,0.84452754
2011-08-16,50.20259859,97.73033635,436.13966334,10.74226157,3.92104822,0.7590003
2011-08-17,50.74580086,98.72964719,442.78933929,10.70892371,3.88919,0.70604999
2011-08-18,50.91683543,98.80761296,452.37252836,10.08867978,3.85520926,0.6756545
2011-08-19,50.95699093,98.90414,448.53413432,10.27340158,3.8346799,0.60552125
2011-08-22,50.37788415,98.1886983,445.36874568,11.64198293,3.84200947,0.76023143
2011-08-23,50.98922287,99.20653447,446.14734093,13.58092465,3.81175296,0.89028789
2011-08-24,50.30556137,98.54923336,450.89531959,16.38415435,3.81496293,0.94953556
2011-08-25,49.92178127,98.26375534,452.91796813,15.20329687,3.80740971,0.85499306
2011-08-26,50.15215659,99.37646373,454.44012435,14.83269315,3.80476669,0.91960739
2011-08-29,50.72380054,100.43566219,455.57068209,14.22889591,3.7993255,0.90698429
2011-08-30,51.2550684,100.72977148,453.66548294,15.94676713,3.75506949,0.91203805
2011-08-31,51.49064526,100.67442136,455.0754696,14.08669827,3.77624462,0.7805374
2011-09-01,51.46167398,100.49960923,444.54173472,13.66788852,3.8056163,0.85227611
2011-09-02,50.94669548,99.768402,445.10938552,14.85578772,3.75383126,0.8375671
2011-09-05,50.59052087,99.01337433,441.38655935,14.41710014,3.73909506,0.91736948
2011-09-06,49.81427045,98.01053854,449.5833386,15.13787333,3.75381162,0.93277827
2011-09-07,50.08539287,98.02509044,460.09258178,15.61214988,3.76177104,0.9147747
2011-09-08,51.07935784,99.32599866,452.32938911,18.87674504,3.716249,1.08426848
2011-09-09,51.4607739,99.92218793,456.71997366,18.43080264,3.71790288,0.99424211
2011-09-12,51.55071047,99.91978389,451.69619726,15.49013967,3.69713513,0.90141802
2011-09-13,52.11686676,100.49551581,451.42768171,16.53203425,3.7375327,0.88519329
2011-09-14,51.63187105,99.95360786,444.88150409,17.64432865,3.76060032,1.07659877
2011-09-15,51.02967542,99.06576838,450.21012402,16.78859582,3.80639718,0.9251353
2011-09-16,50.77643906,97.53730328,446.31793047,15.70852939,3.78530793,0.88892764
2011-09-19,51.52350424,98.8904699,450.52826289,17.38283624,3.80566163,0.93978935
2011-09-20,51.3293578,98.05789393,453.31548567,15.05053161,3.78634916,0.90174167
2011-09-21,50.6425256,96.61609425,454.89281858,17.30744133,3.80790018,1.07028545
2011-09-22,50.98007327,98.16018869,454.03300925,15.3490989,3.80545749,0.93472113
2011-09-23,51.05761108,98.48244095,449.8722165,14.31946053,3.77623252,0.86312659
2011-09-26,51.16788895,99.21466786,451.57593955,12.95907738,3.75718092,0.82164707
2011-09-27,51.06597251,99.0036315,449.51857248,12.75710729,3.75308659,0.88793693
2011-09-28,51.66840832,99.56136715,450.30576425,14.30734751,3.77857056,0.83187567
2011-09-29,51.42234673,98.53970403,459.09303921,13.61616602,3.73890232,0.81966352
2011-09-30,51.40320461,98.30849555,463.13608341,11.35685318,3.81438319,0.72284276
2011-10-03,51.30917479,98.25191487,469.5611681,11.42467846,3.82801034,0.76974866
2011-10-04,50.97738605,98.01856289,473.94537053,11.98468158,3.8348044,0.74301952
2011-10-05,50.27220109,96.45106873,473.50378656,11.62014415,3.84608165,0.74283948
2011-10-06,50.2883687,95.8978477,465.52829174,13.3289003,3.8358322,0.83745426
2011-10-07,50.42142349,96.16039585,461.49575451,11.85539128,3.83508428,0.803237
2011-10-10,50.303665,95.6048737,467.62010706,10.0619451,3.8770431,0.7396246
2011-10-11,50.1082838,95.33428786,460.26980807,9.24363779,3.83608574,0.60487602
2011-10-12,50.29175363,95.53548486,466.81065674,8.75432496,3.84842594,0.58778765
2011-10-13,49.73854729,94.51797452,460.24500701,10.71432589,3.87914952,0.68030908
2011-10-14,49.83918203,94.63004463,451.353443,12.30413565,3.91937932,0.79900229
2011-10-17,49.85231672,95.06433818,446.77283001,8.0,3.87263533,0.58005239
2011-10-18,49.74516559,95.71916065,440.10258233,8.357121,3.88502519,0.62671792
2011-10-19,49.29471087,94.78535287,441.73752061,8.7567624,3.8329183,0.65826024
2011-10-20,49.18026878,95.36678239,441.89861408,8.0,3.81858343,0.51769764
2011-10-21,48.90817851,94.22590035,441.5788223,8.0,3.82379013,0.61187652
2011-10-24,48.60303912,93.46352764,442.67227197,8.0,3.82708082,0.56437867
2011-10-25,48.38308033,93.75562629,440.09285786,8.0,3.81999494,0.60522871
2011-10-26,48.11972959,93.12244517,446.93916304,8.0,3.83989512,0.58135827
2011-10-27,47.60890795,92.89054843,444.58398956,8.0,3.86799721,0.56824198
2011-10-28,47.58373692,92.90512621,444.74620879,8.0,3.87628149,0.61215416
2011-10-31,48.29845206,93.40372562,452.1663281,13.5325795,3.85458731,0.88795949
2011-11-01,47.27488223,92.78924676,455.00448058,18.82986116,3.84488682,1.0485234
2011-11-02,46.44788672,91.51520476,455.90450346,17.86847481,3.85783398,1.05012568
2011-11-03,47.10384698,92.71508049,454.44611134,21.57324367,3.87936191,1.25570391
2011-11-04,46.42923762,90.82820128,447.7651607,20.90553146,3.88516172,1.13913569
2011-11-07,46.12554763,90.36074785,440.97064319,18.48726068,3.84921126,1.09668185
2011-11-08,45.37922494,89.88290879,430.94080262,18.48262372,3.83545673,1.09078346
2011-11-09,45.10428263,90.35545026,437.62142478,18.46606062,3.84332242,0.99127503
2011-11-10,45.31859276,91.29814248,439.47160105,16.37320455,3.80368645,0.90517084
2011-11-11,44.37238791,90.21798824,443.66314561,17.66266019,3.79688821,0.99168295
2011-11-14,44.85362384,90.74906892,437.58502648,21.79903253,3.78445837,1.17822424
2011-11-15,44.67582067,90.90620701,431.77972354,17.82681336,3.81137816,1.09598822
2011-11-16,45.48525822,91.72247639,430.57231009,21.06827283,3.84511425,1.11876575
2011-11-17,44.25520122,90.91127656,433.77318836,25.94087849,3.81642355,1.45819752
2011-11-18,44.71132667,92.65122461,430.90812995,26.4245699,3.86063048,1.36566866
2011-11-21,45.61611901,93.79951877,433.87185329,28.35024621,3.90956455,1.42907132
2011-11-22,45.85840503,94.10046367,430.70382987,24.80271706,3.89660838,1.31433042
2011-11-23,44.96208517,92.47077819,437.49476304,27.15061527,3.89237159,1.39893558
2011-11-24,44.56236674,93.43865314,439.19466338,23.67814895,3.87612163,1.27850076
2011-11-25,45.81182677,94.81209757,435.44276504,30.59467341,3.85508327,1.61238824
2011-11-28,45.68571631,93.98899717,439.88445284,27.56896204,3.81142538,1.40363336
2011-11-29,46.28739731,94.20549591,440.87333133,25.55583005,3.73182308,1.35440713
2011-11-30,45.51182996,94.25222601,442.40189141,26.6710986,3.73733767,1.47535967
2011-12-01,45.5679995,94.57068092,441.17921208,25.28330145,3.78739141,1.32690511
2011-12-02,46.17539488,95.55549211,441.78494465,23.53140184,3.75292121,1.38218694
2011-12-05,46.29031305,96.31801844,436.57677679,20.81033711,3.77169796,1.15296758
2011-12-06,47.0114733,97.34272556,438.05976776,21.80542297,3.75292616,1.15761213
2011-12-07,46.40779548,96.65334083,437.3914346,21.16081781,3.75801579,1.26581163
2011-12-08,47.07912701,97.01760263,437.38744475,20.89576074,3.75241269,1.11408171
2011-12-09,45.83037194,95.90770778,436.79405317,28.63301433,3.76795933,1.54924525
2011-12-12,45.54721927,95.66632365,437.02235803,24.80903438,3.78475906,1.39752325
2011-12-13,44.8870738,94.8704268,425.87457358,23.10963526,3.80438675,1.32821057
2011-12-14,44.48228582,94.11456727,427.11261425,20.95134141,3.82972698,1.1576001
2011-12-15,45.92007191,98.23776246,431.59297263,45.38276251,3.87051449,2.1947287
2011-12-16,46.40711188,97.93918142,427.98975963,41.81907278,3.83975643,2.14855998
2011-12-19,45.09487502,98.4787392,410.76705505,47.28945123,3.82403979,2.35317244
2011-12-20,44.6870779,97.34962354,408.28388536,44.15296802,3.85891691,2.1387134
2011-12-21,45.62847158,98.63038261,403.34605645,44.89169363,3.83250433,2.25854893
2011-12-22,46.88294872,98.92095599,403.70967993,46.89739938,3.86424968,2.28959123
2011-12-23,48.77142167,100.00912049,415.24696168,54.1987481,3.86984221,2.6777722
2011-12-26,46.44927137,97.65281703,414.9108286,72.96553841,3.90632673,3.49759655
2011-12-27,44.73053656,95.38188145,392.11675309,76.18554181,3.91484212,3.69462723
2011-12-28,42.03131888,90.82316459,377.2922011,87.17556513,3.91387038,4.1659372
2011-12-29,40.97496013,88.72407019,369.65767022,77.64456743,3.9173614,3.67367383
2011-12-30,41.07843739,89.45092176,365.04156203,72.12809086,3.86944803,3.51883686
2012-01-02,42.6493227,89.99655943,364.16507051,82.86058091,3.88551056,3.99843477
2012-01-03,43.92794898,90.82502434,342.14146757,81.78129632,3.89029567,4.02192021
2012-01-04,44.55558061,89.7285123,334.17550811,76.1770881,3.92254035,3.68293925
2012-01-05,43.75289862,90.06561153,341.91530094,70.22657377,3.93973123,3.39417416
2012-01-06,44.21443541,91.07777779,334.51829613,64.43299487,3.91248433,3.15259993
2012-01-09,44.75516073,89.59644596,332.39126885,58.30698653,3.91436625,2.84139828
2012-01-10,44.12954142,89.04629524,340.37455073,56.81879875,3.93099828,2.81570189
2012-01-11,46.34279974,93.71502067,356.56751835,69.1209518,3.93453241,3.32894013
2012-01-12,46.8490248,93.41166747,363.70870081,61.2839881,3.96485894,3.0506751
2012-01-13,46.78595088,92.01921674,363.39334126,56.83904708,3.96899511,2.77437039
2012-01-16,48.1372478,92.34878322,372.10374924,55.91438752,3.97598749,2.68736007
2012-01-17,45.65166778,88.00002464,360.58745371,77.9874845,3.93407409,3.70671101
2012-01-18,45.35310845,88.75000324,363.5697638,72.0624209,3.95848489,3.56890489
2012-01-19,46.00653006,89.24171916,360.18969048,66.77866232,3.99611646,3.29047779
2012-01-20,48.02528457,91.14701083,348.92148682,70.90164882,3.97968067,3.36107968
2012-01-23,48.04312979,89.58787316,349.12406507,64.31895107,3.95311713,3.12088561
2012-01-24,46.72883614,87.58478421,348.78928401,66.61400382,3.94634804,3.21677785
2012-01-25,46.66658735,86.77840237,351.70284607,59.92830084,4.00414434,3.03912352
2012-01-26,45.50650088,86.85763995,337.01063873,61.50004186,4.06093844,3.00715992
2012-01-27,46.05979565,87.97494567,338.92603625,56.04834174,4.0674376,2.75457908
2012-01-30,45.21900687,86.24348495,350.74690024,52.83044664,4.04000599,2.62113238
2012-01-31,45.00320887,86.56992247,366.76878347,47.38882996,4.02129345,2.27729263
2012-02-01,46.21676313,88.23644842,348.82682856,51.96595765,3.9862595,2.55783083
2012-02-02,45.46742246,84.92273325,357.11177366,50.820277,3.96003501,2.49566071
2012-02-03,45.6633925,86.27964899,356.34527125,46.10589306,3.97808442,2.28477109
2012-02-06,46.0949882,86.27247156,357.19068341,40.55423263,3.98801421,1.97799751
2012-02-07,45.61468505,86.0395466,355.02095855,40.14712463,3.97583844,2.0633844
2012-02-08,48.28511457,90.11363129,364.07340523,65.56355087,3.98994759,3.20848248
2012-02-09,49.64462733,91.99081877,355.47646202,61.88811944,4.00623879,2.99854464
2012-02-10,49.8055525,90.06393105,357.52873095,57.23129583,4.06080199,2.8292521
2012-02-13,50.6325752,90.12041528,348.7240657,51.463133,4.03992891,2.58624966
2012-02-14,51.17978846,90.80822713,348.4692333,48.18764727,4.09249554,2.43205974
2012-02-15,52.51625247,94.95459006,352.69467311,43.23311687,4.12968795,2.1662874
2012-02-16,51.46172153,91.18743229,347.96769913,52.11318573,4.11237222,2.47256428
2012-02-17,50.22355427,89.17916756,356.58655158,54.69663022,4.13299773,2.58851788
2012-02-20,49.5016761,89.12271008,359.0373972,51.99035545,4.12157108,2.56397469
2012-02-21,48.85853832,87.48758913,343.60037428,50.1771798,4.16020763,2.43405891
2012-02-22,47.89554245,86.15596179,328.26600317,47.60186497,4.17583426,2.39201303
2012-02-23,46.54194222,83.16427006,314.53466943,46.76286691,4.16599162,2.26970191
2012-02-24,47.3089794,83.96178988,314.46836131,49.90411914,4.20403809,2.47348304
2012-02-27,45.70119299,83.1600533,315.08854205,51.02582395,4.21527567,2.57985808
2012-02-28,45.95822011,82.82042829,314.42460238,49.19442157,4.19332254,2.4375451
2012-02-29,47.09902192,83.4092985,315.8250168,53.60172369,4.19468863,2.54955485
2012-03-01,48.57677864,82.83094696,303.11553075,56.48730749,4.22866713,2.72181136
2012-03-02,49.25599183,82.85691791,298.36526281,53.56766911,4.23959963,2.67696419
2012-03-05,47.41891009,81.33329785,312.5869632,62.10116644,4.22667954,3.01288179
2012-03-06,48.5411043,82.49366667,312.5723973,61.80084456,4.22395459,2.9018692
2012-03-07,48.59083365,83.23150053,325.47126656,57.11578633,4.24869899,2.81646157
2012-03-08,48.22308135,82.72964449,334.52186037,51.97572735,4.29540051,2.5166799
2012-03-09,47.66309539,80.71198472,333.93754115,47.351541,4.2829159,2.41403386
2012-03-12,46.62126667,79.76598431,325.62726783,46.99994599,4.30385457,2.38072367
2012-03-13,46.38174799,78.25093219,325.31764349,43.14855249,4.33049855,2.2312871
2012-03-14,46.26319871,79.25302601,302.89350608,37.73263275,4.36564512,1.9278642
2012-03-15,46.84140426,79.41991182,297.61413725,39.08772211,4.41357316,1.97676394
2012-03-16,47.15253599,80.03387222,279.11434187,36.24135343,4.386342,1.79353844
2012-03-19,46.93325545,81.41733769,268.37322034,33.81610055,4.38930704,1.68683197
2012-03-20,47.31868988,80.95762806,266.89974729,30.89360014,4.40062939,1.63771583
2012-03-21,47.69303273,80.54881526,261.56894761,28.76935863,4.42266192,1.50462585
2012-03-22,47.16318678,78.8940128,259.94912467,27.27677567,4.45517205,1.45156854
2012-03-23,45.87891177,75.98278232,250.55742492,36.53341674,4.48292791,1.89076298
2012-03-26,44.76521858,72.10364516,252.8733851,38.23969183,4.46123629,1.84467926
2012-03-27,43.60529299,69.57112252,258.4644994,37.68156019,4.43007676,1.90392332
2012-03-28,43.29852705,68.41693825,269.08868511,34.18584559,4.43290617,1.81120466
2012-03-29,44.97919496,72.13637292,272.75794792,55.10443731,4.45240309,2.767401
2012-03-30,45.36679301,72.21468657,263.72604903,50.65457571,4.41129451,2.54868397
2012-04-02,44.55443952,70.29148236,277.44360471,49.30041173,4.40414111,2.57795282
2012-04-03,44.33424651,70.03796678,286.13987487,43.40241506,4.41452415,2.16341234
2012-04-04,44.18514552,69.29340317,270.08114299,40.83895866,4.41923801,2.05324626
2012-04-05,45.68068753,71.28514047,285.73397699,49.98715922,4.45076636,2.45765601
2012-04-06,45.34655939,69.04974533,296.88549428,46.84832126,4.42332525,2.32629899
2012-04-09,45.47456338,69.5527465,293.39059724,41.83372159,4.4357565,2.09164129
2012-04-10,45.78977725,71.15585093,313.18665682,38.33112284,4.43238766,1.90548004
2012-04-11,46.44676467,71.95531835,324.48066158,35.4326104,4.49419901,1.77722285
2012-04-12,44.82649433,70.44992152,333.03998504,51.54100141,4.44603862,2.5439956
2012-04-13,45.22892452,70.8724561,330.63906072,47.29874128,4.48211086,2.31557252
2012-04-16,46.03337266,70.13374659,345.9951414,45.48158314,4.4369427,2.26788037
2012-04-17,45.71009225,70.36889352,370.08756047,41.17328595,4.45281743,2.09159982
2012-04-18,45.35661099,70.55178251,363.1614644,40.43134871,4.45934393,2.04025127
2012-04-19,45.42388754,69.17897138,357.91877461,35.60848475,4.42391622,1.82909488
2012-04-20,44.92999983,67.33449318,362.59705612,33.22370427,4.4010703,1.76453772
2012-04-23,44.09257292,65.88063257,368.06390583,33.41402142,4.40885228,1.65237009
2012-04-24,44.83187081,66.96930982,374.067779,36.80078592,4.43656085,1.86525449
2012-04-25,46.06459485,70.98449095,350.52838835,43.68726625,4.44753206,2.16646112
2012-04-26,46.82588945,72.41192572,370.66099733,39.59403185,4.41206023,2.09509157
2012-04-27,45.86322392,72.81673477,367.11550628,44.21518915,4.39914023,2.24511537
2012-04-30,46.5592107,73.64707224,364.23878791,29.00512469,4.44827574,1.56596364
2012-05-01,46.88531357,74.01349154,364.86689246,26.82676593,4.44292338,1.44012498
2012-05-02,46.6878215,73.86193041,368.74305249,25.37262092,4.37972684,1.35502422
2012-05-03,46.58436431,73.54972745,372.54208743,22.44438485,4.35659142,1.25758563
2012-05-04,46.54050291,73.95616161,376.55968459,20.62270636,4.31506718,1.06007778
2012-05-07,47.11818509,75.80067856,383.77312045,19.98128464,4.2762939,1.18226881
2012-05-08,47.49516501,76.88095788,379.62869272,17.45681178,4.31089915,0.92988275
2012-05-09,47.71599236,77.00788612,379.60592946,16.29360889,4.29335806,0.92590626
2012-05-10,47.40627734,76.48225589,374.01002998,15.35442525,4.27687166,0.96587842
2012-05-11,47.46774634,76.98305735,369.39461855,14.9559655,4.28017681,0.85070723
2012-05-14,47.3950512,76.95804251,365.92367117,13.58575127,4.26973932,0.8583668
2012-05-15,47.43683618,77.18601796,373.16138978,12.42693873,4.25288515,0.8063721
2012-05-16,47.73147116,77.37220687,368.71203003,11.02130516,4.20465054,0.6684824
2012-05-17,47.58301975,77.06877992,364.24634737,12.90797811,4.1806577,0.85814725
2012-05-18,47.8788534,77.23322862,364.815633,11.33453579,4.19668895,0.64294395
2012-05-21,48.11392752,77.42307147,361.92468721,9.39730151,4.21080149,0.65232187
2012-05-22,48.80130324,78.66119103,357.93643564,10.73192675,4.19437505,0.66794135
2012-05-23,49.15748124,78.80817504,357.49323607,10.45382901,4.1577097,0.68166017
2012-05-24,48.80677095,77.56059189,362.35657124,12.18657525,4.13028887,0.78595648
2012-05-25,48.85580067,77.14364562,368.95667944,11.26903166,4.14369867,0.70893935
2012-05-28,48.94322615,77.15650247,363.71362416,10.50367562,4.12832233,0.81286824
2012-05-29,48.32596013,76.22813996,371.38886322,12.53626474,4.12366685,0.85280183
2012-05-30,49.07508361,77.6119804,374.93884911,15.2023208,4.14950975,1.00576502
2012-05-31,48.4577826,76.3388432,376.45360316,17.39619635,4.11064038,1.05604271
2012-06-01,48.95249822,76.73900999,373.99109081,15.49800224,4.08449907,0.9226874
2012-06-04,49.31091044,77.97351822,378.51711133,17.72666908,4.05945569,1.0143507
2012-06-05,48.58113056,76.50781564,372.72700263,19.00498474,4.10190755,1.1241242
2012-06-06,49.32108179,77.07471405,365.35571497,19.61533661,4.09027025,1.03580654
2012-06-07,49.14497724,77.34996723,363.37920188,18.705387,4.08002203,1.01410331
2012-06-08,48.89076041,77.05729419,359.58704381,16.90278067,4.03324534,0.91897741
2012-06-11,48.93809064,76.08044575,361.38226282,15.12282447,4.05586785,0.94311704
2012-06-12,48.95878434,75.98793155,371.26604699,14.06566688,4.0608138,0.8127366
2012-06-13,48.57914648,76.45622443,367.3229214,13.54832783,4.06403372,0.85310816
2012-06-14,47.64031556,75.61054345,360.22030713,17.84614595,4.05817696,1.0256569
2012-06-15,47.54511076,75.68565596,368.51965063,15.44072793,4.0037131,0.8907462
2012-06-18,47.58894421,76.66008813,370.09637065,15.26463627,4.01497687,0.90364453
2012-06-19,47.90209296,76.5312288,372.58619877,15.80342318,4.04788693,0.95073879
2012-06-20,47.21118711,75.83784817,366.41938179,16.08507573,4.03414525,0.98736476
2012-06-21,47.77574492,76.27106769,364.91244485,17.42649838,4.03619201,1.04119764
2012-06-22,49.21087999,78.72841895,366.89963068,24.18521822,4.05512677,1.22917708
2012-06-25,48.87951519,77.25974537,372.15595163,23.45772797,4.03350715,1.26802248
2012-06-26,49.67078215,79.26334548,372.41866735,22.4501483,4.03636161,1.31129251
2012-06-27,49.55928588,79.29314323,371.74262106,21.52188592,4.07761328,1.29630995
2012-06-28,50.05602521,80.0807259,371.181912,20.74894704,4.04050921,1.19374795
2012-06-29,51.20383774,82.13910302,373.33064347,20.0741238,4.09644504,1.18550519
2012-07-02,52.21662063,84.76360478,367.52763111,21.04905624,4.12613451,1.21781583
2012-07-03,51.75273377,83.70268615,370.34925387,21.04590134,4.08187154,1.10979249
2012-07-04,52.02563378,84.89124692,361.22398697,19.95749967,4.04151585,1.07543714
2012-07-05,52.19285634,86.5615722,354.8072776,19.06862577,4.05497513,1.07744259
2012-07-06,52.87700783,86.65260739,351.90058087,16.91580109,4.06045315,0.96327473
2012-07-09,53.08508143,87.53865926,351.81700714,16.89820436,4.03876996,1.0045509
2012-07-10,53.25713666,88.9447635,351.21753902,14.63407843,4.07968475,0.85750992
2012-07-11,52.39475119,87.94204057,349.2306468,19.27543566,4.11128676,0.99573482
2012-07-12,52.96252195,90.29850299,348.62781877,18.5026242,4.13967863,1.00641378
2012-07-13,53.08318937,90.20911304,351.66732409,16.66521326,4.09009921,0.91214434
2012-07-16,53.44424323,91.65863828,354.13746429,15.58410715,4.07938343,1.05141136
2012-07-17,53.37000354,92.0434985,354.35885322,13.23792544,4.14397713,0.87228348
2012-07-18,53.44517958,92.24116253,362.04346969,12.84879823,4.100584,0.79689135
2012-07-19,53.64036116,92.6496255,363.377218,11.13282034,4.10938027,0.6927524
2012-07-20,54.77793711,95.9291694,365.81018438,15.88395746,4.12660207,0.9936775
2012-07-23,54.2324182,94.89906641,364.1890661,17.06530712,4.15110979,0.97641531
2012-07-24,54.04398298,94.9244017,361.49344554,16.64005113,4.13860452,0.87128562
2012-07-25,52.93096799,94.62479015,352.73555166,22.52403122,4.0891973,1.17978566
2012-07-26,52.84920094,95.12182836,349.0312504,20.63075059,4.07565065,1.14463367
2012-07-27,53.1958112,95.73402726,347.93843047,17.78417875,4.10838382,1.00655342
2012-07-30,53.40730069,96.32367108,355.89697817,16.66816809,4.13431671,0.94679538
2012-07-31,54.05350238,97.1525206,348.62055635,17.39136006,4.11962546,0.93734843
2012-08-01,53.29947405,96.52855638,344.74176176,18.16266654,4.13729621,1.01512087
2012-08-02,53.96822839,97.67029751,342.57646437,18.81487982,4.16382945,1.10686004
2012-08-03,54.08173772,98.13952083,348.43360536,16.49177851,4.14237545,0.97575261
2012-08-06,54.19994896,98.60907834,343.61087644,15.96299885,4.11990638,0.98421736
2012-08-07,54.39780427,98.61388284,343.9878809,13.18446582,4.11631132,0.76314371
2012-08-08,55.31712984,101.24806618,341.41334627,17.40476232,4.1226134,0.99399257
2012-08-09,54.38295979,100.66870778,341.77841111,19.25542263,4.17907794,1.06200769
2012-08-10,53.16761025,99.14029676,340.70261878,23.64248239,4.19123026,1.29968853
2012-08-13,53.66932614,100.87971266,335.25978946,24.12014785,4.1853033,1.3726158
2012-08-14,53.65860152,100.70245111,332.75260124,21.09798804,4.22600554,1.14890114
2012-08-15,53.94778034,100.68570144,341.04183972,17.31971283,4.21011306,1.00733253
2012-08-16,53.18917,99.44003354,341.95903525,20.31152451,4.18089002,1.05624712
2012-08-17,53.09351693,99.36934355,348.72307397,17.87304283,4.18146313,1.05542231
2012-08-20,52.86263688,99.00786968,349.20904519,16.62060171,4.14873112,0.96844689
2012-08-21,53.28350337,99.77440005,347.91178166,14.74622338,4.07799371,0.91278486
2012-08-22,53.49503355,100.84502278,358.01821133,16.82540384,4.08849505,0.99228846
2012-08-23,53.35556553,99.85181671,351.65723956,12.3017082,4.056293,0.81767172
2012-08-24,52.53044947,97.8538601,348.37403524,16.81550885,4.02770218,1.01245276
2012-08-27,52.59274602,98.49953777,344.34504935,13.5551669,4.03112507,0.77914149
2012-08-28,52.03834479,97.12383008,341.88665936,13.19416724,4.06781989,0.82217767
2012-08-29,51.65918551,97.64937868,347.61998237,13.7160597,4.07051267,0.85557488
2012-08-30,51.98856539,98.49164469,344.49595954,13.15744594,4.0607467,0.87850936
2012-08-31,52.18737747,98.50801317,350.57542959,14.74087586,4.01797973,0.83648383
2012-09-03,51.93363451,97.40704273,346.2197185,13.21783227,4.00301031,0.82130479
2012-09-04,52.01989972,98.20584432,340.70592148,11.5156973,4.00426585,0.7502926
2012-09-05,51.87468759,97.00712024,340.83163987,9.71326594,4.03341047,0.65278217
2012-09-06,51.63201035,97.616839,323.0781481,9.02140049,4.06311248,0.58281016
2012-09-07,50.97609847,94.76064354,315.88636196,11.26372736,4.08960203,0.67287683
2012-09-10,50.51096805,93.95631243,311.26474507,10.69018824,4.07986509,0.75475759
2012-09-11,50.17482157,94.24166335,319.09499334,9.10165096,4.05361573,0.6113266
2012-09-12,50.81660978,96.14993908,318.77562537,14.50027281,4.02510668,0.81362518
2012-09-13,50.76040654,96.16062516,316.74469841,13.26709117,4.03538141,0.7949403
2012-09-14,50.63550198,97.56556641,315.39686642,12.68142679,3.99792569,0.71495321
2012-09-17,50.66057114,98.01094584,328.74817391,10.27065402,3.99070198,0.65004897
2012-09-18,50.47115447,97.41494222,327.22925031,9.86995866,4.01117246,0.64561739
2012-09-19,50.76683214,97.32304963,324.85101013,10.9903267,4.0214681,0.69451059
2012-09-20,50.55295541,96.64041548,324.49244398,10.05519115,4.02261845,0.62477321
2012-09-21,51.05566417,96.86035454,320.02136519,9.05842283,3.99035091,0.63064792
2012-09-24,51.08447868,96.23312522,319.83580918,10.74548089,4.00212472,0.67987153
2012-09-25,51.49364004,97.82471246,325.32746817,9.90225371,4.01446921,0.65624849
2012-09-26,50.38062968,95.48663214,320.28627147,18.9348525,4.03431937,1.05280218
2012-09-27,50.16824521,94.96890047,324.23445039,16.06371497,4.02612376,0.91555063
2012-09-28,50.27236206,94.92537714,316.94559003,14.2700213,4.01439972,0.88269987
2012-10-01,50.80484216,96.07250333,320.04422415,18.26768211,3.97996983,1.06652044
2012-10-02,50.71388027,95.04966623,321.17866456,13.58960275,3.93765005,0.83583442
2012-10-03,49.29902449,91.64864783,320.01974444,21.30555384,3.94098334,1.12367914
2012-10-04,49.25273409,92.35181177,323.09203392,20.5506034,3.94020617,1.18435754
2012-10-05,49.91152564,92.8950508,317.13398969,22.44321735,3.93277761,1.13916841
2012-10-08,51.18571341,96.0033397,315.41125334,26.43163706,3.90681516,1.48292928
2012-10-09,52.06482347,97.13772651,312.9542332,25.21091003,3.95096527,1.37595306
2012-10-10,51.67867098,97.04387969,310.55340316,23.42114491,3.91135178,1.33610052
2012-10-11,52.91242666,99.54450001,310.59325223,27.18215771,3.92766316,1.51322763
2012-10-12,52.74645078,97.45063148,311.00353454,22.6185367,3.91453235,1.11851596
2012-10-15,51.61134548,95.28019836,308.64757191,28.12479952,3.91723504,1.45616228
2012-10-16,52.79529996,98.27298944,302.43400433,27.78714096,3.91883436,1.51779071
2012-10-17,53.05942098,97.85820555,302.74295014,26.46598065,3.8960343,1.47499997
2012-10-18,54.14236018,99.18058648,297.88174495,25.81463058,3.91988027,1.30936935
2012-10-19,53.05650946,97.21040823,296.92275596,29.78931189,3.92158588,1.52848238
2012-10-22,53.57205632,98.16352365,298.15496012,26.15731649,3.9248879,1.45121268
2012-10-23,53.88356918,98.4340275,302.98873559,23.76265328,3.92414071,1.26923848
2012-10-24,52.93462529,97.99439366,299.67996542,24.48628527,3.89950029,1.33284751
2012-10-25,52.07519511,95.5689861,298.55130863,25.32132213,3.9757067,1.36340596
2012-10-26,52.04979051,96.171585,294.79989005,22.66185821,3.96414034,1.29049203
2012-10-29,51.28966871,94.38087989,302.85680744,22.42343133,3.94781653,1.26474335
2012-10-30,51.14644803,94.39447306,304.85643978,19.75111544,4.01758665,1.14471198
2012-10-31,50.23181639,93.57950145,295.93923719,20.86544476,3.98493111,1.17870912
2012-11-01,50.47048113,93.11678945,301.40161638,20.12793628,4.0048636,1.11993432
2012-11-02,50.64394682,94.5164533,305.11427496,19.5825336,4.07359033,1.18639366
2012-11-05,51.72285016,96.7392833,311.64268339,24.00149974,4.08579044,1.27090492
2012-11-06,51.50805107,95.374567,312.93447786,20.92860908,4.09802951,1.09013682
2012-11-07,51.96097248,97.46374267,318.69708567,20.80777842,4.10893794,1.09382639
2012-11-08,51.61708564,96.71011233,313.9887904,19.44574988,4.06227707,1.16257038
2012-11-09,51.53328773,96.23973035,324.48870014,15.88834338,4.08630874,0.87282476
2012-11-12,51.48873417,95.45910403,325.83516007,16.67483292,4.12091297,1.01629683
2012-11-13,51.60591066,95.05903012,322.99495876,13.37044256,4.12367693,0.74955599
2012-11-14,51.69587627,96.78932689,315.37019898,12.76066769,4.09807624,0.80923331
2012-11-15,51.63925169,96.18941355,310.78184287,12.78761336,4.11549036,0.80253695
2012-11-16,51.80686382,95.18814502,309.20657924,10.32957776,4.15641946,0.65746376
2012-11-19,52.41147175,96.58357718,307.18274632,12.78577667,4.16372645,0.8023185
2012-11-20,53.36079961,98.70075244,308.55978204,14.11444182,4.14085078,0.95138188
2012-11-21,53.42361993,98.32108821,313.10211338,13.06538175,4.14842461,0.85943819
2012-11-22,53.19458929,99.0922137,320.69566906,14.48800893,4.12545764,0.96270124
2012-11-23,52.85466729,99.9601764,317.94644889,13.46067833,4.07469327,0.87692009
2012-11-26,52.09640687,98.40024024,313.72248655,16.92688583,4.09177256,1.04929719
2012-11-27,52.93127999,101.29372602,308.77283661,19.59970372,4.06817614,1.15404711
2012-11-28,52.87127833,102.22620218,310.76718318,17.26698896,4.01491451,0.98171628
2012-11-29,52.93520623,102.429754,315.73807877,15.60610045,4.02431736,0.95535362
2012-11-30,53.50317723,104.34153423,318.71151081,14.49680711,4.02214703,0.95319524
2012-12-03,53.77284472,104.41363009,319.41380216,13.11952744,4.02619598,0.82441784
2012-12-04,54.10171748,104.47582259,320.82877211,12.60547651,4.04901764,0.80812382
2012-12-05,54.61770753,105.45334975,321.28551405,12.29008491,4.03686672,0.80202996
2012-12-06,54.10666919,104.88974923,323.70549373,12.98493229,4.04329221,0.88263164
2012-12-07,53.81808464,104.8675267,321.14428616,13.31965181,4.05647377,0.76523542
2012-12-10,53.89445072,103.53713384,321.28728193,12.41944184,4.07966468,0.86842113
2012-12-11,53.93546047,102.88729277,316.28846282,11.93712815,4.05283685,0.72392637
2012-12-12,53.30042042,102.34770531,313.01515416,12.96826678,4.03056824,0.79730028
2012-12-13,53.53858512,102.55552966,317.39453914,11.5891691,4.0600856,0.78596237
2012-12-14,53.78307494,103.69289948,315.06895851,11.74715283,4.11483288,0.71446263
2012-12-17,54.05583893,103.75867888,317.42374721,10.26625888,4.12236592,0.74047544
2012-12-18,54.3797509,104.34702378,317.05952493,9.80865513,4.12859203,0.6843649
2012-12-19,54.54616046,105.35748602,315.5574798,9.68370676,4.07710895,0.69889085
2012-12-20,53.76546997,103.79341278,314.20456506,15.68982547,4.11431644,0.90602156
2012-12-21,53.63509681,104.33745844,307.23983349,14.24020535,4.12284518,0.82456154
2012-12-24,53.31239391,103.25384102,310.0949039,10.68475425,4.10254235,0.71321674
2012-12-25,53.09683851,103.16392666,313.54436059,12.69193207,4.11998353,0.76151275
2012-12-26,52.99471815,103.41502239,313.41014482,8.44673295,4.10568108,0.61184558
2012-12-27,52.86274193,102.74493409,318.52679403,8.41559959,4.09901142,0.71841703
2012-12-28,52.80366624,102.72797731,322.31939248,8.0,4.09949555,0.62342048
2012-12-31,53.28218663,102.77815588,316.80488404,11.2469433,4.11683416,0.73162896
2013-01-01,52.68865068,101.80464959,314.04349775,11.30421796,4.17404966,0.74422628
2013-01-02,53.09250676,103.15389158,315.92677642,13.09061831,4.17758818,0.87531589
2013-01-03,52.61728858,102.62895388,321.60107819,12.07329799,4.15211952,0.71574482
2013-01-04,53.51808424,103.98471863,323.89327017,16.44799638,4.16168146,0.83804496
2013-01-07,53.76405115,104.71188485,319.64648247,14.60844371,4.14188447,0.8610513
2013-01-08,53.16855847,103.65046251,324.48498752,15.98342869,4.11131379,0.9482267
2013-01-09,52.75882236,102.61586266,320.14368327,14.83550672,4.07958214,0.90370938
2013-01-10,53.51157856,103.53279201,323.92668256,19.03944586,4.06267307,1.07660693
2013-01-11,53.96004516,103.81289297,327.79501063,17.56653652,3.99752169,0.95524888
2013-01-14,54.04974459,104.8582044,324.08516668,15.64554501,4.00019323,0.93058562
2013-01-15,54.00004791,104.59493573,319.82864836,15.51705252,3.97843944,1.03000575
2013-01-16,54.6580586,105.42531976,323.91320824,13.79863109,4.00769151,0.83020078
2013-01-17,54.05619854,104.08745148,326.50787504,15.14652815,3.96864311,0.93471795
2013-01-18,53.40952099,102.97685262,328.22277009,15.88528222,3.95892402,0.88496099
2013-01-21,52.44429876,101.76750967,325.57607361,17.24977577,3.92039745,0.97915593
2013-01-22,52.05282613,101.00637349,327.50667009,16.60425919,3.91507458,0.96375682
2013-01-23,50.8263562,99.53542941,330.71759547,19.72739305,3.90193166,1.15057656
2013-01-24,50.66754563,99.27882882,324.46447557,17.12179627,3.92448091,1.00561025
2013-01-25,50.79681992,101.17962221,321.51035279,17.67676352,3.93163154,1.01040542
2013-01-28,50.87737205,101.42522896,325.68913464,16.61110505,3.94268331,0.99248009
2013-01-29,49.66936081,101.02355731,323.49878172,19.06682818,3.91827121,1.05286112
2013-01-30,50.39965092,100.77517005,325.87699002,21.9499765,3.91152586,1.29907928
2013-01-31,49.13336472,99.32791732,323.32482712,25.13905272,3.88619217,1.36545135
2013-02-01,48.21560465,97.80479024,323.43303146,23.60488697,3.8626917,1.29009031
2013-02-04,48.28945736,98.15687024,321.54048833,21.96514793,3.83288494,1.18432299
2013-02-05,49.10727548,99.21285704,322.58014355,24.59109986,3.81440607,1.35747937
2013-02-06,49.09358461,98.84088999,318.28865822,24.846307,3.80541995,1.35324422
2013-02-07,49.09381589,98.23840664,325.49709869,22.03038736,3.75354266,1.18164435
2013-02-08,48.35025917,97.98038498,324.3837638,20.7000899,3.75981841,1.13979129
2013-02-11,47.62419792,97.54287031,321.87493851,19.60196413,3.74755559,0.95785851
2013-02-12,46.55208818,95.87737006,320.79566412,21.67601476,3.74167773,1.18960624
2013-02-13,46.12272867,94.94656262,323.56706654,18.62453704,3.78530506,1.05671304
2013-02-14,45.44125567,94.11887174,321.20361658,17.83834591,3.87893868,0.93782162
2013-02-15,45.63366609,94.03921282,319.93890088,16.6702567,3.81854358,0.94261941
2013-02-18,45.12165737,93.1297141,319.51415657,17.10589622,3.79724996,1.05864812
2013-02-19,44.98323432,92.53637507,323.89708446,16.39093174,3.78676102,0.93109596
2013-02-20,44.43780669,91.6527078,326.60905342,15.4498888,3.75684766,0.98210968
2013-02-21,45.24081962,91.48192137,328.3572581,21.8211084,3.76373819,1.1115351
2013-02-22,45.07737166,91.0844456,330.34032282,20.04117934,3.7592203,1.13959807
2013-02-25,43.84827475,88.66147777,326.47998233,23.71054969,3.76563838,1.24264359
2013-02-26,42.76450177,86.61994987,325.40225365,23.97762466,3.77793493,1.25024848
2013-02-27,43.79069236,89.69934343,324.90017655,30.91447662,3.79909307,1.63644579
2013-02-28,43.33049655,88.54000969,323.97373869,26.9010886,3.80967023,1.46121751
2013-03-01,43.37339505,89.4665268,328.8418801,25.25290407,3.81496016,1.27506014
2013-03-04,42.9596044,88.69240697,325.02160348,24.09108124,3.79991465,1.2328526
2013-03-05,43.0271745,87.02908005,323.48306718,20.39580346,3.80771915,1.17175387
2013-03-06,43.04380522,86.49649508,317.81168923,21.1031708,3.83171738,1.15340552
2013-03-07,42.75227254,85.64494639,317.58518829,19.04259347,3.82269808,1.12427233
2013-03-08,42.55364814,86.59914908,318.87522586,15.57669803,3.82350442,0.93465014
2013-03-11,42.51671258,87.57350885,318.02927758,15.86557193,3.82745371,0.99784059
2013-03-12,43.02173414,88.51904429,318.23574205,16.63328636,3.83435569,1.02966515
2013-03-13,43.1232767,89.58372477,315.16735212,16.72806946,3.79032517,0.92526262
2013-03-14,42.87011298,88.84863227,313.25219615,13.89519551,3.78974679,0.88348028
2013-03-15,42.50921063,87.32033902,314.82645285,14.82722464,3.79476165,0.89678651
2013-03-18,42.1924786,86.80278664,314.24013669,11.8693081,3.75079823,0.76304051
2013-03-19,41.77464013,86.5999204,314.58285263,11.50400225,3.749831,0.7634416
2013-03-20,42.48058147,87.68853259,315.83051467,15.98881769,3.75418525,0.97715591
2013-03-21,43.0639778,88.40391303,313.70794633,18.7371645,3.70111107,0.95049963
2013-03-22,42.81665018,87.27974558,313.47612769,16.52677266,3.75797965,0.99148305
2013-03-25,43.23401202,87.83653557,316.0157634,18.093552,3.76741813,1.02129241
2013-03-26,43.18376755,87.67363876,314.40100904,14.16596683,3.80313597,0.92206724
2013-03-27,42.57523928,86.49083181,316.88279328,17.86163749,3.79484685,1.12923662
2013-03-28,42.59100008,86.93049896,314.06172741,16.21448342,3.79977635,0.95318309
2013-03-29,42.90039058,88.06171391,314.1596638,14.53225729,3.77098216,0.87004543
2013-04-01,42.9605322,87.65535964,311.50533066,13.64779874,3.7617954,0.85772022
2013-04-02,42.57930674,87.68264497,309.99220562,15.69013195,3.75579992,0.90349822
2013-04-03,43.1246135,88.77887434,312.98549306,14.99988109,3.77154971,0.96243054
2013-04-04,42.46441409,87.06386625,312.81900435,18.50284542,3.8159036,1.08757635
2013-04-05,43.07118764,87.721998,316.6523057,19.6855068,3.76330206,1.09942047
2013-04-08,43.58312039,89.27099842,316.95890547,18.73411775,3.75551632,1.00812822
2013-04-09,43.42113306,88.82613047,313.41403037,15.7065188,3.78970574,0.98896273
2013-04-10,43.2889332,88.21900898,313.66132081,15.50646109,3.78238584,0.93926315
2013-04-11,43.81438359,89.00706974,313.30648888,16.34274885,3.74176294,1.02386975
2013-04-12,44.13989216,90.09142188,319.8639194,15.68797128,3.78349632,0.84221831
2013-04-15,43.69044457,89.30103303,323.21960429,15.55921059,3.83221685,0.9609306
2013-04-16,43.66818917,88.55862832,326.63888699,13.10552297,3.85756274,0.80259436
2013-04-17,44.05026259,89.15214957,334.30220285,12.8050783,3.86535884,0.77499608
2013-04-18,43.33137475,87.98598043,329.9598613,17.66650311,3.86704647,1.04422823
2013-04-19,42.98364372,85.92199461,335.39979132,15.87857746,3.85826046,1.02564461
2013-04-22,43.13724292,85.65457948,335.2582382,16.02913927,3.88014792,0.92671377
2013-04-23,43.14193599,85.73514492,332.74400379,14.43001495,3.90915099,0.87130376
2013-04-24,43.57651172,86.9135657,334.87393653,14.25415365,3.87289111,0.80044018
2013-04-25,43.37187716,86.70614285,335.49828873,12.41927697,3.91019684,0.80138824
2013-04-26,43.44022484,87.73129624,332.02009651,12.40963892,3.89856264,0.74565515
2013-04-29,43.28165525,87.3850467,332.32436664,11.79536374,3.90681843,0.77014915
2013-04-30,43.69491545,88.44495445,332.52429121,12.2263677,3.90274681,0.82440142
2013-05-01,43.78201439,88.5128981,340.44124953,11.62394019,3.91381122,0.78773655
2013-05-02,44.13358641,89.43691029,345.15179471,10.31464716,3.91764261,0.72595822
2013-05-03,44.12529974,88.78547731,348.26772992,10.55555601,3.96326903,0.82706233
2013-05-06,44.34782065,89.3852174,349.42374521,9.79166414,3.94897981,0.63554876
2013-05-07,44.42916348,90.06081543,348.08680889,8.2797066,3.96046581,0.54969794
2013-05-08,44.09328347,89.80193144,348.35965338,9.90849585,3.9908702,0.71631871
2013-05-09,44.02524819,89.66985999,346.66206495,8.58555832,4.02899113,0.62067019
2013-05-10,43.68745782,89.20605074,348.12496953,9.37567677,3.98074089,0.57119111
2013-05-13,43.59218143,89.21283784,348.70358765,8.14673813,4.02624116,0.62228145
2013-05-14,43.71732089,90.08919733,351.55363661,9.40602248,4.05990996,0.74310015
2013-05-15,43.40598232,90.01241982,351.67893561,8.8375614,4.08405002,0.54177222
2013-05-16,43.31051592,89.7433188,350.0485337,8.0,4.06652878,0.59477159
2013-05-17,42.86974313,88.85140204,348.84684107,8.77898473,4.01089114,0.5698381
2013-05-20,42.37479493,87.93898113,344.75549195,10.77380549,4.0130894,0.77868116
2013-05-21,42.17064607,87.2349472,342.90777,10.04766745,4.0236082,0.72082953
2013-05-22,42.58522577,88.00607479,344.55212777,13.35420549,3.97273953,0.84082528
2013-05-23,42.5712818,88.02505281,344.52363692,10.16351672,3.96460124,0.73116938
2013-05-24,42.79927991,89.00936645,345.0722146,11.76042934,3.95618472,0.70298297
2013-05-27,42.67625306,89.01351548,344.52337953,9.11262891,3.95321354,0.64455188
2013-05-28,42.57786829,88.34748541,343.65992491,10.78718633,3.99114344,0.6899471
2013-05-29,42.70838536,88.45447684,341.60538988,10.47041235,3.93866327,0.63848044
2013-05-30,42.24034535,87.61008464,342.73457723,9.45704822,3.93018036,0.74242208
2013-05-31,42.98757621,87.65313681,343.28002061,16.18886561,3.90799752,0.92338465
2013-06-03,42.42457368,87.1013058,342.34346865,16.09042363,3.93052441,0.91948462
2013-06-04,42.31243237,87.58973564,346.54135833,15.72875908,3.97530068,0.89225568
2013-06-05,42.91471432,88.79469159,344.28071929,16.8132859,4.02262499,1.01691809
2013-06-06,43.03118891,89.30230528,338.92427588,14.85218713,4.01540294,0.87051148
2013-06-07,43.81305676,90.30375036,334.46990964,18.56667992,4.08370442,1.09241443
2013-06-10,44.10172691,88.75399384,336.25634945,16.24597976,4.09209478,0.94572259
2013-06-11,44.27295383,90.32043955,337.38897307,15.40339406,4.1632616,0.87782739
2013-06-12,44.13674816,90.2420716,337.57576617,14.53511995,4.12824087,0.80881441
2013-06-13,44.03188954,90.21365641,335.16636465,12.38823969,4.09935503,0.71892566
2013-06-14,43.904565,90.5122086,334.78019703,11.89647104,4.09410376,0.61490289
2013-06-17,43.48469802,89.55556401,337.76563517,14.16839075,4.0799263,0.82770203
2013-06-18,43.66074294,89.96690438,343.70222168,13.32845721,4.01941654,0.85501238
2013-06-19,43.86451767,91.02354734,344.49040085,11.23619583,4.02150211,0.76734736
2013-06-20,44.40635038,92.04585596,347.07513737,14.52835438,3.95385529,0.92382779
2013-06-21,44.11432122,91.10662392,344.53845759,13.62491482,3.93165591,0.791283
2013-06-24,44.78883526,91.98239822,345.15817262,16.27074841,3.94114685,0.87697071
2013-06-25,44.84439343,92.54716723,351.23059868,14.0352631,3.90074716,0.86478713
2013-06-26,44.91622013,93.62893974,356.17012035,13.44572956,3.89742402,0.81175594
2013-06-27,45.18703569,93.9207849,356.40213718,10.85566658,3.88255045,0.74037434
2013-06-28,44.78268638,93.99180375,361.85180259,13.00743792,3.86311807,0.80609946
2013-07-01,44.18341948,92.7288185,355.26347353,13.82401626,3.8811743,0.8624012
2013-07-02,44.42742413,93.00222941,362.70737335,14.60674377,3.8488389,0.83672191
2013-07-03,44.65438156,93.25014447,370.08727859,12.42497055,3.87855095,0.80533425
2013-07-04,44.7070604,93.93219156,371.78408767,12.45598255,3.83561185,0.7308886
2013-07-05,45.10415562,94.93960817,369.1689512,11.75597226,3.84868764,0.84617002
2013-07-08,45.1521413,94.38030591,364.99116015,10.18402218,3.83417997,0.67013161
2013-07-09,45.52932013,94.61138848,366.77648908,10.42454373,3.83505049,0.6806235
2013-07-10,45.17106808,94.47223861,373.00683941,11.62553316,3.80320172,0.69892926
2013-07-11,45.3596008,95.78861665,369.36780107,10.1366164,3.78865273,0.63463918
2013-07-12,45.75687189,96.79980351,373.8823709,12.30691651,3.77683449,0.79181167
2013-07-15,45.73713006,96.35008565,369.25188702,9.36997477,3.77340973,0.71842192
2013-07-16,45.81761655,95.75121403,374.42196047,10.20202307,3.767951,0.69044174
2013-07-17,44.96800413,93.94346951,370.43608478,17.03737399,3.81839248,0.9818095
2013-07-18,44.53001585,93.55315784,370.60592628,16.09114763,3.82231308,0.9096617
2013-07-19,44.13465648,93.67838641,370.87111304,13.99619326,3.78188302,0.8405921
2013-07-22,44.8337943,94.65481809,370.80223653,17.5819495,3.81361134,1.10667139
2013-07-23,43.89795064,92.30335899,365.16338105,20.0881301,3.83715603,1.08768395
2013-07-24,43.1899201,91.32326643,372.28563967,19.6131894,3.78718506,1.11255092
2013-07-25,43.12777554,90.90093729,379.38261565,17.88633269,3.83557884,1.02292283
2013-07-26,42.56292162,89.14004824,377.99793793,17.36450392,3.83511585,1.03081909
2013-07-29,41.30886063,87.09391616,375.83024763,22.05271723,3.8415087,1.18702291
2013-07-30,41.49174197,88.34661615,374.33310589,22.93315824,3.82913188,1.17398703
2013-07-31,41.93786099,89.75278827,379.55600178,22.461312,3.82007722,1.2040651
2013-08-01,41.78572752,90.26690219,379.68406872,22.0190418,3.8179783,1.1773195
2013-08-02,40.86086665,88.90895322,377.41295958,21.61089022,3.82746064,1.1717446
2013-08-05,40.95841691,87.95547849,376.90670951,23.35902414,3.867319,1.18723919
2013-08-06,41.19365354,87.84736674,378.5828194,21.78158043,3.89000132,1.2164455
2013-08-07,41.29202106,88.02516263,378.5362002,20.83654053,3.9044302,1.08357389
2013-08-08,41.05491855,87.49598445,380.17855605,17.74115615,3.90172426,1.10013251
2013-08-09,40.64654946,86.92596413,382.58189585,15.61745959,3.87023588,0.97787815
2013-08-12,40.40246981,85.98420226,380.34458669,13.54902335,3.85220936,0.87088872
2013-08-13,40.18742364,85.45983748,380.92161588,13.53515079,3.87897151,0.85234566
2013-08-14,40.53121449,86.45229927,375.52309106,13.59530064,3.89072396,0.82663117
2013-08-15,40.38017253,85.35891572,380.50995686,14.04163263,3.86949592,0.93219116
2013-08-16,41.02021378,86.25280921,376.69418369,17.58119296,3.86801704,1.02829159
2013-08-19,41.01904678,86.35336462,377.13091309,14.69457413,3.91489526,0.89970101
2013-08-20,41.2892242,86.42783307,379.5895833,15.395231,3.93325538,0.90373603
2013-08-21,41.43364545,85.69240195,384.71154931,13.2280328,3.94643456,0.77935234
2013-08-22,40.95482643,84.79578897,390.58350616,15.0357738,3.98733041,0.90040072
2013-08-23,40.87859111,83.36790977,387.16104332,13.90664252,3.99111707,0.76668539
2013-08-26,41.18898667,84.20086631,387.79670812,12.54652545,3.95414496,0.68703405
2013-08-27,40.74839873,82.64404608,391.0435983,14.03259247,3.94934518,0.84009859
2013-08-28,41.05204201,84.80935418,393.75745328,13.08116335,3.94013242,0.75030107
2013-08-29,40.66859381,84.10408304,388.15410888,14.4762707,3.95987087,0.86040091
2013-08-30,40.71395511,83.18869986,383.20265431,12.14823753,3.95262907,0.72453337
2013-09-02,40.39406914,83.15515586,379.97134826,13.50920225,3.94426088,0.91087358
2013-09-03,40.2494201,83.78966028,380.75955981,12.11723884,3.9424957,0.71296654
2013-09-04,40.128091,83.47804231,380.99139916,9.62853418,3.92137265,0.66846017
2013-09-05,40.43509359,84.03014382,383.78780895,11.24649897,3.89266806,0.77445689
2013-09-06,40.50833441,84.09736863,378.29073198,10.2901829,3.84652699,0.57434495
2013-09-09,40.10940831,83.39252436,372.24458435,12.37498364,3.86299263,0.83441451
2013-09-10,39.8741849,84.06503796,373.59202488,10.88491095,3.86407066,0.70752899
2013-09-11,39.94620255,84.26038436,378.8173062,10.10820372,3.8565662,0.71256591
2013-09-12,39.28152693,83.186302,378.51595201,15.0138092,3.86988904,0.95018917
2013-09-13,38.99503034,83.15334523,377.91444027,12.11711586,3.88016614,0.72187908
2013-09-16,38.99665737,83.08292474,382.21578058,11.54776121,3.81340633,0.70898107
2013-09-17,38.55316791,82.2439573,377.24826853,11.29210529,3.80266793,0.79607873
2013-09-18,38.800961,82.80148109,387.74761059,13.11811374,3.74282842,0.82033632
2013-09-19,38.5999988,82.17825809,391.79101076,10.69724947,3.79148818,0.66910405
2013-09-20,39.07156095,83.87228159,391.73833058,15.83369747,3.75770994,1.00236325
2013-09-23,40.10158707,86.46465894,401.01838587,20.95076026,3.79568774,1.14085827
2013-09-24,39.68505902,85.13628304,408.77086666,20.57825368,3.77355835,1.21642529
2013-09-25,35.97146105,78.49926268,396.77143706,68.08582756,3.7576968,3.36062664
2013-09-26,36.04282896,80.98266569,398.23066409,90.96609371,3.7266756,4.34139984
2013-09-27,36.05265672,79.94572957,391.2380667,82.39528162,3.66851188,4.00902944
2013-09-30,35.10706438,77.6290785,382.97345505,75.31568011,3.70767929,3.62573451
2013-10-01,35.60020216,78.42658542,372.0272786,71.54238898,3.65728727,3.42165555
2013-10-02,37.18250954,81.15825963,381.67866785,83.05167183,3.64426666,3.94405038
2013-10-03,37.12465288,79.30633342,385.28215807,73.76111628,3.62753164,3.54263134
2013-10-04,37.63669434,84.5019635,389.97448557,68.8422477,3.62394641,3.33327276
2013-10-07,38.90519901,89.01364547,399.55572239,67.74270785,3.65908134,3.27300285
2013-10-08,40.15282918,92.19054764,404.06709933,66.1111712,3.60450688,3.29722442
2013-10-09,40.58726915,97.63514551,415.31120319,58.59456971,3.60580374,2.83486666
2013-10-10,40.99452268,100.94661119,408.51475788,53.86338463,3.58486148,2.63185868
2013-10-11,40.75040931,99.70971308,402.78848024,50.84861853,3.59098054,2.55596528
2013-10-14,41.95377603,103.88195609,402.04122347,49.89248008,3.58481699,2.44623153
2013-10-15,42.01717473,105.50143948,407.30146583,45.71451816,3.56216041,2.32999855
2013-10-16,41.40120289,103.06049865,407.97747034,49.13856308,3.59938637,2.49362209
2013-10-17,41.04169115,100.2029085,413.8665719,44.05109784,3.60204819,2.16270729
2013-10-18,40.44224507,98.13909242,405.03276719,45.1000677,3.59311003,2.21578171
2013-10-21,39.10550624,94.61911367,404.5883965,50.18660237,3.5884862,2.4786488
2013-10-22,38.26744565,91.8894653,397.55934268,48.01252826,3.57556318,2.39949808
2013-10-23,37.20872813,90.59126022,390.81155317,48.06010075,3.58917176,2.35936213
2013-10-24,38.72763333,95.63426603,392.25490982,63.92862243,3.59280795,3.05916171
2013-10-25,38.29193332,90.76609447,381.74651711,60.19464495,3.58192859,2.84548511
2013-10-28,38.23565231,89.53301406,380.70883096,53.36851819,3.56384769,2.61401883
2013-10-29,38.23935789,93.06329522,376.09556121,49.49242958,3.5041647,2.48917016
2013-10-30,37.86947951,92.10491718,378.55377501,45.24188269,3.47224512,2.27987135
2013-10-31,37.60216106,91.10202844,380.78715512,41.23683205,3.47574584,2.0628503
2013-11-01,39.89855319,99.50107591,378.66910167,69.92074202,3.47922401,3.45405878
2013-11-04,39.85961488,101.07558689,379.43007904,64.20163772,3.4567838,3.08339553
2013-11-05,39.51388837,102.53343712,379.4981513,58.76871599,3.50209523,2.90367705
2013-11-06,38.83315371,101.18208752,388.70535346,56.98015959,3.53205372,2.80846339
2013-11-07,37.37823958,98.24578212,381.68253829,61.85695745,3.51138208,2.99515173
2013-11-08,39.76676717,104.32484384,391.84130907,86.68298614,3.53565629,4.1965855
2013-11-11,38.77893631,102.72015594,418.95866183,85.11739236,3.49953184,4.07350141
2013-11-12,38.21536843,97.78952211,427.02616277,76.80819357,3.51144733,3.6907818
2013-11-13,39.47024578,95.71706849,420.83993834,75.43749742,3.50686244,3.62260163
2013-11-14,41.21984311,97.81957584,415.89528575,78.46238298,3.45330095,3.80780388
2013-11-15,41.87677073,97.8032131,397.661227,71.02953348,3.48844934,3.46559786
2013-11-18,42.41902877,100.68844782,401.46494831,63.18501301,3.43442456,3.1045729
2013-11-19,42.19496349,98.24703425,394.09195339,59.49381807,3.44410677,2.91685844
2013-11-20,43.41097442,101.00232612,389.85730908,58.05929723,3.43920794,2.9247828
2013-11-21,43.81966156,102.80970955,385.69481038,51.05829358,3.46794292,2.55955049
2013-11-22,43.15693453,99.88433345,391.66848392,55.35330454,3.49491212,2.68036188
2013-11-25,43.2365035,99.07321769,410.87503061,47.23295286,3.50132226,2.33154772
2013-11-26,41.76065711,96.72639385,416.74373707,58.03524887,3.40901385,2.8855466
2013-11-27,42.75341601,100.06925676,411.00148361,58.95170779,3.37471347,2.87163334
2013-11-28,43.55973937,101.35049965,421.77740653,54.44616426,3.45031871,2.71571383
2013-11-29,43.53391625,99.470273,418.14069367,50.03625515,3.47164595,2.5100961
2013-12-02,43.19064299,97.35294526,416.1085471,44.45461858,3.44367823,2.16507456
2013-12-03,42.12720739,92.34062472,415.19487401,48.58601416,3.47857389,2.46878781
2013-12-04,40.56471579,89.95106507,414.21494762,53.96065226,3.51773454,2.70194655
2013-12-05,38.60572912,85.70668515,411.32311089,62.08375153,3.513987,3.01904426
2013-12-06,37.54327058,82.77786298,406.97306274,57.86338285,3.52789052,2.86630786
2013-12-09,35.84900046,75.33462069,400.65704177,57.5273541,3.55476548,2.8071069
2013-12-10,35.47102726,79.90177688,400.34578059,54.83667334,3.61180673,2.75591942
2013-12-11,35.54732831,80.48916704,389.34977487,52.67766822,3.58785869,2.53987889
2013-12-12,36.50588681,81.7980912,377.80411552,63.32177531,3.59641496,3.08303529
2013-12-13,37.59073552,83.22253362,383.03642662,67.05142665,3.55232953,3.21829685
2013-12-16,37.03363437,81.40252271,373.61610663,61.36162035,3.57559006,2.96828784
2013-12-17,37.38014966,82.55882515,378.48642506,56.70361234,3.56395666,2.86248114
2013-12-18,39.22361419,88.85557376,388.43679033,69.58033898,3.4944743,3.41828723
2013-12-19,39.80310712,91.57169821,391.94072538,64.90951679,3.51935594,3.14543136
2013-12-20,39.3455167,89.77484355,384.77932882,59.60033444,3.54823871,2.88372295
2013-12-23,39.33749969,89.02690018,396.2327855,55.42012976,3.6055088,2.76326596
2013-12-24,38.89712433,88.6840063,394.78953153,49.92599509,3.61433726,2.42626711
2013-12-25,40.04714555,93.9847653,391.92610387,54.1592206,3.56329205,2.6255796
2013-12-26,38.97295846,90.94574291,385.11467726,57.03705605,3.5191726,2.74825837
2013-12-27,38.92170139,90.42134895,375.69597117,51.8803209,3.55838065,2.57348973
2013-12-30,41.08433255,98.9256776,376.71947774,69.55902528,3.56040198,3.35944977
2013-12-31,42.63949192,105.23666722,385.08958955,67.57122835,3.5245329,3.20551912
2014-01-01,42.79879772,108.60126877,383.28800548,62.3682016,3.51683697,3.00141889
2014-01-02,43.50974825,109.33278086,389.148921,56.09781691,3.50078231,2.75580187
2014-01-03,44.7237369,116.12667795,396.00949118,52.68386361,3.53790338,2.60310792
2014-01-06,42.65179358,111.91756491,401.03778079,74.79501442,3.56325203,3.63215877
2014-01-07,42.25356628,107.51549543,398.29381926,69.53481015,3.53056438,3.35341535
2014-01-08,42.93181001,109.33745022,403.52848715,64.26499332,3.54140563,3.1274574
2014-01-09,41.82377901,105.66675988,397.39296719,63.77612285,3.57366498,3.07485228
2014-01-10,39.57505566,104.16233377,386.01662574,77.90591922,3.55714257,3.72376474
2014-01-13,38.53672604,100.25363632,374.63635711,71.90492201,3.55259456,3.53084578
2014-01-14,38.13728199,96.36976539,369.92031135,63.99771714,3.52039213,3.12956622
2014-01-15,38.08019799,96.16027517,380.42800866,59.62499899,3.53880935,2.94334295
2014-01-16,38.83734642,98.27886333,379.81580038,61.49746941,3.49310277,2.96642462
2014-01-17,38.14944591,97.48546233,366.04632086,56.08705087,3.48236222,2.66409178
2014-01-20,38.51545575,101.77900781,380.07460771,54.02562626,3.47958595,2.61465526
2014-01-21,39.29814282,104.54935628,370.76602442,54.21588675,3.4686576,2.65268588
2014-01-22,41.32735095,109.63272223,383.51187,66.70349888,3.48337379,3.28110944
2014-01-23,42.2710334,110.41437636,383.12856038,63.18317757,3.48622859,3.08068517
2014-01-24,42.39219548,117.00426006,380.85313135,58.25545307,3.50479813,2.83057046
2014-01-27,41.72038029,113.72380418,386.60295995,56.39592894,3.53737652,2.77065186
2014-01-28,42.58947035,117.2394606,379.79035808,54.07744253,3.5704822,2.68038209
2014-01-29,42.7473212,112.3927425,389.59996946,47.04867598,3.64757495,2.36236658
2014-01-30,42.53957993,107.80962888,387.26349735,43.43051461,3.63132195,2.22966808
2014-01-31,43.00713096,113.86805511,392.90431475,41.37438274,3.66805922,2.10447998
2014-02-03,43.83619258,117.16333244,384.84826211,38.44193904,3.64510734,1.91711141
2014-02-04,41.59516023,109.44752544,380.21624102,67.84610805,3.62587911,3.21169244
2014-02-05,41.82343835,109.58023452,372.55578491,62.64583744,3.60563218,2.99864537
2014-02-06,40.92892224,100.25829566,378.42232136,58.30062194,3.62221257,2.89512153
2014-02-07,41.27720824,100.95280986,373.22876566,53.86259576,3.60328639,2.7249384
2014-02-10,41.73401061,100.09757903,370.87052134,51.28456103,3.58893616,2.50722394
2014-02-11,40.15889062,98.26364644,372.19642782,58.86776784,3.58150121,2.96151249
2014-02-12,41.00399443,100.55208406,380.64641374,59.28877825,3.57783305,2.90943606
2014-02-13,41.49239526,102.75951976,392.96667855,53.95208205,3.63772494,2.65543067
2014-02-14,42.17200897,105.48448959,393.1806711,52.03572648,3.63659688,2.57856195
2014-02-17,43.35534364,108.73949387,390.8823657,52.00444504,3.62576616,2.59200621
2014-02-18,42.95384658,106.94378092,377.83612669,48.35969103,3.62652998,2.37708776
2014-02-19,41.83505176,102.81630033,388.85477428,52.9680763,3.60206828,2.61352538
2014-02-20,41.74454917,102.85932512,391.57507007,49.08225125,3.57552742,2.43014148
2014-02-21,41.49405468,102.91777474,409.58818903,43.46939977,3.57713564,2.05847318
2014-02-24,41.44453654,104.13197165,407.76571983,38.2924098,3.59429697,1.93487402
2014-02-25,42.04217503,109.26113392,389.16666533,39.48112437,3.5804992,2.07723027
2014-02-26,42.91051147,114.31497984,388.62960943,40.3057253,3.56334041,2.07700833
2014-02-27,43.66079173,115.49149085,397.24040504,37.32309199,3.59116607,1.87901861
2014-02-28,44.48231786,116.26346495,376.60426932,35.7193936,3.54080522,1.84111538
2014-03-03,45.44215324,119.62982219,394.98596009,34.61739442,3.50141593,1.81514302
2014-03-04,45.52039105,122.30802559,380.78978976,31.5271833,3.50087415,1.6231635
2014-03-05,44.3446215,115.8676915,374.23557382,44.511493,3.56065793,2.26083439
2014-03-06,44.94576137,120.65900762,386.04680442,42.38623232,3.54794979,2.12291493
2014-03-07,45.69440271,124.78285361,388.29382892,39.46676695,3.59413879,1.94048337
2014-03-10,43.68569163,120.28937471,377.73807292,60.00946077,3.58966592,2.92112295
2014-03-11,44.68709561,123.70297522,383.31333536,58.68911058,3.52449377,2.77083766
2014-03-12,45.07565428,125.30057531,395.14676463,55.63505138,3.57141172,2.71114122
2014-03-13,45.61249301,123.64914686,397.95602027,47.76840885,3.59572008,2.31374021
2014-03-14,46.27157859,126.182553,394.45057556,45.28368117,3.57625927,2.31649635
2014-03-17,46.79915146,127.20112849,405.89894988,40.67625704,3.56165915,1.96864034
2014-03-18,47.84553488,129.38926284,403.96982666,38.9996652,3.60043744,1.98727491
2014-03-19,45.39439692,124.48718334,396.26918465,68.53894372,3.60128899,3.34701297
2014-03-20,46.47874339,130.0640671,404.52577559,66.10639995,3.63271059,3.2303662
2014-03-21,45.21878912,126.54729741,412.63700585,67.70491775,3.65643204,3.21084265
2014-03-24,44.35869244,123.71151637,413.91641133,63.56556814,3.64760014,3.00941775
2014-03-25,46.42545312,128.02492141,409.53664729,74.70321638,3.63889934,3.63519562
2014-03-26,45.21763667,128.53036159,408.80663126,72.88070553,3.66409189,3.48715515
2014-03-27,44.56073768,126.79765681,395.72856329,66.20609145,3.72807692,3.18233355
2014-03-28,45.14783633,130.38442566,396.42850605,61.8674453,3.7343656,3.02010699
2014-03-31,47.97469034,137.54298798,409.4899039,81.88700252,3.69256406,3.89592781
2014-04-01,48.85121184,139.9132989,411.44327086,73.71031062,3.7004965,3.53374398
2014-04-02,49.28406895,143.10149661,410.0189221,64.71281362,3.66069291,3.11347762
2014-04-03,48.94135139,140.81979791,407.97953423,61.86887329,3.66008286,2.99381649
2014-04-04,49.41388913,141.58831781,394.30275025,55.15836723,3.67070632,2.58766769
2014-04-07,50.04637008,144.19525986,394.32807322,51.23482008,3.65726773,2.50016408
2014-04-08,47.72639335,136.98034202,411.53046596,71.00076701,3.639668,3.43488145
2014-04-09,48.85197773,141.45277754,418.33171613,68.56952223,3.62234677,3.27276025
2014-04-10,51.73304576,147.56315172,425.27584694,79.15603937,3.63484213,3.76623597
2014-04-11,52.87659065,146.97962099,420.07721516,72.14749452,3.65179672,3.51370557
2014-04-14,51.04118205,140.8363003,424.13434372,80.05197012,3.64917306,3.78774635
2014-04-15,51.56068864,137.90849484,418.64851154,71.3416139,3.6375141,3.47179822
2014-04-16,49.11397301,134.76158334,419.19604449,82.99307375,3.58796552,4.00145927
2014-04-17,48.67585774,131.598224,399.47034239,75.49614334,3.5245999,3.66168291
2014-04-18,46.34215638,126.15568834,410.46234568,80.30513479,3.51496962,3.87057712
2014-04-21,47.37498402,130.78025603,396.54283358,79.76399339,3.53712651,3.77014036
2014-04-22,46.68612477,122.86626809,409.26046199,72.05966668,3.48195418,3.41407841
2014-04-23,45.9847584,125.09934483,396.38372963,66.02990312,3.48725144,3.2434203
2014-04-24,47.14016792,125.79157875,400.73080387,65.98823763,3.49377273,3.20278464
2014-04-25,47.66571428,127.08436977,403.73427181,62.39827079,3.51614692,3.13662114
2014-04-28,48.48509771,126.16625792,397.99953702,58.59235207,3.54335941,2.92181038
2014-04-29,49.95912685,130.65445896,391.99110026,60.3343008,3.54364404,2.97082187
2014-04-30,52.68341791,136.25149009,392.56064866,67.52628933,3.59159912,3.27516178
2014-05-01,54.60823491,142.67175509,390.70168998,65.26964195,3.59675917,3.1585649
2014-05-02,53.5416731,143.27050948,405.04984911,68.65877602,3.55687606,3.32394234
2014-05-05,55.44395108,147.85492187,396.95356322,65.77734673,3.54831611,3.17287394
2014-05-06,58.12616468,150.56763701,409.43268193,66.20459747,3.54931499,3.20314344
2014-05-07,60.26322611,150.83195218,406.6801647,61.77615916,3.5791869,3.03415708
2014-05-08,59.25826786,149.91113252,403.10424266,66.17797199,3.58405043,3.22448018
2014-05-09,61.22615899,153.94896823,398.82540751,61.05862195,3.59094231,2.98766415
2014-05-12,63.34263376,152.13752098,388.84430558,59.26423824,3.55552405,2.82543141
2014-05-13,63.18806719,153.42160392,391.32702281,58.2332589,3.54485931,2.77811996
2014-05-14,64.6772078,155.40822671,376.13706504,53.31086929,3.55999372,2.58129226
2014-05-15,63.41591443,150.01430458,375.95607256,59.21749976,3.50609281,2.7981196
2014-05-16,63.87572882,155.38416448,364.12526755,55.07755453,3.52637636,2.64879362
2014-05-19,63.34332529,153.6114503,359.66568078,50.47244229,3.54417537,2.46291316
2014-05-20,66.60716725,160.35184237,363.33069669,59.89733796,3.52664972,2.84980932
2014-05-21,67.42116755,164.74779919,353.14629031,53.88481604,3.54006087,2.62241938
2014-05-22,66.55794215,163.62518907,347.12491087,57.73061855,3.56498462,2.79029457
2014-05-23,68.49780197,169.98910084,342.64886048,54.44554533,3.58839207,2.59769605
2014-05-26,68.24350084,171.60543254,324.33196761,51.99306079,3.61902408,2.55965609
2014-05-27,70.06031045,177.48418295,322.94866727,48.6138306,3.5972602,2.35172203
2014-05-28,69.99577364,175.09296626,320.41348085,45.39674585,3.58370513,2.27049416
2014-05-29,69.9596857,177.77946092,324.8878574,43.4341828,3.55214565,2.11399849
2014-05-30,71.00788416,179.80714166,312.26549801,38.47925661,3.49462844,1.92606434
2014-06-02,72.21932619,178.92388798,304.29798883,36.07113717,3.51485634,1.88002228
2014-06-03,71.32727577,173.83016545,323.79225307,39.37163888,3.52364425,1.94868487
2014-06-04,69.8478035,173.19214687,330.50383042,45.34260745,3.48258003,2.29329946
2014-06-05,71.2487177,172.65506886,316.05689631,44.19078535,3.50234654,2.29599377
2014-06-06,73.6786918,176.97283571,347.79678271,47.62707353,3.51652623,2.41661993
2014-06-09,74.07115197,180.75557339,337.17695284,43.29662875,3.50452309,2.10970038
2014-06-10,75.84576847,183.76544217,332.91656408,39.65932762,3.39730671,2.06922513
2014-06-11,75.445294,182.3412036,329.36972967,41.25861832,3.3904923,2.16335829
2014-06-12,76.07030669,181.09333738,342.06717993,37.04433461,3.3772844,1.90898121
2014-06-13,77.49727721,186.84829467,332.35480847,34.92511898,3.40325705,1.87895626
2014-06-16,76.63281047,187.77857153,311.96769571,37.02121053,3.39961152,1.96998212
2014-06-17,76.87208802,186.92510446,316.07350841,33.61752248,3.3797639,1.65981509
2014-06-18,79.5207176,191.84349081,328.37033175,40.74493374,3.39926907,2.08797676
2014-06-19,78.90555142,188.66213651,348.88546376,40.13406468,3.42354178,2.05604641
2014-06-20,77.37444188,183.04543757,338.04694981,43.81703143,3.46148309,2.18535548
2014-06-23,75.14346599,178.6913365,346.79431064,50.11790785,3.4873616,2.4672734
2014-06-24,77.13640605,186.07745056,354.46400829,52.90817143,3.4418857,2.63730505
2014-06-25,75.62828359,180.64169713,338.84144182,51.52444562,3.43440834,2.67309893
2014-06-26,73.52601552,175.53249349,337.21495225,51.86681348,3.44908527,2.55224942
2014-06-27,74.83419255,179.6019682,332.8779021,54.02049988,3.40357401,2.71216904
2014-06-30,73.41711796,181.87168697,317.42116171,49.08575658,3.37626122,2.3983963
2014-07-01,75.34050336,181.81407664,327.82439205,55.32573077,3.34623613,2.74869763
2014-07-02,76.57641571,189.03928994,336.63656626,51.26043966,3.35843997,2.57423653
2014-07-03,75.57930057,190.46575288,325.38605404,48.75019676,3.32489533,2.36026004
2014-07-04,73.87199632,182.92001423,338.73624138,48.89993166,3.35726156,2.36910793
2014-07-07,72.17356511,184.42835989,332.06896926,47.66879502,3.37311781,2.42313249
2014-07-08,71.45664942,183.70110475,343.21238251,42.71557839,3.40951421,2.18153309
2014-07-09,72.09313141,188.2767168,343.25127677,42.03291447,3.40704993,2.16010692
2014-07-10,73.77426624,188.04800119,359.12745841,45.68641127,3.42623339,2.36808037
2014-07-11,71.28471587,185.02861455,339.63768374,53.46397913,3.39437127,2.62881695
2014-07-14,72.08164326,179.4383365,325.16580495,48.98574134,3.37279065,2.49407497
2014-07-15,73.78691124,181.2880854,333.56470131,51.16668515,3.38252427,2.54110566
2014-07-16,74.64076973,183.42976578,322.68312809,47.14103224,3.38523433,2.32108124
2014-07-17,74.59349872,183.04885577,317.92510922,44.73274799,3.40576878,2.22699351
2014-07-18,76.24964868,188.86923486,326.18943703,43.50364686,3.42040785,2.22029063
2014-07-21,76.07010306,189.53422426,326.01446317,40.01288775,3.42951694,1.9975928
2014-07-22,74.76841183,186.24432432,316.36238225,42.477293,3.36183217,2.12373692
2014-07-23,75.51053349,185.56837386,303.10067652,37.89155338,3.40996708,2.0210818
2014-07-24,75.81972251,188.70170329,306.32882416,33.96070802,3.38554424,1.74491124
2014-07-25,78.52926175,193.56317496,307.67353304,44.25828438,3.41560017,2.25521336
2014-07-28,78.26134721,190.97418528,302.98497201,40.80190441,3.38457764,2.11246734
2014-07-29,77.53052208,190.35582317,306.33089712,28.32909796,3.40841835,1.49572447
2014-07-30,77.9615904,188.830103,307.9327635,26.7823739,3.43630818,1.43029544
2014-07-31,77.80332979,189.53574293,302.65357801,23.09834574,3.42275509,1.23647452
2014-08-01,77.22071342,187.83689894,297.71948902,22.57071143,3.40943489,1.19283123
2014-08-04,77.65302124,188.04631104,311.49900965,19.79395536,3.37144729,1.15795761
2014-08-05,77.04177454,186.49583576,313.83301805,18.86478959,3.35621946,1.12786016
2014-08-06,77.66714274,188.20432996,313.2020229,18.19644035,3.35024972,1.0226526
2014-08-07,77.88452583,187.43640858,320.22444877,17.59786773,3.32695675,1.09120435
2014-08-08,78.28020528,185.90041644,328.30276355,15.09078102,3.2914655,0.91667432
2014-08-11,78.60616067,186.91231368,325.18240244,14.69656927,3.22323635,0.82433819
2014-08-12,79.34189233,189.66559365,331.62937567,12.82749367,3.2062534,0.76572435
2014-08-13,78.88131549,188.62732816,331.84048522,12.73456957,3.20724258,0.83684058
2014-08-14,78.38499777,186.1624527,322.70422516,12.72035747,3.25413225,0.70255558
2014-08-15,78.30022351,185.72790707,323.62991027,12.21453983,3.22434475,0.8067783
2014-08-18,78.66767412,186.87482553,319.2896125,10.95975634,3.1811605,0.7484524
2014-08-19,78.95816679,189.14686016,324.62463028,9.62633832,3.17761911,0.72141265
2014-08-20,79.58198832,190.56095714,322.52936519,10.28921704,3.17492981,0.62048209
2014-08-21,79.75822233,190.9431418,325.65070526,8.96559299,3.21835911,0.68459704
2014-08-22,80.56034639,191.33035083,327.6000072,10.47683114,3.24816183,0.75505677
2014-08-25,81.23440994,194.34844574,334.45714869,8.48338982,3.25532352,0.56615706
2014-08-26,82.21013898,195.92949384,329.82168195,10.69301028,3.26395376,0.73638743
2014-08-27,82.3026869,194.87198269,319.60935095,9.91692342,3.26325982,0.68124696
2014-08-28,82.16042858,195.80817395,312.91360796,10.31779394,3.28120617,0.62624183
2014-08-29,81.21876127,193.26211822,306.85928331,13.67285096,3.31838497,0.86870642
2014-09-01,80.95939024,192.87922014,313.86352652,13.5252512,3.23889104,0.83208744
2014-09-02,81.11196214,193.45752143,316.60552881,11.17908491,3.22705655,0.66120584
2014-09-03,80.48244706,192.19633436,310.87558826,10.86907609,3.25188368,0.73410565
2014-09-04,80.50574106,192.48206151,303.96420249,8.90863731,3.21642632,0.62435611
2014-09-05,80.99425923,192.53117644,294.17622128,11.0408723,3.16691441,0.7548134
2014-09-08,81.03302661,193.38610675,291.61115805,10.11254817,3.18492402,0.70374164
2014-09-09,80.69661252,192.09419165,285.63195753,9.28019677,3.15092162,0.62213212
2014-09-10,81.58601748,195.0407209,284.78355099,10.80752962,3.13045164,0.66122528
2014-09-11,81.32691083,193.69306427,281.10215493,10.84495648,3.13866458,0.77184027
2014-09-12,81.79704735,196.57431846,286.2510203,10.18655863,3.1783473,0.75087001
2014-09-15,81.96368344,195.5741537,289.22651011,8.11217829,3.14015042,0.55285937
2014-09-16,81.31662901,193.81098081,284.27743159,11.31618935,3.16374244,0.77353631
2014-09-17,81.27529554,193.23933628,282.47447421,9.18828191,3.16178811,0.65695408
2014-09-18,80.85237111,192.68934068,278.84777648,8.83126995,3.13640019,0.62630244
2014-09-19,81.37672598,194.40731885,278.70159759,9.76846675,3.14764591,0.70302429
2014-09-22,82.34561035,197.73732441,277.98405592,12.7279936,3.13216821,0.79614841
2014-09-23,82.74464026,197.43877279,280.332101,9.89302514,3.12440128,0.79813975
2014-09-24,82.73032457,196.44879061,284.88923162,9.43181822,3.18668367,0.62351284
2014-09-25,82.80819724,196.45589397,288.1489617,8.32661456,3.19773529,0.61862466
2014-09-26,83.53104799,196.33357942,289.98530465,8.17497963,3.20582567,0.50889014
2014-09-29,83.42059778,195.88122385,292.3974074,8.0,3.23892463,0.6056442
2014-09-30,84.08309729,196.63890241,297.94596453,9.10502877,3.18126085,0.59534175
2014-10-01,83.9811126,195.97864543,296.65945037,8.0,3.22548445,0.45469668
2014-10-02,83.38185495,193.29553145,299.12855811,10.13329022,3.23659363,0.67081766
2014-10-03,82.85845945,193.18893813,295.45828843,11.33188473,3.23998633,0.76405115
2014-10-06,82.92576253,192.7669442,298.28726946,9.18553763,3.21529779,0.60746437
2014-10-07,83.87497359,196.05581679,295.04499461,11.12669837,3.24158001,0.73231058
2014-10-08,84.63124189,198.99824473,301.31200375,10.44387151,3.22700538,0.67696422
2014-10-09,85.09544978,199.42015805,292.82407018,10.17892574,3.20376729,0.6893608
2014-10-10,85.32963916,199.08034659,290.23921855,8.14565212,3.15816392,0.48603423
2014-10-13,85.2522853,199.47880104,284.84836116,8.0,3.19441539,0.60713082
2014-10-14,84.87637636,199.80753032,286.73022285,8.38353405,3.17136077,0.54689065
2014-10-15,85.04473164,200.02380144,285.88341963,8.25137023,3.15590622,0.59616106
2014-10-16,85.54295455,200.74387532,285.47204347,8.0,3.16701672,0.5833984
2014-10-17,86.29327373,201.51803409,290.50568536,8.12003557,3.18368365,0.57852389
2014-10-20,86.98845395,201.35795928,289.06603474,8.0,3.22986065,0.62158543
2014-10-21,87.69163251,202.42699173,280.65545688,8.0,3.21228602,0.53876377
2014-10-22,87.6212694,200.35938203,283.08707351,8.35437307,3.17533091,0.5812486
2014-10-23,87.13874774,200.05303322,284.90836528,10.0947302,3.162972,0.79232271
2014-10-24,86.70930864,199.16099177,285.67488809,10.49641155,3.13631424,0.76694588
2014-10-27,86.43219911,198.28170057,283.64607647,9.72410756,3.11231037,0.69209053
2014-10-28,86.27872279,197.10795228,286.48070298,8.24680348,3.0811262,0.61702087
2014-10-29,85.65787005,195.06706245,282.85607072,8.0,3.0918023,0.63896898
2014-10-30,86.08537167,194.23064014,276.61255689,8.79888281,3.11880306,0.60035408
2014-10-31,85.91540254,194.81932707,284.49591797,8.91614739,3.13541778,0.56978158
2014-11-03,85.76702208,192.988584,284.08873799,8.0,3.07198404,0.57733956
2014-11-04,85.06115274,192.7860777,278.20484892,8.0,3.01403276,0.5459845
2014-11-05,84.88743464,191.83390233,280.74343872,8.0,3.04534383,0.60789845
2014-11-06,84.71309881,190.62169184,277.18541719,8.0,3.0013623,0.52486566
2014-11-07,84.55950381,190.25657501,279.26056538,8.0,3.02706724,0.58385644
2014-11-10,84.48160928,189.45868094,277.88570028,8.0,2.99847898,0.58373006
2014-11-11,85.07693337,190.78249633,284.00189099,8.0,2.98733592,0.639378
2014-11-12,85.14997929,189.92567355,283.2672674,8.0,3.06184353,0.60748807
2014-11-13,85.64452062,191.00766941,289.62637807,8.0,3.07939963,0.57936197
2014-11-14,86.86254412,193.0024661,287.04477016,10.13220096,3.06646111,0.64199322
2014-11-17,87.13810115,192.6334702,283.21522145,10.34345732,3.12418749,0.78344971
2014-11-18,87.90875323,194.64237756,286.96005046,9.40733249,3.11076907,0.65277582
2014-11-19,87.43763895,192.54124241,286.28364435,11.54735143,3.09028636,0.76279837
2014-11-20,87.90878679,193.31800741,289.67877091,8.15622089,3.10481635,0.5928906
2014-11-21,87.93796517,193.8763566,296.03784883,9.49829806,3.14669425,0.66259777
2014-11-24,87.93111212,193.83241522,293.01257042,8.2661043,3.16653892,0.57337074
2014-11-25,87.50378635,193.01746435,291.30605281,8.71255054,3.21712859,0.68242303
2014-11-26,87.80981743,194.27997055,298.27211286,8.67273926,3.25598403,0.69085991
2014-11-27,87.54877043,193.26157298,293.74405088,8.0,3.29468029,0.5833272
2014-11-28,88.17314997,193.66321611,292.66581674,8.02717431,3.30293785,0.64163103
2014-12-01,87.99680943,193.05434713,283.63309265,8.0,3.29307352,0.58634062
2014-12-02,88.30975576,193.52788335,292.25129362,8.0,3.27161486,0.55131672
2014-12-03,88.58660043,194.22656484,302.63546286,8.0,3.26830636,0.60177995
2014-12-04,87.35894075,190.45337222,309.20517835,11.76467544,3.24982052,0.83959801
2014-12-05,87.39526846,189.611744,318.81833448,9.2951369,3.24154667,0.67975123
2014-12-08,87.69259247,191.98056788,321.59938741,9.79733742,3.18939797,0.61163442
2014-12-09,88.05867329,191.55511259,322.31430209,9.34761959,3.13291573,0.70358359
2014-12-10,87.81481032,192.13339721,324.29596104,9.20205505,3.2115849,0.67837501
2014-12-11,88.30287586,193.73597379,321.23555192,8.0,3.25876436,0.60281961
2014-12-12,87.80134452,192.66344139,325.93316274,9.36636722,3.2613861,0.69528602
2014-12-15,87.30992071,192.41514513,316.44531786,9.67048195,3.28946296,0.62948642
2014-12-16,87.91473431,193.91584055,322.96117796,10.03184318,3.31222744,0.69421319
2014-12-17,88.7292101,194.47256748,333.59738472,10.61701636,3.30949152,0.73809889
2014-12-18,89.70990127,197.84937948,344.62921391,11.24666379,3.27341706,0.7115661
2014-12-19,89.50270944,196.83005486,338.16722821,10.4279354,3.3070762,0.65740393
2014-12-22,89.40565958,196.31607646,345.3902892,8.58840137,3.32242404,0.64459897
2014-12-23,89.3402243,196.12173809,338.92142035,8.66204807,3.28835508,0.72510009
2014-12-24,88.8471405,195.60759156,337.23174492,9.47625019,3.30791462,0.56630906
2014-12-25,88.97803688,195.60280471,325.85362425,8.0,3.30138613,0.57314784
2014-12-26,88.97533659,196.24886664,336.5815745,8.21378236,3.36622262,0.51389109
2014-12-29,88.9520427,196.68781419,327.43638897,8.0,3.2943766,0.57460723
2014-12-30,88.91831269,196.72361112,328.35242764,8.0,3.30839753,0.52001618
2014-12-31,88.58447606,196.2816832,325.3860553,8.0,3.27994646,0.58202447
2015-01-01,88.9146488,196.72352091,328.89497105,8.0,3.27966034,0.53207297
2015-01-02,88.66041645,196.74890272,326.96493124,8.0,3.2246746,0.55936277
2015-01-05,88.96592628,197.6883361,335.70742485,8.0,3.23049997,0.53205436
2015-01-06,89.29704494,198.66059859,338.78168904,8.0,3.22462206,0.65309825
2015-01-07,90.27070003,201.58442689,352.90153999,8.0,3.17478457,0.58086468
2015-01-08,89.51314986,198.69428071,357.90649767,10.60489931,3.18529981,0.70937908
2015-01-09,89.09105771,197.22526578,362.9345124,10.71134056,3.18947191,0.68950493
2015-01-12,88.42436081,195.12494303,355.91595444,9.69658419,3.15672121,0.66423225
2015-01-13,87.79720367,193.7369481,359.92888021,10.23904037,3.18860345,0.65644055
2015-01-14,87.85126108,193.20016384,357.77165675,9.40232359,3.18135046,0.65105458
2015-01-15,87.62099686,192.51884286,362.91362106,9.01672233,3.18186802,0.56652505
2015-01-16,87.52960357,192.04152114,349.91761014,8.0,3.21545884,0.63810139
2015-01-19,86.49628177,190.97394337,347.40917523,9.80465538,3.17394131,0.65732587
2015-01-20,87.23625272,193.29532652,340.35520455,13.10185239,3.17621636,0.79544264
2015-01-21,87.18613249,193.79193199,342.83711801,9.19617724,3.1975383,0.66587718
2015-01-22,86.89303656,193.98464906,344.93449652,10.09108804,3.15474937,0.69575271
2015-01-23,86.87976075,192.94468927,340.30884673,10.21950061,3.20381782,0.73820416
2015-01-26,87.51567452,195.92565918,338.21611405,10.16230534,3.22309782,0.63933771
2015-01-27,88.16546396,196.80632933,347.89953522,10.4895918,3.19654433,0.66624734
2015-01-28,88.11272939,197.62041294,346.61398806,9.58055411,3.24087024,0.6025848
2015-01-29,86.57152356,194.31394688,345.01771559,13.97982627,3.23124478,0.74748216
2015-01-30,85.90499751,191.40608131,346.20708228,12.4250784,3.21284604,0.75937728
2015-02-02,85.60865281,191.7402823,354.81199525,11.58357382,3.18255937,0.67567452
2015-02-03,85.43673902,190.97043351,350.2994574,11.1609917,3.19996116,0.7369274
2015-02-04,86.13780896,193.20632133,355.98602589,12.78058648,3.19532137,0.68856688
2015-02-05,85.61920157,191.81279871,355.41848846,11.23748737,3.20215927,0.74791607
2015-02-06,84.8362803,191.32970669,359.01602602,12.35821322,3.21041454,0.81278622
2015-02-09,84.89087933,189.51477541,360.46835064,11.67202719,3.20221216,0.68247815
2015-02-10,85.27434883,191.24206192,364.26941651,10.33679219,3.20107287,0.72448841
2015-02-11,86.12432801,192.37016953,375.17465289,11.91021753,3.19350027,0.74575305
2015-02-12,87.64307407,195.16067991,375.20045468,13.4027027,3.21074716,0.84276479
2015-02-13,87.87509143,196.18553989,380.10021988,13.78368111,3.22111844,0.82341915
2015-02-16,88.60048924,196.12885695,381.08141563,13.02174837,3.19102874,0.66607818
2015-02-17,88.33920436,194.72635919,386.6056121,14.34985504,3.17464734,0.81131583
2015-02-18,89.32888656,196.67497712,394.31326576,12.05476335,3.14348376,0.83882629
2015-02-19,87.77199748,194.22377117,388.9554525,19.3350232,3.14753488,1.11299932
2015-02-20,87.58992201,192.27198094,386.38846125,17.25995768,3.18798281,0.97553085
2015-02-23,87.83457906,194.00366906,396.55507484,15.56167441,3.1864013,0.91766738
2015-02-24,86.16615974,191.56015797,394.39643014,19.35093716,3.23277337,1.09492459
2015-02-25,88.27329626,195.61684342,394.28725997,25.14828979,3.18350985,1.37744394
2015-02-26,89.90977449,196.13173251,394.83764654,24.53436771,3.18777948,1.34018974
2015-02-27,90.0508694,195.41905785,399.34613284,23.058366,3.21944715,1.24399644
2015-03-02,84.53980999,186.44713695,387.93533575,46.2869235,3.18858826,2.35807881
2015-03-03,83.49548307,180.38709947,399.4910956,63.10774694,3.18086254,3.09866363
2015-03-04,85.04602466,183.79160825,410.2782933,62.56626948,3.17612394,3.00554215
2015-03-05,85.45433867,182.78943366,406.49206882,58.30738415,3.16755874,2.8394814
2015-03-06,87.88928779,188.2190586,395.68470548,59.41300781,3.1483921,2.8512099
2015-03-09,82.82801291,180.94285396,385.56860259,78.88321423,3.26051077,3.77639689
2015-03-10,81.7864974,185.21200118,384.95435553,71.24739101,3.21389419,3.35290569
2015-03-11,80.14959229,182.99129327,384.75720694,65.14286008,3.22182293,3.1733896
2015-03-12,78.46510472,182.11941144,391.34495762,61.04180532,3.19629627,3.10261807
2015-03-13,79.68561874,178.80814441,393.98909416,60.02598907,3.20119913,2.95105572
2015-03-16,78.41491122,175.48827444,395.9677013,55.30668068,3.2012104,2.7011412
2015-03-17,77.82553206,175.06064364,382.224397,48.56065272,3.20860619,2.35684672
2015-03-18,78.50747908,179.09718461,375.08141401,47.46959424,3.19636134,2.26619267
2015-03-19,76.82241163,176.18965811,363.33385883,45.48889363,3.19749495,2.17559934
2015-03-20,76.67019433,176.76136742,363.17650813,43.47259015,3.18483667,2.13126017
2015-03-23,76.14940357,177.01893062,352.25558044,38.1780812,3.18336271,1.89826183
2015-03-24,78.10873378,183.33489903,351.93891043,45.49954448,3.17259854,2.30263816
2015-03-25,77.9793763,183.98107264,354.42445704,41.54646759,3.17116201,2.03438781
2015-03-26,77.51369198,182.5028966,369.11889128,39.99632966,3.20973613,1.98893031
2015-03-27,80.14138652,185.35713612,379.52042628,47.68487789,3.23639771,2.3334264
2015-03-30,79.60146481,186.64596555,376.63992371,45.3154863,3.17316664,2.29625464
2015-03-31,78.51869416,184.73182542,385.51609375,42.16158346,3.16133059,2.11078283
2015-04-01,78.37004397,184.00118627,392.76427343,38.52803441,3.11388774,1.97147866
2015-04-02,76.65160277,180.63505614,376.65453981,39.8398357,3.1567501,2.04698785
2015-04-03,74.34374013,174.21298761,366.5218573,43.28101523,3.14244207,2.23855073
2015-04-06,72.1087216,168.00879989,364.75715607,45.67735431,3.20412519,2.28531575
2015-04-07,73.21308536,170.23379903,364.84100996,47.62750989,3.20105868,2.34782283
2015-04-08,76.23709503,174.9437672,387.78536237,63.41693139,3.17395339,3.08555511
2015-04-09,76.45268792,175.13092716,380.61079019,38.4941136,3.20321842,2.00251274
2015-04-10,77.69170245,179.44257711,374.17443506,36.34989119,3.12191878,1.85271643
2015-04-13,79.12596329,181.87556263,378.87937258,34.33869441,3.15511526,1.8484247
2015-04-14,79.0255261,182.74917279,377.18216615,32.11189595,3.18281347,1.71344149
2015-04-15,79.31865657,184.08066015,383.45429593,28.62384334,3.17972982,1.48953923
2015-04-16,78.15897172,180.38173486,377.18154096,27.82600195,3.13531533,1.48967034
2015-04-17,77.50193696,176.47265659,376.06042243,26.23480513,3.09788462,1.38020841
2015-04-20,77.97605695,179.18684036,371.97068419,24.66852571,3.09178904,1.34862307
2015-04-21,77.73611493,178.57286384,363.07206441,21.629436,3.02735933,1.23386771
2015-04-22,78.22504983,182.09059989,360.43346261,21.27557077,3.02360265,1.17320694
2015-04-23,77.7322867,180.74099193,354.38505102,18.27119535,3.04217536,1.09104585
2015-04-24,77.55976534,180.47793801,353.89998411,16.38768258,3.00394231,0.8322848
2015-04-27,78.26170786,182.96367888,353.00141097,17.21785986,2.96720773,0.99341278
2015-04-28,77.45635829,182.61794091,357.1892548,18.59215348,3.00668021,1.05895603
2015-04-29,75.75383692,179.39099689,349.83109394,22.38665269,3.00098681,1.13355241
2015-04-30,76.32455517,178.94178776,343.27160551,21.45697845,2.98781738,1.17291045
2015-05-01,76.64918616,182.67847758,349.47752102,18.35864293,2.99514435,0.99463292
2015-05-04,77.26438381,183.94056327,343.66232589,18.6429388,2.94751234,1.03239538
2015-05-05,77.89579279,185.04522027,340.93378005,15.45409446,2.94509408,0.90332044
2015-05-06,76.60120696,182.06908894,343.1443991,18.9958179,2.9561859,1.15968525
2015-05-07,76.18312511,178.46108835,332.58151402,19.97276695,3.00029562,1.0796173
2015-05-08,74.72392281,175.09482893,336.62223067,20.15203485,3.01588308,1.06934088
2015-05-11,76.20169238,177.70389375,342.70917079,24.17024101,2.96712629,1.35666077
2015-05-12,76.78943013,178.71720366,339.91475661,22.37760165,2.997852,1.28115951
2015-05-13,76.63015858,177.17345978,346.33722379,20.60788273,2.9701777,1.1942958
2015-05-14,77.59777753,179.95707501,353.43181399,20.14160705,2.96370121,1.0478259
2015-05-15,79.21729599,187.14426123,355.01660822,20.24542116,2.99190078,1.14227168
2015-05-18,79.38626303,187.08193803,360.02343556,21.61090283,3.01554596,1.20154627
2015-05-19,81.26520642,191.55953941,358.69243024,21.39689866,2.99502829,1.24325466
2015-05-20,80.60825074,188.86756263,355.79191515,21.81294416,2.94886534,1.17823657
2015-05-21,80.4034722,189.90503745,357.43309126,20.0318889,2.98109113,1.14818413
2015-05-22,81.00180034,191.26100591,357.48362163,18.05692318,2.98339588,0.88052202
2015-05-25,81.07095443,192.8673327,370.46267926,17.2054768,2.99159017,0.95041751
2015-05-26,81.51416303,195.76200407,381.41646915,15.84528678,3.00616708,0.92596303
2015-05-27,82.92826836,196.35469026,378.29352946,15.39570262,3.00735181,0.87223636
2015-05-28,83.37625657,197.80465489,385.16512976,14.77838896,3.06093568,0.91841398
2015-05-29,84.16486569,197.82352159,382.32785427,12.60131341,3.06193959,0.74971527
2015-06-01,79.96688995,192.09639735,369.2053193,41.03392215,3.09603735,2.05649537
2015-06-02,80.67942893,195.91268214,365.05383948,54.0456801,3.11881848,2.68069057
2015-06-03,82.55179653,198.29800631,349.04093289,52.60727558,3.0961651,2.58520628
2015-06-04,84.0448081,199.09987902,335.38842938,50.06848028,3.10449311,2.35107274
2015-06-05,87.98544622,207.24180659,337.29297372,58.99249329,3.09691707,2.86331606
2015-06-08,87.41442981,201.46399459,327.13419206,55.28516042,3.09272696,2.70794747
2015-06-09,87.37548571,201.55692249,337.76731225,52.77580891,3.11083202,2.59742332
2015-06-10,79.3067273,185.9119451,312.23005527,108.78467921,3.11010397,5.25071188
2015-06-11,77.56206026,179.77930717,303.15546915,97.64870332,3.0822927,4.61020865
2015-06-12,78.74598939,176.98334146,315.3776485,92.6483094,3.12340323,4.43773663
2015-06-15,78.44433837,177.66527623,327.95256248,84.12729465,3.11501558,4.01659064
2015-06-16,77.62209918,177.63342389,340.66493942,75.64180283,3.16169834,3.62128329
2015-06-17,78.92152461,179.84893724,314.02463327,71.84436434,3.17167599,3.55960648
2015-06-18,79.53925287,187.19153712,299.49642475,65.85881504,3.19788344,3.16137584
2015-06-19,79.969293,186.58798012,298.6517764,59.37218196,3.19770609,2.9400533
2015-06-22,80.19563296,183.95277861,299.01852017,55.83761109,3.15752549,2.7038876
2015-06-23,81.533481,190.8466705,311.70463059,51.97750176,3.15510142,2.57274906
2015-06-24,83.3678457,192.411913,323.5857712,48.65307276,3.15278123,2.40081258
2015-06-25,83.33171077,193.37250008,334.73252225,45.15202276,3.14367724,2.29820935
2015-06-26,87.0955552,203.20879367,316.43073478,55.05591911,3.08576873,2.70180816
2015-06-29,84.41757476,192.40410235,317.93732956,64.70704556,3.09462224,3.2062432
2015-06-30,85.03172085,183.65167621,305.21566019,59.17634552,3.08073503,2.8930436
2015-07-01,86.13028884,191.7719268,315.91670546,53.48662464,3.06246289,2.61049584
2015-07-02,87.0844633,194.92683843,325.25767217,49.50070786,3.08496485,2.45295948
2015-07-03,91.78263485,209.82103509,333.43940095,61.5646309,3.1110186,3.06136841
2015-07-06,95.89523344,223.30444108,343.79670735,61.41260962,3.08439967,3.02802136
2015-07-07,96.66217834,225.62897024,355.47817665,56.31046266,3.05882454,2.69989826
2015-07-08,96.3098978,217.31848206,360.06019753,56.95977272,3.07517896,2.84539014
2015-07-09,99.15507461,229.02594375,357.66144035,52.20825533,3.0937877,2.44912035
2015-07-10,99.9394339,243.54717943,362.16481593,47.59656504,3.11030156,2.39137655
2015-07-13,99.90283119,256.15816199,340.65305292,45.68395541,3.10622455,2.31174926
2015-07-14,99.42260295,248.46263757,350.024901,44.62301977,3.15655867,2.23733343
2015-07-15,99.79950206,241.88905984,352.16183323,40.98426754,3.1591108,2.08354416
2015-07-16,98.31960501,242.76,342.78031457,42.65446221,3.14519783,2.14227483
2015-07-17,99.899887,246.07902416,347.39942696,38.55668984,3.11283149,1.934494
2015-07-20,100.1271378,250.06953239,356.09453357,36.75292694,3.13561958,1.81142579
2015-07-21,103.31001566,262.51841401,353.83701894,39.67019403,3.12214258,1.97270444
2015-07-22,107.44652553,285.32344488,349.88450064,46.35929347,3.13512112,2.28837429
2015-07-23,109.63548067,298.18919085,361.96799473,42.47846004,3.16113351,2.12257258
2015-07-24,112.03163433,306.33007826,361.62253019,38.3265691,3.14993529,1.85586068
2015-07-27,106.75643441,282.88054094,363.15197832,70.39521676,3.17746825,3.46136831
2015-07-28,109.14691973,299.63636546,374.52122164,65.01748411,3.21159727,3.21009535
2015-07-29,111.06706391,302.89584695,373.1942145,59.08811822,3.21029921,2.98394335
2015-07-30,111.10912547,306.46546849,359.51072565,53.50082649,3.17868502,2.64272101
2015-07-31,104.55139621,277.50815868,344.10612725,82.03149456,3.13363941,3.97935832
2015-08-03,104.00766982,283.70999613,355.03518268,74.48778647,3.10129419,3.55377986
2015-08-04,97.6702732,262.31052909,356.73029775,85.78686749,3.07032134,4.1063162
2015-08-05,97.50557765,265.3811049,354.35521145,79.60077023,3.05581036,3.81406551
2015-08-06,95.89869279,265.12610109,335.29290977,72.04457899,3.07307786,3.41371182
2015-08-07,92.27321747,254.62212599,337.47808775,68.91136094,3.08103759,3.31357204
2015-08-10,92.27227254,243.67408445,326.72873468,63.17268886,3.06949132,3.06519573
2015-08-11,89.86479035,231.23247236,326.79729953,59.79922773,3.09812455,2.86556233
2015-08-12,83.1748635,206.95679077,324.60136994,78.02020095,3.09347109,3.75777776
2015-08-13,79.52846951,201.09199767,323.07510734,73.91588478,3.15139103,3.56264007
2015-08-14,76.39251675,189.60935604,324.07032773,66.32311843,3.1435122,3.17113305
2015-08-17,73.8600461,172.98292556,316.18989837,59.32194199,3.15634482,2.83367377
2015-08-18,73.51634277,161.6948155,312.5388024,61.44173523,3.12671678,3.04266094
2015-08-19,74.22186376,163.3462863,313.46650978,44.58918217,3.14414248,2.27075714
2015-08-20,74.33408442,164.20957052,315.69527586,42.52409164,3.16030053,2.12540729
2015-08-21,74.64339562,164.84354144,311.98535649,40.71628424,3.17255349,2.08682126
2015-08-24,72.91689007,158.42872057,311.7435502,37.70449677,3.18900645,1.94015
2015-08-25,71.19283447,152.57303703,314.50841803,34.90412288,3.23371575,1.74434216
2015-08-26,70.00438338,145.31905651,314.68774833,30.96150445,3.27346707,1.6259723
2015-08-27,68.83543853,143.82738434,308.42878078,28.15374857,3.26393722,1.48003113
2015-08-28,68.25421681,141.51802793,302.33055431,25.44744968,3.23507174,1.39363584
2015-08-31,67.1434924,139.28580283,304.52596593,22.94860362,3.22454836,1.22064328
2015-09-01,68.97985447,141.71008285,316.37473111,34.77988666,3.21761347,1.72691889
2015-09-02,69.79125595,141.96693851,314.59319285,33.45379859,3.2534252,1.68251516
2015-09-03,69.77483622,141.54184996,305.07500047,30.91769379,3.22247911,1.55774357
2015-09-04,67.41371261,134.53887393,307.55605466,33.92295607,3.19447252,1.76428194
2015-09-07,67.6519655,132.44698587,304.3800533,31.0907316,3.20613724,1.54856764
2015-09-08,65.60665275,127.32704179,308.05085577,32.38331934,3.18702065,1.71606474
2015-09-09,65.34805439,126.13818051,321.00336708,30.13657277,3.17882478,1.5805081
2015-09-10,65.03808662,124.78948809,322.52497322,28.45364477,3.15755417,1.56986459
2015-09-11,65.02736799,125.76573823,329.14131846,25.43017869,3.20228122,1.42206577
2015-09-14,64.68296032,123.64462248,339.83937385,22.08978245,3.20823379,1.18677283
2015-09-15,66.11980111,126.07457127,343.79513394,28.00222816,3.18368477,1.52881579
2015-09-16,66.11427136,126.7130296,336.54832337,23.83570278,3.20264034,1.35981008
2015-09-17,65.36362269,122.83114845,338.1693714,24.18070773,3.21712075,1.35016816
2015-09-18,67.72521353,129.4200641,348.52201958,31.32926329,3.24756515,1.66268487
2015-09-21,66.59350354,124.04981358,347.82418796,33.88780764,3.24196551,1.73598918
2015-09-22,65.40608785,118.7716683,347.97673348,32.14790906,3.24671707,1.67850997
2015-09-23,64.66299788,114.4618005,356.95468894,29.68270056,3.21829238,1.65821411
2015-09-24,63.54541947,107.54920565,370.52149289,28.10249182,3.23369175,1.44619947
2015-09-25,62.63996831,104.90873965,365.04841711,24.97314144,3.19585355,1.39044499
2015-09-28,62.47507397,107.50914431,359.95175852,23.68806389,3.203032,1.28510935
2015-09-29,61.20440244,101.33924215,355.46994309,23.69463179,3.23733983,1.22567508
2015-09-30,60.81152752,100.91415848,355.24071588,20.9562374,3.26493695,1.20621585
2015-10-01,60.42776723,99.99324423,354.29625535,18.30885536,3.21831598,1.14581592
2015-10-02,62.89389179,103.29423466,355.4778215,36.68205872,3.22117154,1.94085196
2015-10-05,62.08022363,98.7420499,354.42652089,34.14003377,3.22446342,1.87946346
2015-10-06,65.6599228,108.63155633,350.31489408,48.01453694,3.22492156,2.4508412
2015-10-07,67.50060803,113.50958779,349.07240063,46.63212736,3.24248957,2.40458883
2015-10-08,65.83785475,106.57462757,354.66734445,48.23926465,3.28974854,2.40236011
2015-10-09,65.6551231,107.91924799,358.68155706,43.37221368,3.30701775,2.17332003
2015-10-12,67.5493706,117.3597209,356.30449606,41.08721651,3.34740381,2.08099165
2015-10-13,68.1648404,117.61904407,355.02372962,39.03115393,3.31472745,1.98984193
2015-10-14,68.23356819,117.63693828,351.41887292,33.94317522,3.34996228,1.74862523
2015-10-15,68.1206639,118.28200016,352.23062875,32.22665234,3.38698482,1.67211429
2015-10-16,69.22465938,118.14016295,345.58665915,28.54081292,3.35754243,1.5190662
2015-10-19,68.68468889,117.71915414,342.35216792,27.60493384,3.34069208,1.4631572
2015-10-20,69.52086091,120.57900093,335.84272942,26.70328671,3.28837961,1.36930075
2015-10-21,68.74209434,119.46249647,324.0403132,24.26650414,3.28536891,1.25219433
2015-10-22,67.3495898,118.43500577,315.74965378,28.65253875,3.29268927,1.50679074
2015-10-23,68.33238313,121.93070013,323.27745902,29.06642701,3.34816401,1.63823304
2015-10-26,68.27034485,117.94877986,319.86550503,25.22889148,3.32786471,1.42547535
2015-10-27,67.84007724,117.18193092,318.99742529,22.73954381,3.31150099,1.25182399
2015-10-28,67.24917567,115.48695815,316.04428531,20.71348134,3.30357382,1.16287726
2015-10-29,67.11204396,112.84218065,320.66004299,18.86845833,3.33530272,1.12557685
2015-10-30,67.88393322,115.48644095,320.1957687,20.36632949,3.33177078,1.0480591
2015-11-02,66.22316865,111.85887804,313.57802089,24.24463113,3.33144914,1.4036871
2015-11-03,66.29023905,113.44622934,323.84667009,21.88179111,3.30132261,1.10614565
2015-11-04,65.70077369,112.61895856,326.97286397,21.39711579,3.31805499,1.20830573
2015-11-05,65.3239856,108.75591019,328.11420045,18.36702074,3.30690754,0.9958731
2015-11-06,64.69666899,105.77806127,331.7150684,16.7016414,3.28542014,1.07226873
2015-11-09,64.36096979,108.60719482,339.13151973,14.32703001,3.27858768,0.89861141
2015-11-10,64.02138455,107.77687281,333.7764221,14.5554045,3.27009354,0.94499786
2015-11-11,63.82526142,108.09453917,339.54967336,11.61889291,3.27274373,0.65559215
2015-11-12,64.80475395,108.54966296,337.24119184,17.42557438,3.29801741,0.99697483
2015-11-13,63.5116949,104.62238075,334.77233033,19.68443103,3.33465585,1.17428128
2015-11-16,62.38947752,101.92022644,332.91993961,20.66193626,3.40556736,1.08274617
2015-11-17,61.24481076,101.7557105,338.82288963,20.69516995,3.41256148,1.23622223
2015-11-18,63.03726206,106.34860815,340.85162348,31.65246386,3.43148767,1.66710676
2015-11-19,65.01747887,105.94343614,345.56139766,34.7033567,3.47124239,1.78562289
2015-11-20,66.22859826,107.04382388,339.26577624,32.02495366,3.44973026,1.77644691
2015-11-23,64.78159903,104.38816926,337.6587982,33.34738601,3.45454023,1.68874486
2015-11-24,61.90082575,101.63510903,338.94301208,45.43938166,3.45856814,2.28447621
2015-11-25,61.80822292,102.12983611,345.97554779,58.20231613,3.518711,2.83332359
2015-11-26,66.36533414,110.70661702,347.36404246,88.87303465,3.54358387,4.18011841
2015-11-27,66.66176145,107.79005213,341.67759403,81.57688589,3.51238983,3.99674235
2015-11-30,62.76772579,97.27610573,348.26003674,95.84302475,3.44454327,4.4391163
2015-12-01,63.44753072,95.82039049,351.66901626,61.59122945,3.45153746,3.00296662
2015-12-02,63.48196857,97.54354141,352.82157535,54.69204939,3.4111899,2.7301557
2015-12-03,63.11054903,98.26061752,344.54196503,49.08527973,3.3821238,2.35324057
2015-12-04,63.58040683,101.40162929,342.39378357,45.52784342,3.34507722,2.27651245
2015-12-07,63.41952725,100.84374492,337.32872353,41.35487988,3.33777306,2.07592704
2015-12-08,63.9585203,100.45448125,328.51451307,38.77774571,3.31813702,1.9523114
2015-12-09,63.49231086,99.29223131,333.46395348,34.48030237,3.36984811,1.73248497
2015-12-10,63.17988701,99.02073826,328.41827607,33.01572216,3.36460353,1.83065147
2015-12-11,63.94477767,99.85176718,328.7850957,29.82408599,3.38776712,1.57740108
2015-12-14,65.30270086,102.0143031,330.30987222,29.90342767,3.33041014,1.59381514
2015-12-15,65.86968505,102.58192098,332.94747978,26.12906629,3.3648307,1.25284513
2015-12-16,65.65931693,101.81618514,327.84523953,25.20856119,3.33328824,1.3050578
2015-12-17,65.87648077,101.79534706,322.54101404,23.50114015,3.33134692,1.22251715
2015-12-18,65.68364365,103.19009079,324.87081593,20.49925207,3.32477567,1.113753
2015-12-21,66.36758909,104.12173442,327.30677348,19.4817806,3.35290343,1.08500008
2015-12-22,66.68394385,103.63326916,320.76159945,17.53426792,3.34144338,1.09085891
2015-12-23,67.12177147,107.22763558,318.60998961,16.91635543,3.36236293,0.96735094
2015-12-24,66.55111578,106.19264395,315.5137088,18.24977641,3.35782785,1.05661618
2015-12-25,66.51339771,104.94048625,308.53943742,14.96688,3.36614815,0.92837721
2015-12-28,66.25459083,104.39691167,316.08197036,14.6591067,3.40962398,1.07032074
2015-12-29,65.61483721,102.14845369,315.61795188,14.79310418,3.46220592,0.86603537
2015-12-30,65.61897474,101.74733295,318.77968602,11.992367,3.44091907,0.75084241
2015-12-31,66.19434825,102.3942332,316.15777051,14.28657351,3.44361491,0.97971309
2016-01-01,65.87476887,101.22798695,320.58881262,12.50691708,3.45623289,0.82596465
2016-01-04,66.63533127,104.24028322,314.80858439,14.01876627,3.44496338,0.82793446
2016-01-05,65.79657116,102.32323843,316.26570875,14.81435942,3.5060153,0.91011495
2016-01-06,65.04706288,99.27327264,311.90689802,16.31677546,3.49141917,0.9333249
2016-01-07,64.92497023,98.81941341,314.80145765,12.95315413,3.48631926,0.85208783
2016-01-08,64.53362783,98.16246856,321.08994827,13.8382203,3.49703299,0.7818288
2016-01-11,63.87968936,97.71252071,325.6927934,13.84448452,3.5224051,0.81768809
2016-01-12,64.06131445,98.87920984,325.95465922,12.34689624,3.49686826,0.6846896
2016-01-13,62.94798265,97.19059286,331.66891641,13.59274201,3.45910789,0.89895992
2016-01-14,62.45635018,97.32669702,326.71450422,14.34414809,3.46337824,0.94659387
2016-01-15,62.27633424,97.87413384,328.19139027,11.86215351,3.4922618,0.84377629
2016-01-18,63.12024641,100.02433389,327.08880994,15.98269742,3.46001036,0.91486115
2016-01-19,64.37923712,103.06085331,329.05676114,22.35970438,3.45053899,1.18857784
2016-01-20,64.62047451,102.92364961,329.25429156,17.83843723,3.42455381,1.03693633
2016-01-21,64.20488706,101.00214898,328.50230046,17.29838396,3.39441009,0.9933574
2016-01-22,63.72754305,99.95057578,328.20648418,16.76812262,3.39038934,1.04936234
2016-01-25,64.26206168,102.97848282,331.12333506,16.41316663,3.35532595,1.03219573
2016-01-26,64.39975982,102.7313116,328.12005606,13.882852,3.35601418,0.7294369
2016-01-27,64.25299753,103.56987291,330.97123579,15.10555319,3.38174304,0.91505858
2016-01-28,63.80219599,103.60411851,327.00582515,11.88384004,3.38193649,0.74813567
2016-01-29,63.87933232,104.44566408,328.66251489,11.47504572,3.40645029,0.69115256
2016-02-01,63.84244087,103.58687837,326.08274329,11.04921632,3.42636699,0.70295569
2016-02-02,63.71663075,101.82736008,322.53667726,10.10501637,3.4142158,0.68703414
2016-02-03,63.17042973,101.2517844,325.73790897,9.60543648,3.3945079,0.66449417
2016-02-04,63.79672884,101.76238512,316.9674233,11.27524245,3.3979925,0.69443266
2016-02-05,64.3918458,103.05017619,321.09546707,12.31038577,3.38876389,0.64426632
2016-02-08,64.16440998,102.33972497,315.91752607,11.03863979,3.37157189,0.68574563
2016-02-09,64.48691734,102.32244071,316.35356575,11.12426893,3.32981723,0.65850017
2016-02-10,64.2672916,102.61953268,315.76389789,9.4752464,3.3775351,0.71721576
2016-02-11,64.28058636,102.90815313,308.16761115,9.08619568,3.40167615,0.72206838
2016-02-12,63.94270269,102.55036242,306.35048688,10.19417553,3.47758622,0.66892786
2016-02-15,63.21990456,101.33057712,305.41011034,11.21537452,3.48089128,0.6951209
2016-02-16,63.72148239,101.01456981,312.25874732,12.88608649,3.49813897,0.81383598
2016-02-17,63.6034318,101.47993277,315.60345247,11.8150876,3.5164784,0.82984271
2016-02-18,64.13745195,102.36296184,312.47120138,12.14439493,3.44360609,0.76637068
2016-02-19,64.51858669,104.16611717,315.19831687,10.88381644,3.43136877,0.65497646
2016-02-22,63.902535,103.66051856,320.61692925,12.28166785,3.47376809,0.81830499
2016-02-23,63.76248051,102.50660788,310.92358814,10.39626546,3.48173837,0.59102733
2016-02-24,64.09283487,102.98143628,312.11178114,12.54123728,3.50946279,0.70344091
2016-02-25,64.3851705,101.77837476,304.87048439,11.51519006,3.51746733,0.73726904
2016-02-26,65.39450177,104.4254534,304.38074378,11.39223332,3.5311464,0.72124114
2016-02-29,65.11843485,103.52647784,313.1226278,14.06082721,3.51995484,0.8423247
2016-03-01,65.70945973,104.23705344,317.3947469,11.7625031,3.50609905,0.79133778
2016-03-02,65.40484026,103.94781526,313.34590467,11.50594495,3.45707573,0.84455741
2016-03-03,66.28947152,105.5149408,309.18808903,13.11196854,3.40417508,0.87021829
2016-03-04,64.97252628,104.05249722,307.74309707,19.21960677,3.43909377,1.12408895
2016-03-07,64.71624811,104.23754178,305.50936908,17.50427228,3.41700474,1.07031065
2016-03-08,64.15200045,103.45296623,308.14954242,16.0536894,3.39789774,0.97586396
2016-03-09,65.34265987,104.95081712,304.2497162,22.07964829,3.41163053,1.31171046
2016-03-10,65.8127744,105.05679855,301.16063865,19.47340678,3.43647165,1.1048914
2016-03-11,65.36353294,104.73170371,293.79485096,19.36358428,3.44370319,1.14633053
2016-03-14,65.19113368,104.16354133,291.26502525,16.64038697,3.46368501,1.04453116
2016-03-15,63.91798722,102.8331575,287.91092316,19.35542136,3.47642439,1.11625024
2016-03-16,63.65781931,102.01023145,286.18258301,17.92650612,3.45032118,1.07523264
2016-03-17,63.61597595,101.77796932,289.65826446,13.74754147,3.51390197,0.83848174
2016-03-18,64.1742986,101.66138412,295.73847405,15.24048892,3.54479575,0.92648092
2016-03-21,63.908691,100.85098362,300.15286182,13.65845299,3.51522072,0.75795279
2016-03-22,62.98634538,100.35404783,299.91315637,15.56856674,3.49705511,0.92376365
2016-03-23,63.99584759,102.05719194,295.78531101,20.95669212,3.45860352,1.16616022
2016-03-24,64.15737956,102.2138533,291.0767702,17.86608744,3.46865943,1.01542463
2016-03-25,64.50226936,102.60620861,289.52639811,16.8781328,3.45399135,0.90131966
2016-03-28,63.91770957,101.02855418,295.23929293,16.96772531,3.38621905,0.91818266
2016-03-29,63.31448395,99.94287791,286.24467209,15.70742313,3.44373064,0.89197356
2016-03-30,64.03592242,100.8797033,290.52122545,16.34685886,3.46299364,0.96410186
2016-03-31,64.63287305,102.68968119,292.30470059,14.46903567,3.46240063,0.82019998
2016-04-01,64.02858517,101.81548382,286.25957192,15.80262971,3.49615516,0.89607648
2016-04-04,64.56999546,102.50537881,283.53817901,15.21399777,3.49275494,0.9502951
2016-04-05,64.47518776,101.10799314,286.44093132,14.10319255,3.51562893,0.90967821
2016-04-06,64.32808679,100.39428963,283.38932407,13.71104015,3.49508711,0.84895352
2016-04-07,63.98062479,99.8687743,288.82065497,11.80431434,3.52431516,0.6739729
2016-04-08,63.90465248,99.56497722,297.61979641,11.83763303,3.48567952,0.70216931
2016-04-11,64.08882575,99.80881818,298.13751811,10.84293494,3.54609938,0.6869701
2016-04-12,64.75752799,100.25878885,290.96392243,12.27439928,3.55720932,0.73068236
2016-04-13,64.72716136,100.55607168,285.6023216,10.11913095,3.57960281,0.69190224
2016-04-14,65.16015863,99.83331123,287.45873316,12.0591635,3.60568693,0.80981905
2016-04-15,65.56003313,101.73600266,288.29526179,9.65813915,3.60478343,0.66649071
2016-04-18,66.0946393,102.14245175,292.29093413,8.93187288,3.60344172,0.67741224
2016-04-19,65.21064775,100.47934826,293.68861919,15.36250425,3.58734407,0.92643921
2016-04-20,64.75767636,99.74858536,291.03913799,14.70077594,3.58103001,0.86979495
2016-04-21,64.65389446,99.61691331,283.58230682,12.79169227,3.58620104,0.76550794
2016-04-22,66.31460588,102.00637307,279.97811419,20.30322023,3.59906598,1.18796984
2016-04-25,66.5753299,101.74155216,284.50910484,18.1624816,3.58469181,1.04608491
2016-04-26,67.08755904,103.69923893,286.09335056,16.85552675,3.56378389,1.01458356
2016-04-27,65.98270297,101.23508443,289.19401061,21.16067248,3.59047029,1.19107305
2016-04-28,66.05152426,101.76843447,283.29411749,18.15363301,3.54037949,1.00124963
2016-04-29,66.76487958,103.34437834,289.51887334,18.91632588,3.59320523,1.23990556
2016-05-02,62.01785902,97.80434166,288.91942615,51.47276325,3.57689072,2.59214199
2016-05-03,62.82744255,97.08183887,276.16427589,72.12029189,3.58657517,3.50216019
2016-05-04,61.73656397,94.48374004,281.77143228,66.24657749,3.61553172,3.17898976
2016-05-05,61.15641971,92.58661311,289.42024783,59.22596451,3.68335184,2.80214553
2016-05-06,61.45324776,92.77453978,269.48956524,55.80877904,3.66310013,2.76702721
2016-05-09,61.45549925,91.61390611,258.40694888,50.7536377,3.61637105,2.58181441
2016-05-10,62.36661509,95.09774172,269.22366002,48.58825312,3.60172951,2.43028607
2016-05-11,64.23575196,96.96757967,277.43473011,52.57640061,3.5444467,2.62084543
2016-05-12,66.05912376,98.49315793,269.73689932,53.12910487,3.5044723,2.62538329
2016-05-13,67.15043513,98.43576933,269.64920014,49.77217526,3.44318491,2.39950745
2016-05-16,66.43002111,97.65197933,273.05223439,49.49004857,3.45995728,2.50754719
2016-05-17,66.48557222,100.37572479,265.86885091,42.98913276,3.45437527,2.16218078
2016-05-18,65.99870523,98.97796194,268.85164987,41.42695486,3.44993798,2.13119121
2016-05-19,65.70222924,98.17123197,272.71935624,38.93026136,3.46871197,2.0672756
2016-05-20,65.03234672,96.56917079,271.2767641,36.16916439,3.48108771,1.93332629
2016-05-23,64.58300775,95.8762503,265.88254318,34.20209377,3.4378466,1.75473025
2016-05-24,65.47283759,96.96554958,265.16498686,32.98278507,3.45683514,1.74876432
2016-05-25,65.51082245,99.27572389,258.09068549,29.52572985,3.4375839,1.51661866
2016-05-26,64.85279718,98.33594293,258.27139076,28.83077722,3.39700811,1.47577643
2016-05-27,64.98661791,96.74188553,263.59151077,26.28389817,3.3831005,1.33541017
2016-05-30,63.96023444,93.5078071,268.63343177,28.06866937,3.34321471,1.49128214
2016-05-31,64.74852662,94.79048984,262.79211267,26.94584927,3.31652928,1.5041501
2016-06-01,64.60607074,95.19189448,254.72444641,25.52535823,3.26261201,1.41539893
2016-06-02,63.20312499,92.80172285,256.30126557,30.95643472,3.23779521,1.56120911
2016-06-03,62.0303362,90.31661163,251.45826912,30.68770264,3.22951686,1.65523866
2016-06-06,59.85827848,86.62125916,250.3347559,40.06782766,3.21223635,2.04825709
2016-06-07,59.42111095,84.8791984,252.00850361,24.38758232,3.23613446,1.33687489
2016-06-08,60.3211325,86.6574938,252.92662646,27.5290648,3.22137444,1.58045736
2016-06-09,59.59019528,85.02475868,251.88388124,25.89930405,3.20599064,1.42360723
2016-06-10,60.46287466,86.65432648,250.93768861,28.50853858,3.22982699,1.54091996
2016-06-13,60.28442466,87.67055456,245.28047954,23.20465244,3.24894894,1.31700253
2016-06-14,60.07112023,87.10732421,242.27960578,21.98101466,3.25431417,1.24088908
2016-06-15,59.37903931,87.4406368,243.10748576,20.47761856,3.24936149,1.1189052
2016-06-16,59.34917669,87.75191928,245.67454901,18.9311699,3.22421355,0.98718576
2016-06-17,60.00788315,89.07550544,245.81114053,20.68986429,3.17864823,1.14195878
2016-06-20,59.45357166,87.08980618,249.00260072,18.86189279,3.18637906,1.06933199
2016-06-21,59.05177572,86.6901331,248.69944877,17.55899729,3.2168671,0.91536997
2016-06-22,59.42772095,88.09789598,240.94423878,17.38101761,3.25064816,0.9613563
2016-06-23,59.50612218,88.72767293,240.55550893,14.80138198,3.31932956,0.91314431
2016-06-24,59.44343995,88.61878464,239.77995525,12.71737373,3.3198954,0.76946012
2016-06-27,59.67327354,88.70904337,247.66142815,12.65635502,3.32592222,0.75228622
2016-06-28,59.81263257,88.57262301,253.32333407,11.64430878,3.33018037,0.74114249
2016-06-29,59.42219504,88.65188874,253.9098668,11.09943007,3.34156144,0.69285305
2016-06-30,59.5465257,88.04863701,251.9231894,10.21016486,3.30221889,0.6773118
2016-07-01,59.31155952,86.94040103,253.35740789,9.64325414,3.27827189,0.69384296
2016-07-04,58.78424392,86.31219799,255.04052077,10.38713285,3.27929878,0.71546606
2016-07-05,59.34435303,87.79476495,256.04589805,12.40443445,3.26166061,0.79987533
2016-07-06,59.77265675,88.7154837,251.71736458,12.81318742,3.28596172,0.84088591
2016-07-07,60.84147085,90.456682,250.09388699,15.46256596,3.24714094,0.96526895
2016-07-08,61.28682341,90.41746565,251.98017622,13.74226582,3.29498367,0.82073149
2016-07-11,61.56124405,90.72311005,249.73352727,12.48256943,3.25193516,0.818355
2016-07-12,61.9410976,91.38394694,244.42712967,11.46570345,3.24722301,0.78333867
2016-07-13,62.52974876,91.695828,243.37752114,10.77677805,3.18751177,0.74254426
2016-07-14,62.00680887,90.85816401,243.10027986,13.60714578,3.19523323,0.92434657
2016-07-15,62.767782,92.3108958,242.66759826,14.18952313,3.21246207,0.89748553
2016-07-18,62.94959991,92.2353294,236.33751937,11.68553316,3.21615787,0.74315803
2016-07-19,63.23727387,92.64838304,236.01135208,11.66041818,3.1844545,0.79697577
2016-07-20,64.28694836,94.34674481,229.96303029,11.41040116,3.21236593,0.78777217
2016-07-21,64.01183848,94.42867048,224.29979107,13.90414439,3.20193692,0.83849792
2016-07-22,64.14064186,94.75128275,227.49723006,13.07340231,3.16739048,0.73655778
2016-07-25,64.03775918,94.71564558,226.66851286,10.97127495,3.17640059,0.70434781
2016-07-26,63.70091473,93.61708974,225.13328695,12.73163902,3.19233874,0.83134898
2016-07-27,64.0945631,94.77014899,227.54313579,11.33672533,3.22310497,0.70085581
2016-07-28,63.71886458,93.34761686,229.16076612,11.54049981,3.21942072,0.72733848
2016-07-29,63.75197941,93.31922065,226.20041479,10.46132802,3.19690629,0.71757718
2016-08-01,64.16264175,94.01072795,231.42175562,10.47741838,3.18665014,0.63962788
2016-08-02,64.61139321,94.6523784,231.80971704,8.75245759,3.15284289,0.69151881
2016-08-03,64.37378772,93.98964777,231.5767091,9.77428757,3.16510667,0.65740964
2016-08-04,64.94111428,95.18164084,238.52253696,8.91703461,3.14815191,0.67864234
2016-08-05,65.12735529,96.58908761,239.82886128,8.46341388,3.13879281,0.65439544
2016-08-08,65.51161753,97.0799679,239.86895078,8.72409202,3.14093099,0.6034398
2016-08-09,66.71741715,99.21059706,239.52527109,10.83409289,3.15902002,0.70563192
2016-08-10,67.15763222,99.55187943,235.39488339,11.62242725,3.19763835,0.82587601
2016-08-11,66.93510263,98.49106115,231.65627381,12.15031973,3.21215457,0.81500736
2016-08-12,66.75922351,99.61342442,227.93043782,10.82787645,3.17620572,0.68046092
2016-08-15,66.75853209,100.62915854,228.04173913,10.09220808,3.21252929,0.66616808
2016-08-16,66.66876523,100.53335487,224.35788511,9.44066115,3.27682364,0.65201415
2016-08-17,67.14173578,101.49448194,228.76023008,9.49780095,3.27988794,0.61922098
2016-08-18,67.74198782,103.18410377,224.62771401,10.6590914,3.2739248,0.78381036
2016-08-19,67.89924149,103.67617873,224.03365886,10.25536371,3.23593107,0.73358024
2016-08-22,67.60804981,103.41507619,230.52085252,9.10196515,3.22482766,0.71490675
2016-08-23,67.76736157,103.71164948,233.66934212,8.0,3.18935468,0.62998779
2016-08-24,68.29131291,104.86290589,238.8389,8.0,3.22268697,0.61063989
2016-08-25,67.5876525,104.1998353,237.05008696,11.65962336,3.16808466,0.80831147
2016-08-26,67.32432317,104.24235419,235.40909981,10.8661323,3.14837543,0.86718025
2016-08-29,67.49596432,104.89019723,238.19014256,10.5097711,3.16393356,0.72784025
2016-08-30,68.29485177,106.98710489,233.40336965,13.0559949,3.12770374,0.80551589
2016-08-31,68.23800865,107.54716134,237.66764629,9.88640254,3.10115663,0.63851349
2016-09-01,68.43843332,108.74674339,242.53963768,9.8965241,3.14866604,0.62561873
2016-09-02,68.9588552,110.04012925,245.99625688,8.0,3.08515441,0.56522596
2016-09-05,69.30559337,110.5161711,250.25268418,8.24447539,3.06469044,0.59698632
2016-09-06,69.14833274,111.23124025,251.44083486,8.21022324,3.12673401,0.53558412
2016-09-07,69.0346142,110.86888887,247.28824731,8.0,3.15152506,0.51264757
2016-09-08,68.61247851,110.07591512,249.22635595,9.66491094,3.10233504,0.62844724
2016-09-09,68.71873148,110.23099256,246.35824189,8.0,3.07700398,0.55520131
2016-09-12,68.59303977,110.1513223,244.97833331,8.0,3.02737376,0.6062806
2016-09-13,68.9692321,111.25239575,240.75746029,8.0,3.04287254,0.62280201
2016-09-14,69.07883735,110.30031733,235.94026164,8.0,3.02023438,0.63182016
2016-09-15,69.11160806,110.16898064,229.79553332,8.0,3.00251248,0.51760561
2016-09-16,68.12293352,108.03109793,227.11270841,10.05238058,2.96330458,0.67177307
2016-09-19,68.29150012,108.18339488,231.49649138,11.82366656,2.98893528,0.78595515
2016-09-20,68.4563242,107.71979198,227.15950939,9.86961684,2.89792106,0.61184064
2016-09-21,69.29956687,109.1478322,224.10169846,11.7076261,2.84434253,0.75924234
2016-09-22,69.51021357,110.58172759,217.05490474,12.19485864,2.85535585,0.71959395
2016-09-23,69.26980303,110.56524941,213.01262317,9.17178537,2.81126296,0.62427736
2016-09-26,69.6741799,110.85917444,211.68776298,10.26345836,2.84335741,0.82341328
2016-09-27,69.18064773,110.47618699,212.75120587,9.30865881,2.83707866,0.66312031
2016-09-28,68.73168155,109.99893508,209.1885019,11.04005806,2.86214185,0.64531376
2016-09-29,68.19498811,108.43937708,214.05865784,11.01095735,2.86138791,0.69435544
2016-09-30,68.20120621,108.84951348,211.0174845,8.89258637,2.86501158,0.63896171
2016-10-03,68.14644232,108.84408214,215.58539028,8.0182003,2.85749826,0.61168254
2016-10-04,68.83320864,109.13338338,224.09443247,10.92639721,2.8676145,0.68223763
2016-10-05,69.34580609,109.11298602,232.19286357,11.00289157,2.81424581,0.73986139
2016-10-06,70.12854113,110.2930237,233.39026439,11.79255385,2.76674882,0.79202868
2016-10-07,69.81697529,109.67426018,225.83620956,11.48752485,2.7861635,0.74690008
2016-10-10,70.17707949,110.58058723,231.14596425,10.59524861,2.81799226,0.61825064
2016-10-11,69.54153842,109.1348579,236.64496427,12.42557202,2.8194763,0.70750817
2016-10-12,70.38305748,110.30040682,242.02518083,13.94677236,2.78518445,0.83127379
2016-10-13,70.34541711,111.00101816,244.48140572,14.00516484,2.77107395,0.87796115
2016-10-14,70.10772511,110.78905314,244.9812266,11.5272948,2.79704306,0.72697656
2016-10-17,70.10458117,110.84009612,243.56878451,11.1144681,2.81104132,0.79446561
2016-10-18,70.67365534,112.53963529,239.79763409,10.35846191,2.77489308,0.79347348
2016-10-19,70.26700656,112.3206736,237.34737192,10.53455705,2.81798911,0.66475977
2016-10-20,70.34901785,112.25754324,244.6925261,11.3836802,2.76507962,0.72011572
2016-10-21,70.71156606,112.82593529,240.68299504,9.17085296,2.74207268,0.58999454
2016-10-24,70.41381917,111.75191852,235.25915071,10.66317327,2.67555842,0.71086474
2016-10-25,71.10526275,113.38773688,237.66311629,10.92036291,2.68324277,0.70080624
2016-10-26,71.62743799,113.40981977,233.90297476,10.88153887,2.74537012,0.74600806
2016-10-27,71.52982992,113.3009246,239.66843962,8.49716602,2.74048821,0.62346968
2016-10-28,73.03418708,116.16239961,247.94859793,13.49112323,2.72618304,0.80917814
2016-10-31,72.52600344,115.76494057,233.55556207,17.09315956,2.71234778,1.04439808
2016-11-01,71.86706419,114.04539274,232.97479394,15.97408162,2.70559169,0.94350667
2016-11-02,70.29420273,111.96685804,247.43185138,20.62800134,2.7190416,1.11359326
2016-11-03,70.5273548,110.67761038,247.62140257,19.36173804,2.73888112,0.99741304
2016-11-04,70.91977567,111.90757794,242.16228805,18.2557841,2.7432653,1.00818758
2016-11-07,70.70022101,112.40591614,247.23734946,15.23635358,2.78334193,0.96022674
2016-11-08,68.80021273,108.33875586,251.21840833,23.78489039,2.73008713,1.28094944
2016-11-09,68.14248214,106.00510971,250.2662791,20.49194407,2.71937766,1.19975074
2016-11-10,68.7500982,106.05370327,253.8625625,21.82832344,2.72437147,1.15065433
2016-11-11,67.84608407,104.04688432,249.86812911,21.54696252,2.71681745,1.16324569
2016-11-14,67.73036844,103.60488829,265.0599486,18.72078887,2.7665832,0.98682707
2016-11-15,68.01269423,103.76616709,270.91598729,16.76435571,2.76480769,0.97203299
2016-11-16,67.89701105,103.0089029,270.59091537,16.43750135,2.72612476,0.86533396
2016-11-17,67.77561956,103.18139591,263.71513985,14.10634935,2.72156312,0.82371755
2016-11-18,67.98350323,104.04447189,263.58146541,13.6680313,2.75024591,0.88364394
2016-11-21,66.26382961,101.88303081,253.67935862,19.86234675,2.79764556,1.19371125
2016-11-22,67.42198624,103.75871944,256.34532516,23.4338061,2.80184637,1.36552068
2016-11-23,68.37049369,105.09557931,256.13113184,22.56672877,2.82589995,1.19190681
2016-11-24,68.23201991,103.31502222,254.5604018,19.85768158,2.83402171,1.14529635
2016-11-25,67.61161976,103.27525002,263.59747401,20.68499321,2.829121,1.143808
2016-11-28,67.49193799,103.54715438,259.85352543,17.68889718,2.76985361,1.01045247
2016-11-29,67.61415855,103.63994408,259.24986529,17.06455009,2.79198347,1.03393956
2016-11-30,67.26667302,102.45191263,249.8362558,14.85225454,2.75908445,0.85404877
2016-12-01,66.59493993,101.55024378,254.89716788,14.63467066,2.78005324,0.76184426
2016-12-02,66.20062071,100.11028819,251.81050031,14.5404612,2.79662808,0.94306451
2016-12-05,65.23630508,98.22629246,249.92200406,13.00909389,2.79936365,0.88006131
2016-12-06,65.17666383,97.6961052,254.54580892,12.79815216,2.84610982,0.73065005
2016-12-07,66.12536928,97.94156851,259.33392233,17.42410447,2.85114547,1.01256793
2016-12-08,66.40593728,98.36889115,257.67860903,16.18414834,2.89012984,0.98322952
2016-12-09,67.13672743,100.07662242,262.13851845,15.61798419,2.86771106,0.99151273
2016-12-12,66.40210886,98.83131634,268.81231878,16.58811519,2.86337425,0.98273046
2016-12-13,67.23051724,100.490366,265.33680242,16.01357628,2.93810547,0.93587982
2016-12-14,68.33753534,101.94336409,265.10353172,19.61466189,2.96282516,1.12989774
2016-12-15,66.95422048,100.5577256,265.88209937,22.31174345,2.92078382,1.26504364
2016-12-16,65.3505587,99.02587243,263.06564523,26.45934207,2.94336245,1.42787479
2016-12-19,64.04430912,96.96993571,266.60711548,24.62880566,2.93616839,1.37018373
2016-12-20,65.03196766,97.36775186,264.22514084,26.92111148,2.96068653,1.49180407
2016-12-21,63.46093087,95.12780613,260.49530454,27.70153468,2.92102081,1.51298694
2016-12-22,61.79061985,93.70258164,260.50864052,27.84359473,2.94096103,1.5838189
2016-12-23,61.32394428,92.52646599,263.84873385,25.15564762,2.95099815,1.40340226
2016-12-26,62.11920227,93.2417303,262.25228891,28.2116874,2.95372956,1.3966153
2016-12-27,62.86796061,95.53796524,261.91922594,27.24846608,2.92258848,1.46029938
2016-12-28,64.19154918,97.71303776,259.45621242,28.04128166,2.91857688,1.51539004
2016-12-29,65.30869759,97.89631164,259.49233856,29.10812051,2.96204765,1.54410988
2016-12-30,65.57090258,97.97123544,263.19219273,26.21741147,3.00359329,1.39642824
2017-01-02,66.31380087,99.31926606,262.30145995,23.6963735,2.98158658,1.27124971
2017-01-03,67.13441311,99.88678352,265.34045482,22.03434126,2.97918141,1.18435708
2017-01-04,66.38355992,99.4296406,264.69861759,23.00634249,3.02264729,1.2709966
2017-01-05,66.21662528,98.86094442,263.16382738,20.26776485,3.05148658,1.12673911
2017-01-06,64.96938472,97.75264086,255.11900074,24.19581603,3.03308117,1.30544468
2017-01-09,64.91166887,99.60898107,257.54662925,21.54386403,3.06222136,1.1634395
2017-01-10,65.44233518,99.44173144,256.07752538,20.27593648,3.05863388,1.13026512
2017-01-11,65.58870081,99.66013305,257.71978861,18.74871882,3.05645603,1.07221264
2017-01-12,64.84563085,99.73137927,248.18245195,18.43954577,3.03189322,1.0777653
2017-01-13,67.15778505,102.93630785,256.16719331,28.13177847,3.05050807,1.47087515
2017-01-16,67.29022325,102.35945674,260.44022281,26.76111882,3.06392786,1.35861271
2017-01-17,68.17781038,103.8546556,265.11970881,23.58993464,3.09095403,1.29855966
2017-01-18,69.62321496,106.25661513,263.78944372,22.77137437,3.10477742,1.23764259
2017-01-19,68.3069456,103.94957448,271.30984145,29.01073618,3.09925985,1.53910649
2017-01-20,68.23743534,104.63939853,272.61482939,25.07316908,3.07192738,1.29023736
2017-01-23,67.94785722,104.87730895,272.75816248,23.63623247,3.048721,1.21337705
2017-01-24,68.17288571,105.33571084,278.21773087,22.42367033,3.06230709,1.14384939
2017-01-25,67.73481241,103.3405652,265.48738621,20.15669398,3.04768766,1.08579662
2017-01-26,67.40595367,104.08592811,272.92388349,18.81877433,3.05869392,1.04880297
2017-01-27,67.66607899,105.14560686,272.62109355,16.24701459,3.0110736,0.84375143
2017-01-30,66.23303066,102.72999764,267.33201089,19.9441413,3.00912418,1.06338838
2017-01-31,66.48791815,103.36340015,269.30760425,18.42573858,3.00722025,1.04243406
2017-02-01,65.87204201,102.34814662,262.65996285,18.3681135,2.99252145,1.00990455
2017-02-02,65.5481958,101.49639615,260.70205945,15.99734885,2.97905684,0.89183751
2017-02-03,64.51140833,100.63357633,265.31289348,16.22723956,2.95471752,1.03533321
2017-02-06,64.91477957,101.2027247,257.0864228,17.36440321,2.90384555,1.03830621
2017-02-07,63.99186567,100.35211431,251.70944477,15.83008431,2.95810892,0.91449715
2017-02-08,64.93170114,101.59150512,254.72424632,20.48011646,2.94928052,1.152319
2017-02-09,66.06291351,101.92274941,255.5847564,22.84954949,2.96795102,1.28218471
2017-02-10,67.22502755,102.29880212,256.65579346,23.11336068,3.02394739,1.22552117
2017-02-13,67.88805997,102.4459511,263.06443494,21.66761218,3.01632007,1.09918084
2017-02-14,67.75096685,102.14670238,265.05521782,19.21121612,3.04001704,1.15137014
2017-02-15,67.99178422,102.91060599,263.25830847,16.72841522,3.10119046,0.96779925
2017-02-16,66.29776216,100.45675818,259.30171109,24.5029573,3.12861127,1.30502139
2017-02-17,65.46956163,99.82963398,262.1341195,22.88772805,3.11884299,1.35145911
2017-02-20,65.94332303,100.50701351,271.93340276,21.13464015,3.09251896,1.20443165
2017-02-21,65.65259756,99.62294216,273.84184585,20.78348556,3.0837167,1.13590216
2017-02-22,65.61650442,98.82986996,280.43695836,17.99749457,3.11783202,1.05519401
2017-02-23,65.87000321,98.33076029,282.84371244,17.40535765,3.21540175,0.99901028
2017-02-24,65.33382975,96.88157491,280.48888967,16.8482639,3.1914914,0.91517632
2017-02-27,63.41248892,95.01441754,279.14142043,20.81699092,3.18934955,1.30228933
2017-02-28,63.34777073,95.7368372,278.29994885,20.31162582,3.2286188,1.08162772
2017-03-01,62.95258307,94.98910227,273.69508436,18.63045627,3.21325323,1.03615791
2017-03-02,62.94889492,94.78037714,278.1207719,17.89450732,3.25426515,1.02892128
2017-03-03,64.02661611,96.17393862,274.82196565,20.68766824,3.29544329,1.25657606
2017-03-06,62.77655417,93.44652055,275.58503801,23.12060791,3.28373889,1.35009046
2017-03-07,61.32327452,91.68134536,273.19958345,24.11443049,3.29560247,1.32051516
2017-03-08,59.96911219,90.5685242,261.88036521,23.30857059,3.32177082,1.29316671
2017-03-09,60.72628099,92.11166928,259.90181406,26.0642733,3.28119897,1.5359107
2017-03-10,60.46591527,90.70825388,251.12160116,22.44596215,3.27118028,1.33505498
2017-03-13,61.31714807,92.34639949,241.07137609,23.9835613,3.24939229,1.28060741
2017-03-14,61.39601211,92.75271819,246.09193586,22.97191745,3.21893429,1.26446694
2017-03-15,62.1921921,92.65092979,248.45855875,21.47020018,3.25553891,1.16794871
2017-03-16,62.30761952,92.85694059,240.99918205,20.48182019,3.24414417,1.12144538
2017-03-17,61.47844697,90.62398385,247.64450617,20.90838377,3.24041929,1.17944592
2017-03-20,61.56887267,90.96580769,238.1006517,18.03705524,3.25885614,1.11939262
2017-03-21,61.78363172,91.75623853,225.05656827,16.08283446,3.28675056,0.91005929
2017-03-22,63.22026704,93.46652661,221.18230229,22.29109533,3.2846736,1.10665483
2017-03-23,62.84672127,93.5451823,225.38867273,21.56469882,3.28762669,1.10589304
2017-03-24,61.39710529,91.23643818,219.11536674,26.4836723,3.32225128,1.31933552
2017-03-27,60.47122733,89.53450057,210.14257258,24.3152386,3.31580954,1.29211508
2017-03-28,61.21520273,90.22209578,210.3916049,24.92703159,3.33386673,1.3475476
2017-03-29,61.98525373,93.05250534,215.40894693,22.76251406,3.32789855,1.14487273
2017-03-30,63.0639876,93.79027804,210.9614682,23.40957025,3.34525854,1.15005112
2017-03-31,62.83731972,92.85450169,211.75530982,22.55763399,3.3519241,1.25305192
2017-04-03,62.61097136,93.28504315,206.42615092,19.85271189,3.38676012,1.12511023
2017-04-04,63.23864054,95.01729735,208.59917252,19.40650745,3.39113278,1.04877838
2017-04-05,63.02509825,94.91930016,211.50872705,18.99549518,3.39321861,1.06544482
2017-04-06,62.69770312,93.25856144,209.76009994,16.54150491,3.35089177,0.95142886
2017-04-07,62.33153193,93.7569734,212.67276772,15.60963943,3.29876647,0.96090671
2017-04-10,62.00084405,92.73009848,208.39691799,14.27974483,3.36052423,0.91627243
2017-04-11,62.22295924,93.24648126,210.81835924,13.92894476,3.3905322,0.72141859
2017-04-12,62.92967485,94.49197672,213.49105207,14.97845419,3.33990911,0.84225184
2017-04-13,63.33059364,95.11894881,218.53109546,13.74258881,3.39128337,0.88439353
2017-04-14,63.60909004,95.61958436,216.63558368,11.5055492,3.35278711,0.76555664
2017-04-17,62.64364698,94.07568231,213.99855643,15.22220952,3.35862029,0.87393898
2017-04-18,63.29110572,93.8249694,210.02896934,16.93214234,3.39222334,0.97198662
2017-04-19,63.6737718,94.62617841,208.14875942,16.63460916,3.45120399,0.95268227
2017-04-20,63.7310275,94.76266552,203.65726105,14.330005,3.50340928,0.82656555
2017-04-21,63.79089309,94.26554581,208.67392787,14.14360853,3.5131628,0.81699324
2017-04-24,63.48104348,93.18581672,208.54405709,11.34937019,3.51022797,0.67159396
2017-04-25,63.18774554,92.81853214,203.64212922,11.59023089,3.49848039,0.67084032
2017-04-26,62.3628657,92.95076525,200.7012354,11.62893244,3.46969015,0.72874452
2017-04-27,61.67728973,91.88070501,199.44222847,13.92129306,3.44380782,0.81844578
2017-04-28,62.89677229,94.20572249,195.37282736,19.65704811,3.40066699,1.13944634
2017-05-01,62.29156813,92.47115905,189.25713341,17.93367274,3.41462842,0.9919605
2017-05-02,61.7456135,90.7330414,184.59416862,16.54964276,3.41384822,0.85619984
2017-05-03,63.07149082,93.40470097,190.89672063,21.6475573,3.38274933,1.21014391
2017-05-04,63.34105857,93.91670063,195.11807059,20.4283746,3.42824352,1.08981363
2017-05-05,63.09447554,93.26811569,193.58974969,18.3504269,3.35863639,1.05161248
2017-05-08,62.98616802,93.17119046,190.80557825,16.58692383,3.3659903,0.95967692
2017-05-09,64.00393019,93.84394456,187.73053512,17.60192329,3.36075107,0.95237654
2017-05-10,65.12369406,94.58740051,188.51832865,19.01700865,3.34328558,1.00641893
2017-05-11,65.66594671,94.96845657,178.54512221,17.18567867,3.2736359,1.03075632
2017-05-12,65.38230727,94.08575594,181.58444609,16.84760103,3.28812877,0.90982668
2017-05-15,65.19248183,94.37527455,184.37345784,14.81699306,3.30208352,0.90377875
2017-05-16,65.38972225,94.29790279,186.72787125,15.45024345,3.27268788,0.95353921
2017-05-17,65.38664347,94.30333227,188.4163212,12.31262422,3.30473315,0.7364609
2017-05-18,65.35183654,94.45505036,191.6274117,12.21714085,3.2917725,0.73208613
2017-05-19,66.43850724,95.4659969,192.87352735,14.61375367,3.31124104,0.86263281
2017-05-22,67.4612875,96.841711,192.70192637,14.5412669,3.29575492,0.85844566
2017-05-23,67.09576253,95.55898092,191.2700566,15.06828989,3.282907,0.89560907
2017-05-24,68.02173519,95.84679845,191.62286748,16.00472656,3.27285669,0.87558646
2017-05-25,67.44481965,94.84750311,192.44912642,15.69513801,3.28528427,0.90346203
2017-05-26,67.50380343,95.28877233,196.55068755,16.0784275,3.27525019,0.91923041
2017-05-29,67.69187197,95.57023447,194.42648982,12.32426905,3.32006505,0.79470779
2017-05-30,67.35178357,94.81955794,194.63334257,12.79097287,3.32830739,0.80808907
2017-05-31,67.47849523,94.84254749,192.07569572,12.40189073,3.31297723,0.70815407
2017-06-01,67.48461455,94.98321158,191.44373764,12.21079831,3.28217579,0.77845646
2017-06-02,67.51410251,95.66685867,193.05669863,12.30084469,3.2305261,0.71175975
2017-06-05,66.94227725,94.68925448,189.78300777,9.49181984,3.27194511,0.58718
2017-06-06,66.13997758,93.56578355,190.8767127,11.59825407,3.32347015,0.74792718
2017-06-07,65.80859465,93.23986415,190.28241345,11.65545245,3.3376219,0.60307816
2017-06-08,66.00463159,94.03063514,191.20138025,11.77950684,3.3439978,0.72338526
2017-06-09,66.39478534,94.55133497,191.13598066,16.26398007,3.31380955,0.95311201
2017-06-12,65.68204041,93.74908657,185.61544046,19.02854487,3.3320053,1.08302847
2017-06-13,66.20733264,94.53593378,191.50848559,18.90469041,3.31992663,1.11386872
2017-06-14,66.2515754,95.31928545,187.47956198,16.24095497,3.34122729,0.96754672
2017-06-15,66.00293879,95.50030992,178.1523462,14.38374245,3.32233238,0.85963023
2017-06-16,67.900692,97.15260306,177.06363227,30.12710938,3.40489487,1.5878808
2017-06-19,69.93667785,99.66933376,176.06526255,36.86288706,3.41566007,1.86745658
2017-06-20,69.98112082,99.99213614,174.52875221,34.14528002,3.40518594,1.73437762
2017-06-21,69.88599165,99.04941428,169.71394335,29.32115499,3.42929069,1.54305725
2017-06-22,69.63877795,97.82150272,169.45562439,29.88868195,3.41379868,1.59315184
2017-06-23,68.91485781,96.36252953,167.88306311,30.30549471,3.38363463,1.67264167
2017-06-26,69.0263513,97.74099594,175.23601825,27.13773367,3.38190952,1.47444027
2017-06-27,68.2015124,96.61028522,185.5689266,27.77196584,3.36891566,1.49817751
2017-06-28,68.27695439,98.37756474,181.11412212,23.83412331,3.40712421,1.28040179
2017-06-29,70.07555493,99.6077994,180.35727983,34.05881604,3.44492701,1.7222304
2017-06-30,70.72146676,99.7597411,183.14510141,29.11595546,3.48596133,1.47799638
2017-07-03,68.55362787,100.09168274,185.22123277,43.23291013,3.50342407,2.15071418
2017-07-04,68.68444413,100.46340641,190.78969614,41.45761908,3.56507374,2.1296787
2017-07-05,70.55437855,102.46995726,197.06756934,43.63030395,3.60655812,2.23197497
2017-07-06,69.67438463,101.37173028,195.63451229,42.13034213,3.63191081,2.11746865
2017-07-07,69.84218923,101.47081566,197.36871615,39.32949835,3.67011772,1.93527829
2017-07-10,70.26596233,100.8569145,192.46976161,35.96118148,3.68976406,1.8551653
2017-07-11,71.02168078,101.38157572,196.25873146,34.9003862,3.72701282,1.80717789
2017-07-12,69.37357301,98.77899677,202.19234439,38.75408064,3.68699403,1.96157276
2017-07-13,69.27599407,99.21951719,203.49352144,24.89922401,3.66980752,1.39048901
2017-07-14,68.40671943,96.60735741,201.10732409,22.25233423,3.74418349,1.28694998
2017-07-17,68.6726738,96.7534868,198.539768,22.00079057,3.73737476,1.28212217
2017-07-18,68.48946683,97.48789714,200.82260688,19.85355726,3.71839127,1.14672596
2017-07-19,67.79770975,97.14068828,199.51345033,17.99411559,3.71120898,1.14015275
2017-07-20,67.99118167,97.59308615,201.18248029,18.21754308,3.70943364,1.04312777
2017-07-21,68.00239679,96.16277285,200.89146568,15.96083721,3.72914638,0.93876974
2017-07-24,68.49348436,95.64631479,200.20983139,16.02923761,3.74030922,0.94550826
2017-07-25,68.79288642,96.23032279,202.41973976,14.30912938,3.69819299,0.81077629
2017-07-26,69.02145594,97.99847784,202.78625634,13.10096052,3.72777765,0.82869764
2017-07-27,69.80382857,99.93889703,206.73477932,13.35804236,3.77432352,0.85774328
2017-07-28,69.30336175,98.46840001,206.43726706,14.07755168,3.82090536,0.83664562
2017-07-31,69.49679318,97.69612752,202.70884434,13.37315399,3.85061579,0.80082771
2017-08-01,69.85810478,97.95887003,203.07038206,10.67173674,3.88722794,0.58890719
2017-08-02,69.435246,96.32601378,201.3523898,11.86070137,3.89103797,0.84523612
2017-08-03,69.79648433,97.40731661,202.60489158,11.15529965,3.88431393,0.6911777
2017-08-04,70.68482556,98.28162499,202.26903646,11.60408499,3.8852745,0.75570235
2017-08-07,70.9278049,98.80263142,205.32304895,10.57852977,3.8500958,0.75299864
2017-08-08,71.03998465,98.7359882,205.90267808,12.08179115,3.83266541,0.75632046
2017-08-09,70.64328855,97.63203667,203.38987586,10.80255468,3.8216877,0.74923287
2017-08-10,70.93598287,98.71956178,203.86503621,9.64733005,3.82957969,0.6925952
2017-08-11,70.93797927,98.27119897,205.4600075,9.17758123,3.82889649,0.61874161
2017-08-14,70.79669465,98.03881923,207.81984737,9.40127177,3.86150916,0.69326453
2017-08-15,70.21732131,96.36493421,207.15199685,8.0,3.88300287,0.64918458
2017-08-16,70.33963408,96.49183549,205.50844205,8.0,3.85379998,0.59453098
2017-08-17,70.27953799,95.92525692,205.94001396,8.0,3.83802569,0.62553105
2017-08-18,70.3220408,96.45431495,201.0913029,8.0,3.78324564,0.60807301
2017-08-21,70.79312846,96.59257497,197.38996887,8.15113172,3.81254491,0.64486069
2017-08-22,71.37963059,98.04179467,200.55412963,8.31299335,3.83742018,0.60548882
2017-08-23,71.12731499,97.78288924,200.09111145,8.11129223,3.8637273,0.57062471
2017-08-24,69.09281971,97.30202083,199.25363561,20.42043639,3.8564804,1.09438216
2017-08-25,68.84713267,97.39540762,196.5348704,19.50498388,3.82666397,1.08930205
2017-08-28,68.98689227,97.71803388,197.77055928,16.50172499,3.81214269,1.02772829
2017-08-29,69.04518459,97.81383903,194.89416554,14.40680909,3.83410144,0.92198132
2017-08-30,69.23261915,97.41629014,195.58158558,13.87596739,3.85359535,0.8221548
2017-08-31,68.48016099,96.20212346,190.66656148,14.9045697,3.88744953,0.90168904
2017-09-01,68.68346301,97.48654998,194.07688189,15.11733932,3.87444071,0.85103313
2017-09-04,68.22562,97.32412519,191.93707039,12.27096678,3.89576704,0.74592053
2017-09-05,68.41230483,99.05065774,193.68534285,11.99648066,3.95616422,0.71534285
2017-09-06,68.2317091,97.97117447,191.24776128,10.10417351,3.89453829,0.58802585
2017-09-07,68.025997,97.22432489,190.72176219,10.14257488,3.88225717,0.6164363
2017-09-08,67.43609716,95.89090683,194.78076035,9.89021026,3.88110036,0.61379735
2017-09-11,67.10182479,94.80884991,196.65561966,9.76304428,3.900849,0.61793053
2017-09-12,67.32883725,95.80654397,196.71836553,8.73147514,3.88309046,0.65020341
2017-09-13,67.57792936,94.59845594,195.96816235,8.83878787,3.91324539,0.60854995
2017-09-14,67.98292726,94.85333256,199.59080733,10.02328929,3.86813801,0.63349409
2017-09-15,67.35936181,94.23988616,196.78614395,9.99705002,3.88034622,0.70488397
2017-09-18,67.22006421,96.11747026,207.34671341,13.30039468,3.88201664,0.82155872
2017-09-19,67.23345924,97.82582296,213.02740364,13.53731097,3.8490261,0.75136398
2017-09-20,66.16746896,97.48551353,210.67720652,17.46944654,3.85567263,1.04901891
2017-09-21,66.70109417,96.61509453,224.08055021,20.40788697,3.89056562,1.12944424
2017-09-22,65.27955797,94.22641467,218.44952057,24.52081045,3.87877011,1.32406719
2017-09-25,64.7732517,92.46291832,212.1855151,23.56760556,3.8478588,1.27251252
2017-09-26,66.41826645,94.17715432,210.22426306,36.29744038,3.85258718,1.82801648
2017-09-27,66.10695954,93.57497407,219.37331712,31.54905296,3.8349283,1.65501391
2017-09-28,65.34269244,92.83897055,223.10786331,30.93431225,3.82095825,1.61073972
2017-09-29,65.25108671,94.25567819,222.69523922,26.5973294,3.86351567,1.34256409
2017-10-02,66.06243181,95.55098331,229.35610767,30.38901211,3.87959888,1.62825629
2017-10-03,66.41138259,97.46553882,238.59192599,26.51804822,3.90894687,1.43705351
2017-10-04,66.85431978,97.25050811,235.71157289,24.1302727,3.84047016,1.23063247
2017-10-05,65.69904095,94.27335036,227.3656753,28.0747503,3.80611856,1.4876344
2017-10-06,64.67063722,95.24001132,218.55916171,30.55091422,3.77649361,1.54310829
2017-10-09,64.71020453,94.58555482,215.7421041,27.14933599,3.75867516,1.48026324
2017-10-10,65.7195405,97.69955813,219.30411128,30.76392449,3.73265411,1.53478848
2017-10-11,64.92240503,98.88720175,218.22173944,29.74872616,3.73252974,1.61881167
2017-10-12,65.15872638,99.01616389,216.56090768,27.07353335,3.75933902,1.38709221
2017-10-13,65.50091851,99.11973418,215.10592755,25.52349377,3.7999563,1.40026074
2017-10-16,65.1134757,99.0368252,212.98001936,23.38230243,3.79321467,1.32338065
2017-10-17,64.98459893,98.98137047,218.46210414,21.55898204,3.79165365,1.29131681
2017-10-18,64.3339358,98.40042104,220.0802777,19.61400792,3.84479134,1.12027904
2017-10-19,64.13843046,97.42115779,214.38935385,19.02026091,3.80230763,1.0886166
2017-10-20,64.13979251,95.40783439,211.59218964,17.81608305,3.82350022,1.05133378
2017-10-23,63.04989951,94.19125086,214.68125792,20.72527029,3.83666857,1.21962383
2017-10-24,65.34496154,97.85545041,208.25187365,42.83314476,3.85741245,2.16562419
2017-10-25,65.23103361,97.9897036,198.98853842,39.02964179,3.86950646,2.0126009
2017-10-26,63.44578084,94.59036719,202.68954036,43.57476815,3.87010405,2.31538169
2017-10-27,61.50721953,91.28047505,193.90314335,47.31479141,3.90287399,2.41340106
2017-10-30,59.10925963,87.79061732,199.85166604,52.78841853,3.89281282,2.60583604
2017-10-31,60.68993216,89.25836435,198.6912756,58.10622875,3.90146515,2.90715772
2017-11-01,59.67300603,85.7038167,194.03544391,55.99132704,3.84725949,2.77057831
2017-11-02,60.27857953,85.6565028,196.57175143,54.1977474,3.88130467,2.68291242
2017-11-03,58.09950637,82.37992524,194.76148964,56.67596882,3.88377313,2.79344109
2017-11-06,59.68263507,83.96330701,190.82074558,63.54764376,3.82741684,3.01299732
2017-11-07,57.65043121,80.49626713,179.77945511,63.41277529,3.86363534,3.08873151
2017-11-08,57.18356236,79.02507993,182.20349584,57.70841475,3.84393799,2.82846945
2017-11-09,57.1418659,79.97836698,188.61514064,53.17275196,3.85882442,2.68129931
2017-11-10,56.20359491,79.67580635,195.01100296,47.88140502,3.86676331,2.44909631
2017-11-13,54.3789825,77.47543755,200.83619554,47.17076549,3.86097296,2.27354527
2017-11-14,54.27492611,77.86005284,204.8637993,45.24240034,3.89264363,2.23746349
2017-11-15,53.47036755,75.91149682,216.05238025,42.02313151,3.85794494,2.09089469
2017-11-16,54.82249024,76.53396725,209.91604191,50.35617516,3.8632191,2.50433784
2017-11-17,53.76140503,75.32262691,208.32373836,32.21096932,3.9274706,1.65990646
2017-11-20,53.29054032,74.29416209,202.44541422,29.03093479,3.94450712,1.57255489
2017-11-21,53.58017612,74.86659669,202.44362703,29.78940269,3.95614675,1.46372687
2017-11-22,53.35126069,74.74370166,204.41616987,25.3772562,3.91209521,1.39317587
2017-11-23,52.43551658,72.56105592,201.21752919,23.74792995,3.90674974,1.31482103
2017-11-24,51.81357327,71.52636943,204.35764308,21.79718334,3.9038857,1.22443444
2017-11-27,50.72617923,69.72112246,205.09721612,22.04799601,3.89929717,1.27637316
2017-11-28,51.10206272,71.98101305,206.92444914,22.60518249,3.89092072,1.17918094
2017-11-29,50.80042111,72.58206067,204.58366898,21.17957209,3.88624573,1.1217548
2017-11-30,51.43942776,73.78843446,198.64006884,22.3454312,3.87354024,1.21518069
2017-12-01,51.77801311,75.15804925,199.03308579,21.30762304,3.83491346,1.21443869
2017-12-04,51.53120558,75.13957173,198.53147072,19.74995119,3.81158499,1.14985806
2017-12-05,52.62151239,76.34596064,194.90350409,24.44932597,3.80735686,1.28706546
2017-12-06,52.83975121,76.20742481,197.82606044,20.34418658,3.78912318,1.13887071
2017-12-07,53.62525645,78.91048241,199.95700903,19.30630447,3.79785965,1.08551292
2017-12-08,53.35435323,77.76459511,202.1990072,20.94291381,3.8301601,1.09277229
2017-12-11,53.47443514,78.67756023,199.49841447,18.88612788,3.82585568,1.14021218
2017-12-12,52.76819311,77.33777092,197.21479644,18.84167195,3.79876948,1.11739484
2017-12-13,51.7204766,76.61359804,198.80779541,22.13940871,3.75735016,1.26666666
2017-12-14,52.21332542,76.7323207,198.43352451,21.38438397,3.79794982,1.12434664
2017-12-15,51.33211858,75.05071133,198.50714822,32.04932367,3.78522087,1.65945956
2017-12-18,49.58089354,71.95428904,210.16161616,39.11473883,3.7513565,1.9623758
2017-12-19,48.00112798,68.8528242,218.74248334,42.32149045,3.7430447,2.1600121
2017-12-20,46.57109262,66.56676341,224.06819021,42.57504419,3.7440991,2.05602562
2017-12-21,43.96600796,65.72023079,221.27071104,52.88040298,3.7518711,2.63367395
2017-12-22,47.02165684,70.47900738,220.9576202,97.36155559,3.70523818,4.60617644
2017-12-25,45.35596199,69.89792718,227.83309377,92.87764458,3.70987722,4.46098826
2017-12-26,46.31859246,70.89395789,225.08959891,88.90884457,3.70683618,4.19858932
2017-12-27,45.74300103,70.84481807,230.63060788,82.16123857,3.69309592,3.93540088
2017-12-28,47.3028762,74.27111039,227.07260066,82.0521807,3.69781843,3.89177993
2017-12-29,44.53497111,71.3234633,229.7104733,91.83031451,3.68203036,4.26422078
2018-01-01,44.28098187,70.49762145,227.75581345,59.27709745,3.73652774,2.86328543
2018-01-02,43.13064883,69.75948143,229.11134528,54.45393051,3.7581721,2.70707554
2018-01-03,44.24099542,72.36363563,229.46916169,55.86726353,3.7817157,2.7851007
2018-01-04,43.62783678,72.69517277,227.52933889,49.23045047,3.77570439,2.41826765
2018-01-05,43.87458775,73.83614007,230.11959456,45.35366474,3.81124783,2.24466726
2018-01-08,43.99873319,74.20929801,233.11544572,41.53661116,3.81219577,2.08170835
2018-01-09,43.3213892,73.55122181,232.99558949,39.81517624,3.77203209,2.0205731
2018-01-10,43.34095792,73.52943419,235.0455651,34.57698799,3.72886861,1.77412155
2018-01-11,43.81698965,73.58282075,237.46375295,33.38732367,3.71661227,1.70308493
2018-01-12,43.7947702,73.29653688,237.33942977,30.57048454,3.71378811,1.61552219
2018-01-15,42.82140458,71.68263738,235.97878791,30.09766286,3.71401709,1.6979159
2018-01-16,42.81972129,71.63339555,232.07080991,28.39496076,3.73379962,1.51533574
2018-01-17,41.97492642,69.90392551,229.38533299,27.85270503,3.73069477,1.53344123
2018-01-18,42.37760711,70.00382797,227.02106385,25.15672517,3.72141359,1.26233695
2018-01-19,42.80680973,70.71166426,227.56140037,27.28340321,3.72802076,1.46968121
2018-01-22,43.24523119,71.42454243,230.03255841,24.66224836,3.68877125,1.29590587
2018-01-23,42.69678697,69.63396535,233.18935985,24.08906244,3.7029534,1.3921844
2018-01-24,42.57234174,68.64970167,233.65359615,22.71931713,3.70902904,1.28610741
2018-01-25,42.77810238,69.54472151,233.63960621,19.84939465,3.71211135,1.17721258
2018-01-26,43.22961353,70.46956553,237.2602254,20.48723828,3.72695121,1.14289408
2018-01-29,43.13917486,69.90033813,237.23097663,18.81169993,3.65882509,1.09222764
2018-01-30,43.98387557,70.76053975,238.80040564,19.70437767,3.5990784,1.02093671
2018-01-31,44.95143575,71.73273814,238.50874479,22.56790265,3.54015905,1.23941643
2018-02-01,44.75850366,70.67539341,236.32701865,21.91227635,3.57896529,1.14850393
2018-02-02,45.33908042,71.74393426,239.01834118,19.23305087,3.54850862,1.12626099
2018-02-05,45.63725995,72.20273881,238.85186385,18.14882497,3.54447963,1.02792968
2018-02-06,45.73042693,72.77606656,237.11331613,16.71265717,3.5942637,0.86624105
2018-02-07,45.15374588,72.92120616,235.53115772,17.21304811,3.53564179,0.8662364
2018-02-08,45.65084729,73.52606792,230.89547817,17.19514272,3.49773151,0.93877283
2018-02-09,44.36005272,70.99040341,224.39305374,26.62109704,3.49277753,1.44417615
2018-02-12,44.58444642,71.03078382,225.60751531,23.8276171,3.50579852,1.31655972
2018-02-13,44.37937294,70.24439869,219.97888235,22.91626186,3.53943577,1.17236054
2018-02-14,43.99802828,69.26839469,211.52060681,19.79968602,3.50592138,1.07435845
2018-02-15,43.05472593,68.55811954,209.7913632,22.20124403,3.52094444,1.28465851
2018-02-16,42.13711944,67.83037215,199.20078116,21.847193,3.48277297,1.21416567
2018-02-19,42.58643794,68.34048516,202.31670387,24.52905238,3.4729651,1.35077559
2018-02-20,43.31704817,69.32139312,201.47175682,26.63223979,3.45770398,1.44774617
2018-02-21,43.49126963,69.64674697,193.75301804,23.71263165,3.44071303,1.34352303
2018-02-22,44.15190371,70.84699187,197.00892881,24.07950353,3.46768447,1.35469617
2018-02-23,44.05183118,70.29046464,195.25065365,22.77147681,3.48142526,1.38222926
2018-02-26,44.47727899,71.51935552,198.04581539,20.21876962,3.43132596,1.09280777
2018-02-27,44.43661223,71.38040183,198.07861796,19.20084343,3.44320736,1.07428199
2018-02-28,44.46254879,72.04109384,198.98139865,17.74748606,3.47347971,1.02869956
2018-03-01,44.67354233,71.0303599,198.99823774,14.56050023,3.45564862,0.8500052
2018-03-02,43.95985178,70.11360103,206.77259072,17.43502739,3.44586023,1.02675356
2018-03-05,43.51589432,69.57363436,197.41119373,16.44549688,3.47497733,0.9366476
2018-03-06,42.772993,68.63686365,199.32321419,18.85062485,3.45191769,1.17656498
2018-03-07,43.75743094,68.95160464,200.7206062,24.64138548,3.49228842,1.35457015
2018-03-08,43.00917911,67.50387117,195.57273741,26.2841591,3.46536579,1.40126111
2018-03-09,43.67476566,68.33256473,202.31297687,25.22340303,3.45675292,1.38982052
2018-03-12,43.64843622,68.13013854,210.99362921,23.65961661,3.43716845,1.21923316
2018-03-13,43.01124554,66.57051948,209.62402572,23.00527841,3.43859647,1.2856758
2018-03-14,42.95190642,66.76678443,213.8441009,19.97864714,3.43898175,1.15982591
2018-03-15,44.43264468,69.03229374,212.00041566,29.81212307,3.39467657,1.56073973
2018-03-16,44.51361953,68.61543395,211.97189798,28.41103246,3.39353938,1.39596131
2018-03-19,42.92820909,66.3226923,213.56638448,34.08694834,3.3951426,1.76468407
2018-03-20,43.46674874,66.82930868,209.16738038,34.93515056,3.37673376,1.78116996
2018-03-21,42.96489337,66.24531935,206.71902126,31.20967198,3.34872442,1.62257073
2018-03-22,42.57161968,66.64046165,209.21885405,28.76235958,3.35383743,1.56480236
2018-03-23,42.74677145,67.82482214,213.37228977,26.05306877,3.35449333,1.38894532
2018-03-26,42.11167789,66.66598203,218.05434814,25.68631685,3.30081051,1.51792425
2018-03-27,41.2606901,64.91621218,225.75681871,25.25050523,3.31273627,1.39419431
2018-03-28,41.04327149,63.82105196,228.12417395,22.73976866,3.36425099,1.28660046
2018-03-29,41.00726877,63.74609604,230.72586748,20.71457375,3.36581134,1.18508856
2018-03-30,41.27268089,63.92233129,224.97067385,18.08875201,3.37406875,1.14252651
2018-04-02,41.18426052,63.66471477,230.75097504,18.72698578,3.32711096,1.05241929
2018-04-03,40.93935875,62.66207289,227.91293891,16.93322771,3.34783689,0.93492467
2018-04-04,41.08163038,63.17300431,221.20356036,16.43048797,3.35550137,0.98569048
2018-04-05,41.55645462,65.26401978,208.92904113,18.0654188,3.35917822,1.0565852
2018-04-06,42.23751381,67.70663243,198.07770671,18.66482281,3.34262539,1.00051929
2018-04-09,42.80167747,69.68213012,186.81003961,18.64255477,3.36818431,1.14628172
2018-04-10,43.06455126,70.34506218,177.68445111,16.88327523,3.38801892,1.10160836
2018-04-11,42.9695892,68.57241426,178.23231178,16.32961759,3.40939064,0.98483258
2018-04-12,43.45978434,70.42999206,167.67764614,16.11264402,3.38239799,0.99443614
2018-04-13,43.77032614,71.91371353,162.13993558,14.61565833,3.41889515,0.83561084
2018-04-16,43.89795965,71.89186676,163.6834653,12.7588841,3.43730863,0.73310744
2018-04-17,43.9054853,71.84831876,162.87070834,11.08701123,3.49524156,0.70576637
2018-04-18,43.31805335,70.39190978,159.37616037,16.86598485,3.46011094,1.02715745
2018-04-19,43.85529138,71.53723135,159.65756095,16.57768318,3.45993848,0.9155723
2018-04-20,43.33129814,71.57983299,165.4106733,18.53122135,3.45391919,1.0340962
2018-04-23,43.39013526,71.21114815,168.24561513,14.9444358,3.47143028,0.95070362
2018-04-24,43.42626793,71.7488933,170.9893144,13.43592543,3.48573086,0.81552602
2018-04-25,43.63398737,72.0383144,167.90415072,11.97091247,3.47108624,0.78040069
2018-04-26,43.24307567,72.15298637,164.50529843,14.00956029,3.46883359,0.80286164
2018-04-27,42.55767126,70.62695702,161.24655311,15.55904891,3.41293221,0.98116634
2018-04-30,42.0865497,70.34757508,164.08262183,16.48976518,3.44644005,1.00409928
2018-05-01,42.12390119,70.33083417,166.12722688,13.76739364,3.44481,0.8284005
2018-05-02,42.86718544,72.28572902,158.63492597,19.24109872,3.43600744,1.03629091
2018-05-03,42.41067318,71.53724152,160.46735982,19.0729109,3.42823296,1.09632154
2018-05-04,37.40400001,65.09460347,150.48424298,81.62452817,3.41980809,3.890412
2018-05-07,37.25641539,65.6045795,148.89343127,109.15506998,3.42808735,5.13945219
2018-05-08,37.50318639,66.96556111,153.34875224,101.82456281,3.41421786,4.8486463
2018-05-09,37.78737549,67.63705977,160.86684144,94.375649,3.4072583,4.49342387
2018-05-10,37.40280523,66.21309494,157.12910872,85.88077799,3.36335289,4.07658204
2018-05-11,36.67899372,67.0009903,148.24602833,76.91753985,3.37366199,3.65437337
2018-05-14,35.81121908,67.08441479,143.07372816,71.88287776,3.3974182,3.51034095
2018-05-15,35.47870286,64.73902301,142.94968089,64.85934094,3.39431797,3.22517608
2018-05-16,34.62787136,63.53542299,144.18571497,60.09080603,3.37166091,2.88621615
2018-05-17,34.480514,63.9516934,141.8640255,53.19344535,3.3704519,2.67102827
2018-05-18,35.00256688,64.6750205,137.43065975,56.2827944,3.40774002,2.84258498
2018-05-21,34.64942838,64.67204488,139.08174703,50.54673887,3.39547612,2.46136295
2018-05-22,35.25760629,65.82217853,141.92003654,51.96645513,3.37887425,2.511084
2018-05-23,34.75324419,66.30721277,141.70123545,46.85502652,3.37968465,2.31462445
2018-05-24,34.46816188,66.59611861,144.75172554,42.97400352,3.40698871,2.21561836
2018-05-25,35.18309903,68.65995407,153.69193261,46.53726285,3.42044638,2.25539529
2018-05-28,35.86463751,71.20901422,154.19556614,46.86386781,3.41687293,2.35666096
2018-05-29,35.42982673,70.25065672,154.75815814,43.73246932,3.3864285,2.16619216
2018-05-30,35.25252351,70.26112372,157.44755348,39.12950262,3.41257254,2.03970151
2018-05-31,34.02699078,68.50609581,159.88682214,48.29004545,3.424424,2.34205336
2018-06-01,33.60486237,68.27970542,166.22910154,43.63832788,3.36763013,2.28025579
2018-06-04,31.9976307,63.93421782,171.72426451,54.78241328,3.41734123,2.71147911
2018-06-05,31.37163275,62.54677145,179.81801259,50.10913258,3.45095598,2.49635288
2018-06-06,30.40652294,61.80909646,173.04334544,47.80864573,3.4731829,2.38656352
2018-06-07,30.92269394,61.82131846,158.12130304,53.7477156,3.49257081,2.74926646
2018-06-08,30.66605895,63.83498348,149.15933362,49.82751206,3.47279193,2.39545151
2018-06-11,30.70021321,63.25714247,145.23135147,47.19227713,3.50317633,2.40254664
2018-06-12,31.28401661,65.18413727,142.12755245,49.44593069,3.53588478,2.52380642
2018-06-13,31.73721939,65.85639092,145.01008745,48.71196161,3.57978568,2.36410464
2018-06-14,31.96202164,65.91101699,147.59784727,43.73372201,3.56883154,2.17790714
2018-06-15,32.65360521,67.5728283,152.62736813,44.06193337,3.55227825,2.18925524
2018-06-18,33.0046349,68.40577555,160.82501254,40.54152741,3.614337,2.0314892
2018-06-19,33.80817203,68.38319922,159.11719442,39.79665989,3.61979962,2.02426389
2018-06-20,34.19853403,69.55709788,156.71252814,36.40096556,3.56672306,1.98825401
2018-06-21,34.67443661,70.92770516,154.86004756,32.85948407,3.54248337,1.68425022
2018-06-22,34.95590693,71.59188841,149.72134555,30.26498618,3.54745123,1.54108627
2018-06-25,34.16921227,70.6389693,151.47017194,41.09848358,3.5771733,2.17308272
2018-06-26,34.709908,73.61731643,159.09320683,39.57449289,3.54274529,2.00592054
2018-06-27,35.25498089,74.78598997,156.71727889,35.97025535,3.53450826,1.79024088
2018-06-28,34.48672524,75.13056649,159.89834008,42.71794771,3.5128226,2.20873528
2018-06-29,33.76398901,74.24261542,166.1385884,45.39918323,3.50836536,2.30400642
2018-07-02,34.81905766,75.87119308,168.64607312,51.3126574,3.48001547,2.53258567
2018-07-03,34.70003097,75.7180324,173.50203727,31.4612795,3.50444354,1.63336946
2018-07-04,34.72988764,75.19437997,175.6345527,28.34825836,3.4795392,1.51401467
2018-07-05,35.06929003,76.38038764,177.14983522,26.25066781,3.47225334,1.42384849
2018-07-06,34.82845767,76.24486155,172.66357459,25.18533995,3.48710874,1.35465071
2018-07-09,34.65153107,76.14708242,177.29289886,23.28587264,3.47219731,1.36746331
2018-07-10,34.29531642,75.78336678,178.94899274,20.57501832,3.47431273,1.10250139
2018-07-11,34.67097838,76.83569734,181.56858756,21.44032862,3.46177558,1.17123136
2018-07-12,34.86111597,77.5118662,179.86166529,19.34500145,3.50891291,1.06328669
2018-07-13,34.92847838,77.65929754,181.46412461,18.46757146,3.48579368,1.06536506
2018-07-16,35.19293331,78.68807461,179.00820944,16.08204075,3.49548904,0.91507561
2018-07-17,35.6134463,80.44807202,177.39376533,14.90234028,3.48287895,0.99051829
2018-07-18,35.38729432,80.02656929,175.45349696,16.69156833,3.4677119,1.03364954
2018-07-19,35.5567808,79.87499871,180.102241,15.75888162,3.42586589,0.99604987
2018-07-20,35.27448446,79.29518348,179.49021286,16.41844705,3.42576502,0.93895658
2018-07-23,35.24566822,78.39882939,181.64494559,13.32624715,3.41752221,0.84839266
2018-07-24,35.26107349,78.87031282,181.18906564,12.3931171,3.42398398,0.76791744
2018-07-25,35.57682512,79.34064688,181.78939719,12.17132563,3.42246534,0.83818696
2018-07-26,35.7357473,80.0499289,180.64689657,10.29473956,3.3970916,0.66558853
2018-07-27,35.54404277,79.4342125,181.33725472,12.14135042,3.37938043,0.72038313
2018-07-30,36.01773877,80.68027308,183.96555092,14.9321127,3.33529124,0.83841998
2018-07-31,35.93927138,80.90326569,185.00278731,12.95715082,3.34844099,0.81333245
2018-08-01,35.96170337,80.83982762,179.32122567,10.5479166,3.37203742,0.72611686
2018-08-02,35.94940604,79.94891439,181.58841529,10.76083089,3.36273363,0.68775844
2018-08-03,35.73890109,79.37866613,178.4317979,10.51661935,3.34419834,0.65555978
2018-08-06,35.78108902,80.17924917,181.90301043,10.18391804,3.40657835,0.79223839
2018-08-07,36.33668287,81.09956245,186.51138571,12.34154661,3.39664448,0.77090334
2018-08-08,36.47587487,81.04233152,183.60870436,10.84412881,3.42533472,0.76358329
2018-08-09,36.10808024,80.54366712,180.26519011,12.94235856,3.40130673,0.76968461
2018-08-10,36.0596714,80.78093572,182.96116035,12.81027552,3.39330646,0.74811127
2018-08-13,36.31641568,81.42137332,184.56783904,10.42899251,3.36197651,0.74629791
2018-08-14,36.4909908,82.3302619,185.85364882,9.36946882,3.35968873,0.63860968
2018-08-15,36.32838362,81.68869785,182.28683539,10.45031726,3.34650592,0.6683629
2018-08-16,36.35149453,82.23658287,185.45992158,10.02740687,3.35008908,0.63371202
2018-08-17,35.63894932,81.03633174,186.0024815,16.47319166,3.3583288,0.95750386
2018-08-20,35.22036237,80.12572806,187.33360971,15.35179061,3.32691928,0.89407855
2018-08-21,34.9880668,78.70066431,184.52522017,13.52176604,3.38465521,0.89940886
2018-08-22,35.09740646,80.34626418,189.41550187,14.47531194,3.36159275,0.88902491
2018-08-23,35.63263066,82.0014748,192.02582354,17.32303786,3.37091378,1.03591096
2018-08-24,36.10389631,84.21544398,186.45983674,16.54748349,3.39996111,0.95988703
2018-08-27,36.31368273,85.23671755,187.45440108,16.29522084,3.41629313,0.84551076
2018-08-28,36.35607086,84.22277618,188.83524203,14.11310448,3.39928987,0.88231111
2018-08-29,37.07569444,85.76201301,191.15881143,16.2275741,3.3800588,1.00076002
2018-08-30,36.82107421,86.68118163,190.26702207,17.67054452,3.36813217,0.98850851
2018-08-31,37.22732456,88.03469558,189.01735998,17.29279024,3.28848069,1.03123036
2018-09-03,36.61517932,86.09528972,187.25190166,19.05849961,3.31215914,1.03281254
2018-09-04,36.20663099,84.57112721,183.25341245,19.78785346,3.35661733,1.19479909
2018-09-05,35.13837464,81.68096172,180.41932516,26.11596546,3.39026786,1.42131034
2018-09-06,34.55947765,78.2364016,182.06521999,25.63622503,3.45007103,1.51798299
2018-09-07,34.30374634,77.56262652,180.69660609,21.23728014,3.42924256,1.23460511
2018-09-10,35.05132299,79.55764764,181.99048964,27.857554,3.43002729,1.44544616
2018-09-11,34.83693792,79.35597724,183.35733934,24.8691163,3.43253725,1.30393652
2018-09-12,34.94972267,79.69162259,182.88272611,24.38582783,3.45132612,1.27720497
2018-09-13,34.8862412,78.76541987,179.85874757,21.7463088,3.44085039,1.26735187
2018-09-14,34.67233414,76.80664088,179.79474806,19.80455965,3.37890563,1.05657366
2018-09-17,34.08364902,74.40767749,182.74999641,19.1726123,3.39221266,1.09106446
2018-09-18,34.49370075,74.6130098,183.94925219,22.36661445,3.44289588,1.21718115
2018-09-19,34.2095665,72.51497509,181.58980987,19.56353494,3.40176891,1.06656689
2018-09-20,34.87925555,73.42266503,180.41808465,22.13727539,3.34476733,1.22541011
2018-09-21,34.66290233,72.5308321,178.34033777,19.88175825,3.35632921,1.10960745
2018-09-24,34.46888184,71.85540888,179.63683442,19.51502695,3.31932428,1.17378715
2018-09-25,34.40819313,70.68181303,176.83483963,17.15253311,3.324532,1.02082461
2018-09-26,34.72133157,71.37004816,171.58511497,17.8445315,3.3350792,1.1198149
2018-09-27,34.14223433,70.82448069,169.61372647,19.7479686,3.31325459,1.16341414
2018-09-28,33.8827152,69.65537861,173.84292934,18.32975941,3.27888317,1.02630219
2018-10-01,34.4237191,70.51429366,173.81934552,21.61547238,3.28216782,1.19124851
2018-10-02,34.65886635,70.87909048,173.29696761,18.31733412,3.26073671,0.97877601
2018-10-03,34.78605007,71.47675906,175.16657496,16.77691828,3.27195464,0.96642775
2018-10-04,34.86889931,70.77842591,173.91203848,14.45764655,3.28042043,0.78489432
2018-10-05,35.30990601,72.92390614,178.0701554,14.86410345,3.31066197,0.85525579
2018-10-08,35.51389476,73.23192641,179.53661118,13.7052281,3.3268552,0.84826438
2018-10-09,35.42276962,73.29366144,182.22502955,12.35088983,3.34493747,0.79267032
2018-10-10,35.13058773,72.42585567,184.05169413,15.54558987,3.28300392,0.9477488
2018-10-11,35.23205945,72.94201215,189.86828659,12.20161103,3.26091609,0.75958709
2018-10-12,35.56609823,73.39966696,189.77966089,13.169928,3.32962775,0.80193436
2018-10-15,35.37260331,72.0119296,188.0451166,12.39380915,3.34351477,0.80576938
2018-10-16,35.72598231,73.42278429,186.12501083,12.02360585,3.32175223,0.81604571
2018-10-17,35.95702746,73.7746108,185.1092916,12.80001565,3.3115034,0.81427863
2018-10-18,35.63642761,72.68230405,179.73200622,13.16409185,3.36667142,0.90766709
2018-10-19,34.76023332,71.43836498,179.83893507,21.00073734,3.38437586,1.1441353
2018-10-22,35.12964808,72.59170512,180.79920599,21.32598687,3.39100269,1.24669859
2018-10-23,35.21587854,73.21997781,180.46357482,18.68556478,3.38220898,1.08868379
2018-10-24,35.79994539,73.46723838,185.1377707,21.06546331,3.37740185,1.21750816
2018-10-25,35.3601273,71.76054866,185.51946789,20.21297386,3.43557475,1.22678026
2018-10-26,34.97375794,71.21427055,183.67125541,20.40073343,3.39562304,1.15250725
2018-10-29,34.45450406,70.57017993,179.84071322,19.58487254,3.40492053,1.0925627
2018-10-30,34.52962516,71.0218161,180.03576368,19.03270582,3.34435679,1.08512369
2018-10-31,34.05560574,69.69656347,182.09131755,17.79401648,3.38436845,1.00344316
2018-11-01,33.0002477,67.367631,177.13220759,23.80057579,3.39892037,1.20248627
2018-11-02,32.87411377,66.3396404,174.31114057,21.5849327,3.41844909,1.12508592
2018-11-05,32.95436157,66.22260442,176.68591298,21.69285367,3.38490931,1.2082831
2018-11-06,32.01178288,64.82382326,178.40277346,23.17031253,3.35509215,1.2162965
2018-11-07,31.80565179,63.02163121,176.13312532,22.11266838,3.37005912,1.2540045
2018-11-08,32.48241631,64.68272573,179.76964629,27.513348,3.3699668,1.46189317
2018-11-09,32.64967228,65.66105823,181.08708899,25.9022195,3.37751597,1.39498164
2018-11-12,32.10273228,61.79273335,184.3331064,25.34114657,3.36619109,1.46776007
2018-11-13,31.15073537,59.80868339,186.83942015,27.30083824,3.35418021,1.43689667
2018-11-14,32.07086896,62.06405737,188.88366774,36.11215793,3.33461769,1.90632094
2018-11-15,32.61999866,62.67958045,188.3655063,33.32956482,3.29588974,1.76200691
2018-11-16,32.57876055,61.68355527,187.49812927,31.89106222,3.27772872,1.69959615
2018-11-19,32.58215577,60.74322249,188.61098124,28.89539212,3.21717746,1.47312538
2018-11-20,32.77383499,62.66342776,186.55948699,28.04210265,3.23775721,1.45195376
2018-11-21,32.86834657,62.5434855,186.6209086,23.03181453,3.239519,1.23889331
2018-11-22,31.70081936,60.62762051,187.50993,31.71001955,3.26160661,1.59822737
2018-11-23,31.39115574,59.83136094,187.2421736,29.72362344,3.26076188,1.50616295
2018-11-26,31.57685947,60.79114491,186.46337326,27.76027889,3.19441522,1.47679992
2018-11-27,32.08395746,63.32174224,187.22632134,28.28018929,3.21728845,1.52833154
2018-11-28,31.94075531,63.33802827,186.56602922,25.0702401,3.25242951,1.38492201
2018-11-29,31.9958186,62.77754893,186.00633951,23.75958401,3.2176044,1.3881056
2018-11-30,31.82946507,62.02150639,186.0892797,22.09795843,3.17711802,1.18987577
2018-12-03,31.39099225,60.71643132,189.28289784,21.40289313,3.21868816,1.18441149
2018-12-04,31.02102145,60.1937136,192.6912981,19.61338727,3.19726824,1.04907029
2018-12-05,31.40301145,60.07069103,189.68848749,20.96687793,3.19641966,1.19679246
2018-12-06,31.04198886,58.69807551,192.07376302,20.94531883,3.16054056,1.18234392
2018-12-07,31.68114861,60.42362898,191.71517572,25.54985081,3.16693463,1.39279959
2018-12-10,31.7668978,60.3699921,191.38646036,22.62779634,3.15249839,1.29648551
2018-12-11,32.42316684,61.5265765,191.34469429,23.31155758,3.19471619,1.23298731
2018-12-12,32.20446136,61.43538683,192.28159935,22.8936932,3.2045521,1.1682582
2018-12-13,32.05253378,60.47694189,195.07021898,20.51249061,3.12864546,1.26561665
2018-12-14,32.20892952,60.53748883,194.96134952,20.04527325,3.08885877,1.07518623
2018-12-17,32.20368348,60.51159287,194.1938955,16.36703319,3.09684172,0.93348493
2018-12-18,32.02735195,60.08529065,197.83795248,14.99599506,3.10306494,0.83502307
2018-12-19,32.38298504,59.99455423,199.71791906,17.57808521,3.05842096,0.98517374
2018-12-20,32.40407431,59.97545655,196.8757444,14.57310346,3.05551948,0.79675274
2018-12-21,32.34904609,58.67989191,194.51812853,15.01808123,3.0855161,0.902934
2018-12-24,32.26847898,57.69958807,191.85388726,12.53522348,3.10028234,0.77571538
2018-12-25,32.30274579,58.01599009,194.86012217,10.16253009,3.06356129,0.63077866
2018-12-26,32.45412449,58.5286232,195.58351887,10.91805158,3.07737875,0.67347801
2018-12-27,32.85324802,58.88657711,197.84091883,11.73655705,3.10896813,0.79346778
2018-12-28,32.35415134,58.49997511,194.07993468,16.67028327,3.09108028,0.97061926
2018-12-31,32.24653954,58.418969,192.34815143,14.4379127,3.04956576,0.94105746
2019-01-01,32.44728876,57.57803151,191.43499076,14.01382837,3.08345251,0.92784514
2019-01-02,32.50379386,57.67035076,192.40883946,12.56027861,3.1093968,0.82893674
2019-01-03,31.92123661,56.40506671,193.01162799,15.89267548,3.10011245,1.0125958
2019-01-04,32.23208463,57.21589829,194.2957696,17.92972161,3.08088388,0.98728423
2019-01-07,31.76132016,55.72484666,194.20492496,18.20807653,3.10812343,0.99440584
2019-01-08,32.00978784,56.42936863,194.46666174,18.76681686,3.11729554,1.06979982
2019-01-09,31.09912726,55.33674089,191.72760344,23.98780091,3.14613205,1.31195104
2019-01-10,31.08936658,55.90835658,195.75169393,22.87719918,3.14460725,1.15840812
2019-01-11,30.71558697,54.58667668,198.43234816,21.34380041,3.11274548,1.13996843
2019-01-14,31.50838145,55.98515125,200.32385504,27.21095564,3.1016873,1.4295765
2019-01-15,31.9638154,55.6211529,200.28377938,26.67397552,3.12806833,1.40422714
2019-01-16,32.02922598,56.00877857,201.63898614,25.36538528,3.12777737,1.46801302
2019-01-17,32.24152699,56.28254213,200.46551676,20.62853728,3.11035445,1.2225898
2019-01-18,32.10263508,56.85126783,202.39867622,20.81968993,3.09496574,1.12611422
2019-01-21,32.18848529,57.55137866,207.15307808,26.58371301,3.13372303,1.39375424
2019-01-22,32.14100943,57.05193099,211.6454554,24.1501083,3.1551286,1.30562737
2019-01-23,32.86171786,58.01810623,206.66979363,30.41669809,3.1663461,1.59296865
2019-01-24,32.77372048,59.15456741,204.03624774,28.61146447,3.15113049,1.4089075
2019-01-25,33.48924296,61.6829084,202.76574059,30.87631811,3.09277904,1.57307701
2019-01-28,33.79947148,63.49731034,200.06653447,28.19136838,3.1066968,1.45662931
2019-01-29,33.71496846,62.31475703,199.65226351,25.35362617,3.03916717,1.26225398
2019-01-30,34.06101052,63.64735678,201.66235557,24.62790685,3.07360837,1.40612308
2019-01-31,33.26739696,61.58154065,199.70978892,34.65254594,3.11872925,1.79987312
2019-02-01,32.90800782,60.29333923,197.47275014,34.78178182,3.14445143,1.79990928
2019-02-04,31.27534694,59.6278854,202.23373409,56.35488279,3.12809203,2.85736861
2019-02-05,31.11096781,58.41569327,202.55366794,50.92444447,3.14186233,2.63098504
2019-02-06,30.13535429,55.99097421,197.73598332,51.11579337,3.12166728,2.47708533
2019-02-07,29.91429736,55.77626654,201.5122474,44.37085907,3.09572553,2.27115563
2019-02-08,31.13660912,58.40999793,202.55925631,64.76517908,3.08783176,3.13214694
2019-02-11,30.82243653,56.97744586,202.47743111,59.44665565,3.09990218,2.8905391
2019-02-12,30.81049422,56.38058883,202.87576185,50.06316251,3.1878306,2.4017924
2019-02-13,30.70123257,56.61306842,196.43101557,48.25148771,3.19646357,2.32187077
2019-02-14,30.55231851,56.55234128,197.41340908,44.0637649,3.21233404,2.30009214
2019-02-15,30.33851187,55.48972809,197.11720487,39.9623041,3.17862162,1.9947464
2019-02-18,30.43752541,57.7208677,192.45330751,35.87440214,3.18856556,1.81813158
2019-02-19,30.08409622,56.49447232,203.32214211,33.34881082,3.21511133,1.75773942
2019-02-20,29.87698085,56.29231419,194.8699857,30.99799953,3.2433265,1.6413797
2019-02-21,29.69259045,53.99117936,182.92826211,27.54887846,3.254914,1.49014596
2019-02-22,29.29557469,53.48264355,191.29916132,24.7747134,3.23345379,1.34467571
2019-02-25,28.14289092,51.25296385,198.08220931,39.2252542,3.28768838,2.04556932
2019-02-26,28.0428828,50.50644048,202.2336756,37.11879314,3.30265367,1.89748067
2019-02-27,27.09938492,49.42912044,206.3485885,40.23687123,3.35766803,2.08167874
2019-02-28,27.44569991,50.62461932,205.37492108,44.3420557,3.37757869,2.18963551
2019-03-01,27.46958362,49.98729476,210.56821217,41.5755025,3.41703915,2.16602784
2019-03-04,27.57397269,49.14556798,207.83432082,38.50680968,3.36963536,1.97854691
2019-03-05,27.91319911,50.77510039,214.3953818,39.77714083,3.3445838,1.98604942
2019-03-06,28.21747223,51.47988705,215.65642176,38.34127184,3.35735774,1.92590805
2019-03-07,28.53612559,51.97907235,213.27492286,35.61497826,3.38294523,1.83446844
2019-03-08,29.23850452,54.17292304,201.07396557,39.05930521,3.35919223,2.05950907
2019-03-11,29.10764074,53.68503482,212.21633436,36.06337363,3.30746453,1.78847128
2019-03-12,29.13391129,54.10948249,212.13480165,32.09029775,3.35288567,1.69529214
2019-03-13,29.35792222,54.58145557,203.7517601,30.71807901,3.32612749,1.56831256
2019-03-14,29.15840079,54.88692672,202.947239,29.62148584,3.359661,1.56267397
2019-03-15,28.80805594,53.96708472,207.59631506,28.68341799,3.42257067,1.56427469
2019-03-18,29.14677127,55.0769132,212.47782532,29.16463572,3.41085594,1.42995168
2019-03-19,28.86719327,55.04433378,217.81356604,27.63621477,3.37884178,1.39414188
2019-03-20,28.37068573,54.07522936,223.06728291,30.551804,3.37530515,1.62737156
2019-03-21,28.11253668,53.63142494,213.03482405,27.84990464,3.40971883,1.43360003
2019-03-22,28.06248606,54.27294735,215.80015118,23.67439132,3.36661145,1.28191341
2019-03-25,27.91625047,53.82419532,219.99652972,22.86292079,3.37666006,1.26482818
2019-03-26,28.11444638,54.87763261,231.960754,21.78327494,3.34116857,1.35512832
2019-03-27,27.6246088,54.35423772,233.84765005,24.80880453,3.29852552,1.31975924
2019-03-28,27.79771737,55.1214413,253.57223139,25.19712321,3.26149362,1.33657385
2019-03-29,28.46209816,56.29975649,241.45322822,33.16125585,3.25153463,1.68208436
2019-04-01,27.97627449,54.88649728,250.84215452,34.04461506,3.21087732,1.80745352
2019-04-02,28.12126868,55.35052022,251.63832458,31.79809749,3.21337114,1.62690385
2019-04-03,27.9282153,55.79594424,256.81212238,30.33592912,3.1774852,1.57156092
2019-04-04,27.21133255,54.6882771,264.26948764,36.26146304,3.14351534,1.85069797
2019-04-05,26.92628464,53.50718948,267.11299954,31.55451648,3.09520025,1.63261936
2019-04-08,26.41478156,51.92572108,255.52890237,31.78433358,3.1101619,1.66389756
2019-04-09,25.52579274,50.81474241,256.48680238,37.00705161,3.08603402,1.93366393
2019-04-10,25.28191019,49.85925488,253.6452729,32.73181399,3.08671708,1.75330427
2019-04-11,26.16926526,51.14026653,265.32159777,53.03367607,3.10908067,2.5592573
2019-04-12,26.35688153,51.0132528,265.47153777,48.7553299,3.11260377,2.41941597
2019-04-15,26.6912824,53.01833965,260.43766375,47.82659907,3.10600824,2.37305936
2019-04-16,27.40942912,55.17916097,257.14662807,46.84948683,3.08966205,2.3030851
2019-04-17,27.39519784,55.1249724,255.56818347,44.43946607,3.05276796,2.14128616
2019-04-18,27.06956166,54.65499532,252.29929654,42.84744915,3.07051256,2.08886597
2019-04-19,27.23656323,55.20193624,260.61358746,38.56377282,3.06850245,2.068782
2019-04-22,27.94704938,56.40127502,263.50208741,41.46533968,3.00959351,2.11875493
2019-04-23,28.08809201,56.48488251,269.08092372,37.61461652,2.9870944,1.90774544
2019-04-24,28.24289899,56.92375634,261.00509583,34.95958538,3.02349884,1.78173937
2019-04-25,26.26157862,53.63472686,249.39883267,80.45184204,3.03598927,3.73699283
2019-04-26,25.70882438,52.20191096,245.06467034,73.14080934,3.04536854,3.5157595
2019-04-29,25.89277856,52.5777945,230.61715859,69.00744486,3.07492159,3.32579955
2019-04-30,25.44359655,51.55825497,224.88327874,61.47298409,3.02063625,2.9759141
2019-05-01,24.44400343,50.10414589,225.77722717,64.64977493,3.00809842,3.08256769
2019-05-02,24.7228537,51.34649809,221.34710862,62.79831855,2.99471168,3.08083138
2019-05-03,24.7201634,51.32331743,206.68790536,56.60938921,2.99202704,2.69286147
2019-05-06,24.10799882,49.83866839,197.48670751,52.73607955,3.01644524,2.53514306
2019-05-07,23.57734946,48.59770486,188.71515403,50.5733457,3.00619262,2.52169158
2019-05-08,24.01375323,50.41917708,185.99816851,53.65682707,2.96441256,2.60996925
2019-05-09,23.68301689,50.01892044,186.78932166,51.09906339,2.94958812,2.59231342
2019-05-10,23.87835718,50.87616769,187.66228026,48.18644353,2.93251452,2.41031155
2019-05-13,23.291581,49.18957181,184.82428389,45.34802418,3.00145506,2.25441085
2019-05-14,22.86632495,48.41736071,192.95829309,42.81705261,3.03488688,2.24503478
2019-05-15,23.2197322,49.22082256,201.60842724,45.32227377,3.07214817,2.31099271
2019-05-16,23.04419996,49.14577758,209.20496812,41.87364409,3.12338429,2.17852317
2019-05-17,22.93439852,50.22660268,201.32615593,37.31609406,3.13124507,1.89791051
2019-05-20,22.64264478,50.564687,205.13242923,34.33708236,3.16331478,1.72332787
2019-05-21,22.02514148,49.19286413,211.11665486,36.69213504,3.18669454,1.82099905
2019-05-22,22.27501402,49.55349368,220.63973173,40.56805957,3.20104991,2.03037827
2019-05-23,22.10044617,50.31094333,216.48342189,35.49023514,3.16963373,1.86678181
2019-05-24,22.08297355,48.77977901,207.87211291,33.61339891,3.22881863,1.78894053
2019-05-27,21.8372719,48.60883324,214.90069271,29.53528617,3.23451734,1.52244688
2019-05-28,21.71967904,47.83337911,213.48627283,27.2029559,3.2328246,1.50843878
2019-05-29,21.43229627,47.83174808,204.26513455,24.71761742,3.25939354,1.32602302
2019-05-30,22.09789735,49.32383453,208.30556231,42.50777758,3.27437581,2.20101297
2019-05-31,22.40369151,48.96843031,202.61545275,40.45735168,3.3133695,2.01584617
2019-06-03,23.3200582,50.65791139,198.09570073,51.55482262,3.29661731,2.54301768
2019-06-04,22.74275471,50.52943107,198.03425919,54.81043874,3.23049943,2.62718024
2019-06-05,22.03896039,48.72621275,195.30122642,60.15406134,3.18665863,3.05946991
2019-06-06,21.99187994,47.7690457,201.84316368,55.16894016,3.18571516,2.6677216
2019-06-07,23.12688007,49.8136685,203.61405743,69.33307307,3.20087644,3.35672245
2019-06-10,22.37882279,48.80289188,194.23596671,73.15931299,3.2571351,3.49205667
2019-06-11,23.38032152,50.41353699,196.1569559,78.71938879,3.23992002,3.77058372
2019-06-12,24.23406643,52.13637423,210.83087989,75.68485124,3.24365513,3.62617934
2019-06-13,23.8489666,51.71594125,217.21415315,74.06094616,3.21650801,3.59148603
2019-06-14,24.76058856,52.36719466,220.91252101,72.46486954,3.23416229,3.45800339
2019-06-17,24.65560554,51.33050826,226.25439119,67.04254958,3.27159214,3.29191985
2019-06-18,24.89204452,50.87334518,239.58205083,61.17806851,3.30598986,3.03758912
2019-06-19,25.09448143,51.68425447,233.19364563,56.79433463,3.28675786,2.74479009
2019-06-20,25.14667625,52.88326774,239.4094526,50.46366499,3.25616298,2.53967386
2019-06-21,24.63137938,51.60994322,232.77171571,53.4512561,3.22710171,2.64861
2019-06-24,24.90242624,52.74489599,220.60061757,48.72991049,3.23535395,2.33200431
2019-06-25,25.42999285,53.33735136,213.96968445,46.38390859,3.18496499,2.35384447
2019-06-26,24.7714098,52.90020056,208.93894594,52.20429134,3.23134345,2.56040568
2019-06-27,25.43218178,52.62485269,213.35238879,51.21979705,3.26153548,2.56021191
2019-06-28,24.62820833,52.26289644,208.65150261,60.63056369,3.29160592,2.94535343
2019-07-01,25.52788481,53.85625217,209.69680895,63.66135305,3.2780431,3.10067406
2019-07-02,25.67417853,54.14066529,209.70006283,58.39013269,3.2919008,2.89290036
2019-07-03,25.91993993,54.23273927,210.24176253,51.65108628,3.34565727,2.58728014
2019-07-04,25.6724679,53.61268128,209.38883026,49.39273457,3.35355057,2.4229949
2019-07-05,24.91700396,53.23969619,199.65792992,54.97884431,3.3833368,2.62346539
2019-07-08,24.81572828,53.22435435,201.41898683,49.78316131,3.39801419,2.45556843
2019-07-09,24.81058721,53.55777978,198.87262411,45.83952736,3.45387524,2.30205501
2019-07-10,24.33081654,52.39199301,200.03492637,42.5242022,3.44647231,2.13717513
2019-07-11,24.91243199,53.93418679,194.07064418,47.31999979,3.36887407,2.31224833
2019-07-12,24.92203602,54.41917884,192.19886134,44.01844826,3.3850129,2.22505617
2019-07-15,25.52612584,55.56811909,196.3760522,43.8212406,3.37318265,2.29981855
2019-07-16,26.0189449,57.3554612,202.77862791,43.96965168,3.33004933,2.09561029
2019-07-17,25.52963817,55.75968133,202.80684149,46.41645197,3.31393197,2.26546013
2019-07-18,24.89063097,52.71872935,205.86219685,48.55250048,3.28954183,2.40682694
2019-07-19,23.34180854,49.21257683,201.2738448,71.98862246,3.30066546,3.50744344
2019-07-22,24.3180949,50.41872279,203.55559011,83.42347207,3.31794869,4.02227509
2019-07-23,24.25210967,51.51415118,194.95926531,74.80409316,3.2880164,3.6387121
2019-07-24,23.84454225,50.58766365,189.61101266,69.71449196,3.25872984,3.43190821
2019-07-25,23.36754538,50.55331189,188.49930521,63.37356655,3.29261071,3.15587377
2019-07-26,23.09969933,50.56229258,197.8404775,57.95950895,3.25988351,2.83831335
2019-07-29,21.87172707,47.14634865,194.16657804,67.8310251,3.28489892,3.26447572
2019-07-30,21.87521245,47.86203658,204.37736841,63.35433609,3.27635217,2.98479973
2019-07-31,21.74231778,46.55468029,207.73934166,58.32705518,3.24664764,2.89032841
2019-08-01,21.18416566,45.2118984,202.41591931,53.57115719,3.25591148,2.69790935
2019-08-02,20.54994695,44.6676058,208.7819247,51.50313781,3.24787708,2.54195628
2019-08-05,18.85380523,40.50720536,211.26335298,77.83308048,3.16325951,3.77630863
2019-08-06,19.23278439,42.80557738,209.57893057,85.7341272,3.16284692,4.06757307
2019-08-07,19.42059945,42.80916488,208.8495171,82.15649235,3.12068943,3.93391818
2019-08-08,19.51950493,43.60683116,216.62078467,75.11627454,3.08926812,3.56450145
2019-08-09,19.68804943,43.55627968,206.41818753,73.79463318,3.00208442,3.64823526
2019-08-12,19.34735531,42.49332192,198.39902531,64.90028803,3.04296767,3.22926716
2019-08-13,18.71075397,40.48803312,197.90483137,63.63825651,3.0471308,3.01579848
2019-08-14,18.81321707,41.48520892,205.21979789,59.83484617,3.02242385,2.93342845
2019-08-15,19.0371684,42.79821507,201.34209815,57.98463778,3.0393874,2.83839061
2019-08-16,18.67916533,42.56515183,206.59444366,53.39122991,3.04212318,2.63619804
2019-08-19,18.76551926,42.72204712,215.68470085,51.14952323,3.03254185,2.57821669
2019-08-20,18.33691165,41.60861133,218.99245017,46.96097293,3.00689953,2.32844166
2019-08-21,18.70564082,42.64102087,212.78227565,50.75326525,3.00102636,2.54273128
2019-08-22,18.51646118,41.12828958,213.63149954,46.81209513,3.0114704,2.31776619
2019-08-23,17.88341544,40.61158626,209.31876161,50.39086044,3.03762055,2.61243293
2019-08-26,17.57408638,39.24320027,216.47869119,44.18822806,3.02696733,2.19072827
2019-08-27,17.17029989,39.41864909,215.41232204,42.89857617,3.02798837,2.1030444
2019-08-28,18.28501272,41.48735608,217.57846327,81.58531303,3.04629686,3.91869319
2019-08-29,16.99703958,39.50874818,215.22732261,100.76874309,3.07346974,4.70541017
2019-08-30,17.09927502,39.04908286,210.63609305,91.57683746,3.0884804,4.31409762
2019-09-02,18.25515974,41.31305724,211.38368806,109.67174548,3.07556487,5.14649794
2019-09-03,17.86737357,41.71015454,222.10815834,100.85869388,3.08349572,4.76294956
2019-09-04,18.78124395,44.1505829,213.18898891,103.54520653,3.08348403,4.89533901
2019-09-05,18.08474292,43.10833501,213.93405414,103.18466828,3.12086626,4.87650752
2019-09-06,18.84680747,44.50954897,213.81438213,99.32106704,3.09525209,4.69283553
2019-09-09,18.42952548,42.86139117,207.02454456,94.59970412,3.11338907,4.52936747
2019-09-10,17.62382386,41.97904708,199.60519577,96.04444616,3.12161315,4.54592854
2019-09-11,17.76688567,43.29702027,188.09999393,86.986033,3.11730386,4.17990778
2019-09-12,17.73753603,41.96516078,187.8859259,81.04831211,3.12661571,3.89477228
2019-09-13,18.92589339,44.186394,185.26572641,95.78330961,3.1112732,4.56223626
2019-09-16,19.3547566,47.02521369,194.62911821,88.37747952,3.07274839,4.13657612
2019-09-17,19.49209069,47.31857272,195.06502327,79.40973325,3.12568597,3.77283912
2019-09-18,20.52020141,50.08808692,193.21048691,80.57559185,3.16334588,3.88979654
2019-09-19,20.03337911,48.74766705,195.53893657,84.24950014,3.16039546,4.0162708
2019-09-20,20.39478533,49.53148578,193.9494601,76.12459664,3.20872104,3.59785047
2019-09-23,21.3669615,51.21512182,192.3051686,75.04082541,3.23892942,3.64400448
2019-09-24,20.76290464,49.29890563,188.26283356,81.19194641,3.21570067,3.91226313
2019-09-25,21.54805856,49.99891962,190.48073942,78.50700322,3.23386861,3.7745238
2019-09-26,21.10284174,48.71095852,192.60259972,77.07039577,3.23495575,3.67426619
2019-09-27,21.45058068,48.46699088,189.25777743,71.47459427,3.22030205,3.48121306
2019-09-30,20.67234706,48.2630139,185.33040728,77.44801188,3.21220161,3.70446134
2019-10-01,19.35213885,45.39036394,196.32183166,95.04429189,3.22137434,4.48490817
2019-10-02,19.71194253,47.71018312,204.84044947,90.75251307,3.24082415,4.33555088
2019-10-03,19.96195655,48.6202551,202.43390418,81.8065536,3.25034602,3.87896671
2019-10-04,21.03624669,51.02756822,208.91183746,91.31335016,3.24559157,4.37069648
2019-10-07,21.28163727,51.80134865,199.63404173,82.3216572,3.20817752,3.92226376
2019-10-08,19.89987834,52.27510726,195.55838955,101.59359623,3.19008268,4.82509896
2019-10-09,20.13045679,52.5046433,199.47425246,94.84242902,3.208383,4.42647832
2019-10-10,21.16374331,54.58017999,197.94705463,97.20621331,3.20482621,4.57712532
2019-10-11,20.68756406,53.61736078,197.60268323,93.16600303,3.19725131,4.37770756
2019-10-14,22.05163965,55.491969,202.6065384,102.06752805,3.18456481,4.75085904
2019-10-15,22.69067156,56.78980831,206.00857782,91.7285386,3.18635305,4.41974322
2019-10-16,22.97437273,56.05672957,204.14487207,84.69929847,3.15393228,4.01591556
2019-10-17,22.8954282,57.58047693,207.68268769,78.71470262,3.14043226,3.79302666
2019-10-18,22.70260334,57.35170843,211.91997322,73.85491379,3.09640432,3.49313338
2019-10-21,23.19037514,56.93635535,213.42567531,66.86764591,3.14954817,3.21026804
2019-10-22,23.24864312,58.40108345,214.63339793,61.29557347,3.16017929,3.07647991
2019-10-23,22.14510485,56.72821486,216.57744635,78.09852056,3.14101087,3.83226675
2019-10-24,20.99564756,53.52106634,221.76948903,85.83806995,3.14396662,4.09965643
2019-10-25,21.10772945,53.71258368,221.54700545,79.0738338,3.16717627,3.81205427
2019-10-28,21.5255803,55.97014322,224.31553974,76.4966681,3.23006309,3.58976997
2019-10-29,21.60694219,59.74840499,226.89624914,67.95121609,3.25872478,3.32081162
2019-10-30,21.71550595,60.69620331,228.82279582,62.0848984,3.22454816,3.0586412
2019-10-31,22.00602954,60.72008804,224.64713276,57.75779127,3.23849138,2.86902912
2019-11-01,22.19451232,61.85092712,227.9843231,53.04464674,3.27315145,2.62707493
2019-11-04,21.52722112,60.29775958,231.28016397,57.59528365,3.28042651,2.79030508
2019-11-05,20.92704592,57.09698132,229.57885024,57.64060672,3.23300344,2.7678228
2019-11-06,20.27135798,53.70958958,229.19022771,56.47315917,3.1932994,2.72392505
2019-11-07,20.22797119,55.18639927,228.4044766,51.76246345,3.26273167,2.51195685
2019-11-08,19.0214101,50.94253105,224.3277422,66.18964288,3.27510802,3.24517067
2019-11-11,18.97959519,50.92325399,231.61568624,62.75898319,3.24590486,3.11974696
2019-11-12,19.58725923,52.81886935,238.53608662,71.42017546,3.20976167,3.36526982
2019-11-13,21.22297668,56.31845612,236.49483427,104.1659855,3.15595655,4.88465112
2019-11-14,22.51464325,61.33591742,236.08164767,105.70562104,3.13866096,4.95867883
2019-11-15,22.11286287,61.93395617,239.35779819,101.89530043,3.11632759,4.78015878
2019-11-18,20.56082963,57.68095521,239.57850923,121.90326956,3.09091468,5.7432383
2019-11-19,18.62815098,51.48390136,233.00882228,139.72730164,3.14065988,6.55962108
2019-11-20,19.10499665,51.7174297,240.90854167,133.59678082,3.19686162,6.25307884
2019-11-21,19.94821979,54.36345024,235.45247511,133.73162113,3.18485724,6.20984328
2019-11-22,19.88911972,54.04780046,231.24981068,121.78303084,3.11689024,5.71261986
2019-11-25,20.90937112,57.17196741,229.20798608,119.05094672,3.07127401,5.53062325
2019-11-26,19.14272488,51.51908052,229.84250189,140.37993128,3.0843907,6.48400901
2019-11-27,16.37317527,44.65719987,231.32077678,186.67704245,3.12571842,8.63046407
2019-11-28,16.58738469,43.10191099,235.2590836,175.07969508,3.08969571,8.12674359
2019-11-29,17.23818504,44.52954809,234.74466224,169.16308763,3.07613468,7.80981535
2019-12-02,17.37293692,43.49569118,230.57170897,155.432125,3.07200312,7.22878084
2019-12-03,18.08919426,44.64333695,230.47387131,102.17059458,3.10174962,4.85104984
2019-12-04,18.10563166,44.60245645,230.86236442,92.1974566,3.11105136,4.42958739
2019-12-05,17.96330359,45.45099487,227.76162056,84.90277659,3.1052529,4.03281471
2019-12-06,17.80797641,45.70569127,227.34491708,75.76122693,3.07192764,3.60582235
2019-12-09,17.12618871,44.86033335,227.28800884,72.22614503,3.09579931,3.47161938
2019-12-10,16.58383073,43.43732448,222.25732081,66.59063427,3.10504627,3.24126949
2019-12-11,16.08170817,43.02747883,221.1685638,62.05657131,3.07148017,2.97684921
2019-12-12,16.03086417,42.65734265,220.12041694,56.04189676,3.01993043,2.74082273
2019-12-13,16.16799735,43.29299814,223.74414831,53.04433655,3.0837276,2.61694916
2019-12-16,16.62145405,43.56943556,224.56872692,54.01041899,3.02605274,2.59207462
2019-12-17,16.57106826,42.29467189,223.8399192,48.90041057,3.03671544,2.4424323
2019-12-18,16.73133851,42.85365984,224.5806424,44.99286387,3.01327791,2.19270083
2019-12-19,17.03930927,44.52402422,223.95534257,42.65817966,2.98999832,2.16923663
2019-12-20,17.28458266,43.90564557,223.81732849,39.23065554,2.98613345,1.92600298
2019-12-23,17.38859738,44.49114544,223.31314322,34.59307623,3.03426753,1.72246392
2019-12-24,17.46592573,44.82206656,225.65962549,32.84423944,3.04697285,1.76139785
2019-12-25,17.41545133,45.1114786,225.74954396,29.10327379,3.03185194,1.48971203
2019-12-26,17.35953388,45.05830761,224.34519159,26.78919268,3.07719391,1.37769995
2019-12-27,17.11808768,44.21869804,222.60185525,25.68940172,3.03951647,1.41456996
2019-12-30,17.23198826,44.98896458,224.35388246,24.02526574,3.06747695,1.24718802
2019-12-31,17.39135915,45.34556573,224.00405434,22.32920642,3.10010424,1.23583218
2020-01-01,17.3078282,45.50215045,220.36189224,21.09242953,3.09866521,1.21907564
2020-01-02,17.59951356,47.14021903,218.32087219,21.04416121,3.10432079,1.1428198
2020-01-03,17.83196932,48.05248901,219.05833716,20.37869443,3.12501071,1.12752815
2020-01-06,18.10623736,48.48939547,216.06264203,17.94146234,3.17991577,1.03517643
2020-01-07,18.38306951,48.97533778,219.11505273,19.16298123,3.21301847,1.14189707
2020-01-08,18.57175405,49.70026622,215.98950651,17.72160129,3.19687674,0.99395985
2020-01-09,18.54680266,50.15582214,217.09391236,15.737963,3.18596831,0.88517122
2020-01-10,19.27005292,51.60392713,216.4985172,23.98313079,3.16479206,1.29755256
2020-01-13,19.00382821,50.77687038,221.09749894,29.25280443,3.12631558,1.54765737
2020-01-14,18.67023253,50.16531584,221.19937684,30.38356985,3.10712992,1.64131775
2020-01-15,18.69594824,50.73181291,218.77928011,25.5613027,3.07749883,1.33806522
2020-01-16,18.42751418,51.13905592,218.35592593,28.38651435,3.04625726,1.49890835
2020-01-17,18.68697374,51.77681863,216.39346576,25.25095905,3.06210719,1.3034633
2020-01-20,18.4124408,50.98015258,218.64721251,26.9687815,3.07110289,1.46576515
2020-01-21,18.18782351,50.83370143,218.46606958,26.46915912,3.08068398,1.38103953
2020-01-22,18.14147719,49.28380372,218.02485898,22.75439402,3.09675588,1.28613488
2020-01-23,18.11636951,49.79775666,220.73346825,20.13227736,3.11561133,1.164871
2020-01-24,17.94400914,48.71922698,219.78099709,18.39476083,3.11927028,1.04478887
2020-01-27,18.06409855,49.510146,221.58497919,17.2627801,3.13662116,0.91985018
2020-01-28,18.08165501,49.45132041,219.48906793,16.93453346,3.09130751,1.00190784
2020-01-29,18.27225542,49.19247169,220.58384369,16.63989362,3.09173012,1.01576077
2020-01-30,18.21195072,48.98274062,223.11532298,14.70678222,3.08432104,0.81562058
2020-01-31,18.05282029,48.04378667,224.25378756,15.5905909,3.11362274,0.90851532
2020-02-03,18.06909053,48.06214087,222.75996679,13.79300628,3.11270004,0.80282476
2020-02-04,18.29233835,48.60524555,226.34541,14.68207236,3.07882043,0.79657131
2020-02-05,18.24571397,48.6803271,222.64138393,14.41065723,3.11696697,0.80392331
2020-02-06,18.04110533,47.84271815,220.96047059,13.50348093,3.10457015,0.85826697
2020-02-07,17.81172041,46.50307716,222.79722141,15.2684138,3.12510503,0.79524332
2020-02-10,17.6079637,45.88773422,223.20175851,14.08379295,3.14569745,0.87114746
2020-02-11,17.06454483,43.94400281,221.23747597,21.18041321,3.16545707,1.11440943
2020-02-12,16.61194502,42.19252026,220.8877737,21.7781976,3.19169773,1.19634564
2020-02-13,16.46028017,41.71484736,218.31461563,21.00016945,3.16686941,1.1843179
2020-02-14,16.69481985,42.19858863,219.09279678,26.06989298,3.12790564,1.37214807
2020-02-17,16.76428295,41.8231414,223.22516118,22.85852188,3.12191981,1.18169775
2020-02-18,16.45460105,40.93083733,224.9974565,23.69215931,3.06478015,1.17748466
2020-02-19,16.47013945,40.86140134,224.00988296,22.05617742,3.0976312,1.27294627
2020-02-20,16.57098272,41.14515306,226.66930258,21.14304918,3.10613503,1.11999803
2020-02-21,16.68024211,41.45221558,224.9681088,21.21693885,3.09747847,1.13380828
2020-02-24,16.22096698,39.99523473,223.10576318,26.22504703,3.06835574,1.35068801
2020-02-25,15.98767949,39.45136606,220.93493168,21.57930344,3.01935254,1.27763415
2020-02-26,16.29285715,39.53395837,221.47201418,27.22384448,3.06296241,1.48615627
2020-02-27,16.25689348,39.50368854,220.80818224,24.98348485,3.07947537,1.30112959
2020-02-28,16.03455281,39.33991847,220.23500338,23.09089798,3.05176602,1.2077082
